lat,long,elevation,slope,aspect,curvature,twi
26.068230303570854,-98.07958780223456,29,1,270,-2,8.607715418818213
26.066148097293244,-97.79656338367415,21,1,90,5,8.607715418818213
26.06351128634436,-97.51357413124066,9,1,312,-1,8.607715418818213
26.326382281740223,-98.6449345463962,71,3,0,3,7.545104852168523
26.325398957006225,-98.36124584985556,62,3,48,0,7.545104852168523
26.32385436170937,-98.0775759609354,26,1,270,-1,8.607715418818213
26.321748670056166,-97.79393322843316,16,4,132,3,7.261413878822431
26.319082119489444,-97.51032599637756,10,2,90,2,7.941743691836643
25.211173202182295,-81.12823740822891,9,1,180,-6,8.607715418818213
26.582452100124907,-98.92847591759272,118,0,0,0,11.522875795823397
26.582025430364148,-98.64414956592476,144,1,312,4,8.607715418818213
26.581031090791555,-98.35983377012133,77,3,180,0,7.545104852168523
26.57946919388659,-98.0755369624235,24,0,0,-5,11.522875795823397
26.57733991630652,-97.79126757170684,19,2,270,-2,7.941743691836643
26.574643498834163,-97.50703402198867,10,1,90,-7,8.607715418818213
25.454440806414347,-81.09124651682433,6,2,270,-2,7.941743691836643
25.420415912706183,-80.8235718359756,2,3,200,6,7.545104852168523
25.38594679780652,-80.55638460453466,8,3,132,0,7.545104852168523
26.837948211552263,-99.21328014285032,105,5,270,-1,7.040188830991998
26.838090829133403,-98.92831601491416,149,1,48,0,8.607715418818213
26.837659412383758,-98.64335402927684,154,3,180,-6,7.545104852168523
26.836654010248992,-98.3584027017205,68,2,0,0,7.941743691836643
26.83507473678669,-98.07347054612065,23,1,270,1,8.607715418818213
26.832921771132373,-97.78856607292376,10,3,0,8,7.545104852168523
25.73159342653067,-81.32241773293613,10,1,132,2,8.607715418818213
25.69764953398933,-81.05377391882476,3,1,270,1,8.607715418818213
25.663253344149783,-80.78561595838018,5,2,151,2,7.941743691836643
25.628408297385175,-80.5179496408059,6,1,270,6,8.607715418818213
27.09357615795765,-99.21376226874436,161,2,270,-1,7.941743691836643
27.093720351678204,-98.92815396987292,191,2,270,3,7.941743691836643
27.093284167134705,-98.64254783423016,146,1,0,-1,8.607715418818213
27.09226765395775,-98.3569524607916,89,2,246,1,7.941743691836643
27.090670927800883,-98.0713764465898,29,4,209,12,7.261413878822431
27.08849417030608,-97.78582838516306,16,2,114,-13,7.941743691836643
26.00896189655357,-81.5545738682424,5,3,0,5,7.545104852168523
25.975110453163214,-81.28495256827954,3,1,48,5,8.607715418818213
25.94079856828709,-81.01581545528191,8,5,167,-5,7.040188830991998
25.90602969485011,-80.74716842597009,6,1,180,-3,8.607715418818213
25.87080731842684,-80.479017304657,6,1,0,3,8.607715418818213
25.83513495639822,-80.2113678428405,9,4,228,2,7.261413878822431
27.34846232078764,-99.5005054008308,120,1,48,-3,8.607715418818213
27.3491948313165,-99.21425083096936,135,0,0,4,11.522875795823397
27.349340608163203,-98.92798976153784,275,2,294,5,7.941743691836643
27.348899634691584,-98.6417308766555,175,3,21,8,7.545104852168523
27.34787196122504,-98.35548286004357,94,3,159,4,7.545104852168523
27.34625770503141,-98.06925439344312,42,3,48,-6,7.545104852168523
27.344057050287915,-97.78305415503428,11,1,228,-12,8.607715418818213
27.341270248025896,-97.4968908178566,0,0,0,0,11.522875795823397
26.286531874333413,-81.78773517354954,9,3,312,3,7.545104852168523
26.252784442539625,-81.5171279660387,12,2,0,12,7.941743691836643
26.218568357511938,-81.24700320466118,6,5,193,1,7.040188830991998
26.183887083611275,-80.97736689598466,6,1,0,0,8.607715418818213
26.14874411904452,-80.7082249734247,6,0,0,1,11.522875795823397
26.11314299501008,-80.43958329681125,4,2,209,3,7.941743691836643
26.077087274841077,-80.17144765198064,5,3,340,-5,7.545104852168523
27.604063671530284,-99.50166185314924,145,1,228,-5,8.607715418818213
27.604804172670523,-99.21474589296176,206,1,228,-6,8.607715418818213
27.60495153974051,-98.92782336858723,219,1,270,-9,8.607715418818213
27.604505755872424,-98.64090305048045,205,3,48,1,7.545104852168523
27.603466872090465,-98.3539937086904,115,2,246,7,7.941743691836643
27.601835007295502,-98.06710411124809,49,2,209,-4,7.941743691836643
27.59961034822933,-97.78024302255471,22,2,246,3,7.941743691836643
27.59679314941844,-97.49341920177216,13,0,0,1,11.522875795823397
26.56428887465643,-82.0219221857455,5,2,90,-1,7.941743691836643
26.53065713182232,-81.75032058171554,12,1,228,5,8.607715418818213
26.49654845699054,-81.47919960558549,12,4,344,4,7.261413878822431
26.461966324810124,-81.20856537614912,11,4,151,2,7.261413878822431
26.426914244997658,-80.93842393830583,8,1,48,-4,8.607715418818213
26.391395761471767,-80.66878126259988,6,2,270,-4,7.941743691836643
26.35541445148493,-80.39964324478598,5,2,246,-1,7.941743691836643
26.31897392475284,-80.13101570542119,10,3,253,-11,7.545104852168523
27.85830759032372,-99.79040427221835,186,1,229,1,8.607715418818213
27.85965559583793,-99.5028336393724,212,2,270,2,7.941743691836643
27.860404123812504,-99.21524751934248,148,2,270,1,7.941743691836643
27.860553088314976,-98.92765476930134,142,2,180,-1,7.941743691836643
27.860102472243145,-98.64006424765218,171,2,180,-2,7.941743691836643
27.8590523273302,-98.35248481238452,120,1,229,0,8.607715418818213
27.857402774129163,-98.06492531943076,64,1,180,9,8.607715418818213
27.855154001976388,-97.77739462102316,31,0,0,-10,11.522875795823397
26.84221826751823,-82.2571557305607,3,2,0,-4,7.941743691836643
26.80871400637913,-81.98455117570857,7,0,0,1,11.522875795823397
26.774724468033373,-81.7124253497464,11,1,180,-5,8.607715418818213
26.740253136237477,-81.44078448612221,9,2,294,6,7.941743691836643
26.70530353106256,-81.16963474365072,15,2,294,-6,7.941743691836643
26.66987920801799,-80.89898220602399,8,4,301,0,7.261413878822431
26.63398375717188,-80.62883288134934,6,0,0,-5,11.522875795823397
26.59762080226881,-80.35919270171426,7,0,0,1,11.522875795823397
26.56079399984526,-80.09006752277838,9,3,143,0,7.545104852168523
28.11387550886344,-99.79227040677064,199,0,0,5,11.522875795823397
28.115238035687742,-99.50402091325851,203,1,131,2,8.607715418818213
28.11599462729089,-99.21575577593946,124,1,131,-7,8.607715418818213
28.116145196548757,-98.92748394155456,91,1,180,-2,8.607715418818213
28.11568972612197,-98.63921435809948,95,3,0,-6,7.545104852168523
28.114628268461143,-98.3509559731481,148,4,270,2,7.261413878822431
28.11296094579093,-98.06271773217702,81,1,49,1,8.607715418818213
28.110687950072947,-97.77450857689068,44,1,0,4,8.607715418818213
28.107809542947432,-97.48633744354854,24,2,66,-8,7.941743691836643
27.086940405475623,-82.21984080205846,8,0,0,11,11.522875795823397
27.053081846327917,-81.94670142442816,14,5,180,-6,7.040188830991998
27.018733090566045,-81.67404514299962,17,1,270,3,8.607715418818213
26.98389766742737,-81.401878232985,19,1,180,5,8.607715418818213
26.94857914284954,-81.13020689370931,9,1,48,2,8.607715418818213
26.91278111857994,-80.85903724811936,3,0,0,0,11.522875795823397
26.876507231281884,-80.5883753423205,10,1,0,-10,8.607715418818213
26.83976115163813,-80.31822714514112,9,2,209,7,7.941743691836643
28.36744443917853,-100.08307358961947,224,1,270,7,8.607715418818213
28.369433818378845,-99.79416112970868,190,2,90,-2,7.941743691836643
28.370810933808567,-99.50522383143996,141,3,229,-8,7.545104852168523
28.37157562641414,-99.2162707298113,122,1,49,6,8.607715418818213
28.371727807865668,-98.92731086280774,123,1,270,-5,8.607715418818213
28.37126746058376,-98.63835326969348,117,1,90,3,8.607715418818213
28.37019463774498,-98.34940698930264,55,2,330,-4,7.941743691836643
28.36850946326558,-98.06048105833096,54,1,49,5,8.607715418818213
28.366212131763717,-97.77158450962804,67,2,90,6,7.941743691836643
28.363302908500057,-97.48272637049163,35,0,0,-5,11.522875795823397
28.359782129296995,-97.19391566096498,22,3,37,0,7.545104852168523
28.355650200436266,-96.9051613921372,7,2,246,1,7.941743691836643
27.36532152046945,-82.45621081128722,14,2,270,-9,7.941743691836643
27.33160590013144,-82.18204911546367,17,1,0,-5,8.607715418818213
27.297391613542697,-81.90836856438379,22,1,48,-2,8.607715418818213
27.26268219788456,-81.63517555219032,30,1,270,2,8.607715418818213
27.22748122832689,-81.36247639637843,27,0,0,0,11.522875795823397
27.191792317126627,-81.09027733727451,18,14,26,1,6.000299329861114
27.15561911272255,-80.81858453754336,3,0,0,0,11.522875795823397
27.118965298827128,-80.54740408172394,15,2,294,5,7.941743691836643
27.081834593515484,-80.27674197579343,14,2,209,-9,7.941743691836643
28.620342810712582,-100.37526056392272,244,4,120,-4,7.261413878822431
28.622971909337185,-100.08568573630306,214,1,270,2,8.607715418818213
28.624982461295268,-99.79607669178702,166,2,270,-2,7.941743691836643
28.62637423368484,-99.5064425534793,194,2,66,2,7.941743691836643
28.62714706525504,-99.21679244927115,156,2,114,-7,7.941743691836643
28.627300866455563,-98.92713551010004,134,2,0,-5,7.941743691836643
28.626835619464188,-98.63748086820752,107,2,0,0,7.941743691836643
28.625751378192145,-98.34783765539694,92,1,49,3,8.607715418818213
28.624048268267654,-98.0582150012908,93,2,270,0,7.941743691836643
28.6217264869974,-97.76862203158962,113,1,311,1,8.607715418818213
28.618786303306056,-97.4790678663326,74,1,270,1,8.607715418818213
28.61522805765396,-97.18956161816122,35,1,90,2,8.607715418818213
28.611052161932808,-96.90011239058644,2,2,210,3,7.941743691836643
27.610281788423837,-82.41849001017339,14,2,66,-1,7.941743691836643
27.57621398214001,-82.1437762714415,40,3,90,-3,7.545104852168523
27.54164251798218,-81.86954815267768,36,0,0,9,11.522875795823397
27.506570979122035,-81.59581209213714,27,7,334,3,6.70452216925573
27.47100298712221,-81.32257445011948,16,2,151,1,7.941743691836643
27.434942201019947,-81.04984150844517,18,1,228,7,8.607715418818213
27.398392316407275,-80.77761946996122,23,1,132,7,8.607715418818213
27.36135706450799,-80.5059144580761,15,3,48,-6,7.545104852168523
28.875832640708214,-100.3786122818303,269,1,180,0,8.607715418818213
28.87848955579309,-100.08833210097058,199,5,319,3,7.040188830991998
28.880521380782,-99.79801734845488,210,5,0,-4,7.040188830991998
28.881927879560905,-99.5076772419268,197,2,90,7,7.941743691836643
28.88270888865496,-99.21732100391144,162,1,131,3,8.607715418818213
28.8828643172787,-98.9269578600406,149,1,90,-3,8.607715418818213
28.88239414736401,-98.63659703727622,154,3,143,-6,7.545104852168523
28.881298433565792,-98.3462477621331,90,1,229,-5,8.607715418818213
28.879577303245004,-98.05591925890202,128,2,66,-8,7.941743691836643
28.87723095642957,-97.76562074787394,76,8,306,-7,6.570477324756705
28.87425966575265,-97.47536144356604,93,3,90,-12,7.545104852168523
28.87066377636885,-97.185150552951,61,2,330,1,7.941743691836643
28.86644370584798,-96.89499727368978,30,3,74,0,7.545104852168523
28.861599944046667,-96.60491079236938,16,0,0,-1,11.522875795823397
28.856133052957876,-96.31490028274604,11,1,270,-2,8.607715418818213
28.85004366653829,-96.02497490399494,9,6,214,12,6.858642093395692
28.843332490513863,-95.7351437989672,13,3,159,9,7.545104852168523
27.88909451901984,-82.65604600028244,4,3,270,-5,7.545104852168523
27.855185322666685,-82.38029009194517,8,1,49,5,8.607715418818213
27.8207638731335,-82.10501779455,32,2,29,-8,7.941743691836643
27.785833760328178,-81.83023566975487,50,3,254,-5,7.545104852168523
27.75039861388043,-81.55595020048042,29,0,0,0,11.522875795823397
27.714462102214377,-81.28216779035414,39,1,132,-4,8.607715418818213
27.678027931617223,-81.00889476318488,21,1,132,5,8.607715418818213
27.64109984530449,-80.73613736246702,14,7,106,-11,6.70452216925573
27.603681622482103,-80.4639017509146,14,4,29,-9,7.261413878822431
29.069827340735237,-103.2879920144472,709,3,159,5,7.545104852168523
29.12799623963814,-100.67295828893327,260,0,0,-2,11.522875795823397
29.1313124562046,-100.38200778378736,300,2,114,-2,7.941743691836643
29.133997320887303,-100.09101303840318,299,2,150,3,7.941743691836643
29.136050520755816,-99.7999833599488,283,0,0,1,11.522875795823397
29.13747181644482,-99.50892806237934,235,3,90,3,7.545104852168523
29.1382610422281,-99.21785646462888,224,2,0,4,7.941743691836643
29.138418106069867,-98.92677788880025,198,3,49,1,7.545104852168523
29.137942989653137,-98.63570165835291,211,1,90,-10,8.607715418818213
29.136835748385604,-98.34463709629048,180,3,21,2,7.545104852168523
29.135096511382223,-98.05359352334794,139,2,30,-2,7.941743691836643
29.13272548142549,-97.76258025618054,113,1,270,-3,8.607715418818213
29.12972293490261,-97.47160660555456,87,1,90,11,8.607715418818213
29.126089221719926,-97.18068187454108,77,1,180,9,8.607715418818213
29.121824765194983,-96.88981535671364,50,1,90,-6,8.607715418818213
29.116930061925483,-96.59901633435092,30,1,90,-1,8.607715418818213
29.111405681636157,-96.30829407664498,28,3,131,3,7.545104852168523
29.10525226700287,-96.01765783791627,27,3,323,4,7.545104852168523
29.09847053345456,-95.7271168558362,14,0,0,5,11.522875795823397
29.091061268952863,-95.43668034965818,20,1,131,2,8.607715418818213
28.1342906088361,-82.61793216329346,17,1,131,-1,8.607715418818213
28.100031356684024,-82.34160654974882,19,1,0,-2,8.607715418818213
28.065254785526356,-82.06576913193473,38,1,0,5,8.607715418818213
28.029964531785584,-81.79042651809505,39,3,229,-10,7.545104852168523
27.9941642720258,-81.5155852363715,38,1,49,-9,8.607715418818213
27.957857722010072,-81.24125173424521,13,0,0,0,11.522875795823397
27.921048635753927,-80.967432378009,21,2,270,2,7.941743691836643
27.883740804575385,-80.69413345227046,8,4,331,-3,7.261413878822431
29.30463135426678,-103.87990639045638,779,5,193,-20,7.040188830991998
29.31495763118379,-103.58934117952934,811,1,90,11,8.607715418818213
29.32465432103505,-103.29862878442222,1246,5,303,-9,7.040188830991998
29.33372029778512,-103.0077784141075,951,3,180,3,7.545104852168523
29.379442828634904,-100.96874124651303,294,3,159,16,7.545104852168523
29.383431294591396,-100.67712143836916,329,1,180,7,8.607715418818213
29.386782198179308,-100.38544752741473,394,3,180,1,7.545104852168523
29.389495147688105,-100.0937289100372,372,3,159,1,7.545104852168523
29.391569825884797,-99.80197499138778,387,6,131,5,6.858642093395692
29.393005990112396,-99.51019518354104,319,2,180,-1,7.941743691836643
29.393803472365565,-99.2183989036506,300,2,270,5,7.941743691836643
29.393962179342623,-98.92659557210249,246,6,215,2,6.858642093395692
29.393482092474724,-98.63479461066667,234,2,150,8,7.941743691836643
29.39236326793157,-98.34300544064796,197,3,311,-1,7.545104852168523
29.39060583660391,-98.05123748103708,178,2,330,-4,7.941743691836643
29.38821000406291,-97.75950014666309,113,3,0,1,7.545104852168523
29.3851760504962,-97.46780284634757,87,4,240,1,7.261413878822431
29.381504330620807,-97.17615498106244,109,6,339,-9,6.858642093395692
29.37719527357293,-96.88456594209153,62,3,0,-2,7.545104852168523
29.372249382774747,-96.59304510919686,56,2,90,11,7.941743691836643
29.36666723577821,-96.3016018487916,43,2,150,2,7.941743691836643
29.360449484085944,-96.01024551211904,27,2,180,-3,7.941743691836643
29.3535968529495,-95.71898543344,20,1,229,5,8.607715418818213
29.34611014114484,-95.42783092822852,15,1,311,0,8.607715418818213
29.337990220725448,-95.13679129137752,10,3,0,2,7.545104852168523
29.141019884000396,-90.79121809894608,0,3,90,0,7.545104852168523
29.04459548200621,-89.35417880122407,0,0,0,0,11.522875795823397
28.379429907935894,-82.57933680518107,24,1,311,-6,8.607715418818213
28.344819114808715,-82.30243479856891,38,3,143,6,7.545104852168523
28.30968592231573,-82.0260256519938,37,2,246,12,7.941743691836643
28.27403401387796,-81.75011602087481,45,5,80,-2,7.040188830991998
28.237867113479208,-81.47471247913317,32,2,30,-8,7.941743691836643
28.20118898470789,-81.19982151863117,24,0,0,7,11.522875795823397
28.164003429795045,-80.92544954864265,18,5,123,-3,7.040188830991998
28.12631428864893,-80.65160289535488,9,4,16,5,7.261413878822431
29.54816864927367,-104.18325309064208,887,2,30,-5,7.941743691836643
29.55923707637977,-103.89212482643126,1311,13,270,-10,6.076901183003046
29.569670610946925,-103.60083854898272,966,2,210,2,7.941743691836643
29.579468038672378,-103.30940353406652,937,10,229,2,6.345071884011764
29.58862821812049,-103.0178290865319,892,7,323,-11,6.70452216925573
29.630152425986346,-101.26597860185468,331,0,0,0,11.522875795823397
29.634826096527902,-100.97369072843208,408,1,90,-5,8.607715418818213
29.638856048123166,-100.6813386923824,512,2,180,10,7.941743691836643
29.64224180830808,-100.38893197892595,521,5,67,4,7.040188830991998
29.644982979994,-100.09648008409702,649,5,57,-6,7.040188830991998
29.647079241591527,-99.80399251287068,602,13,134,-1,6.076901183003046
29.648530347111027,-99.51147877728523,468,0,0,-7,11.522875795823397
29.649336126239422,-99.21894839456073,552,15,65,-1,5.928550143214419
29.649496484393428,-98.92641088521492,404,3,131,0,7.545104852168523
29.649011402749085,-98.6338757711776,357,6,118,-7,6.858642093395692
29.647880938247688,-98.34135257390388,284,6,118,0,6.858642093395692
29.64610522357796,-98.04885081248813,177,4,37,-3,7.261413878822431
29.6436844671346,-97.75638000177868,135,5,123,5,7.040188830991998
29.64061895295315,-97.46394965049528,160,1,131,-8,8.607715418818213
29.636909040621287,-97.17156925934924,115,1,90,-5,8.607715418818213
29.63255516516663,-96.87924831916804,89,4,49,-1,7.261413878822431
29.627557836920847,-96.58699630902494,81,0,0,-5,11.522875795823397
29.62191764136068,-96.29482269437484,53,2,0,0,7.941743691836643
29.61563523892548,-96.00273692519691,38,2,270,8,7.941743691836643
29.608711364811597,-95.71074843414569,25,3,311,5,7.545104852168523
29.601146828743698,-95.41886663471055,20,3,229,9,7.545104852168523
29.592942514723344,-95.12710091938575,10,3,90,5,7.545104852168523
29.41157449037549,-91.05976422128512,1,2,0,1,7.941743691836643
29.393929066590808,-90.770847139494,5,5,294,-4,7.040188830991998
29.375667819453792,-90.48219212509674,1,2,114,-2,7.941743691836643
29.356792835961983,-90.19380794751812,-2,2,180,3,7.941743691836643
29.31721033764204,-89.61788692275798,0,0,0,0,11.522875795823397
29.296507324603336,-89.33036735224775,2,1,49,-5,8.607715418818213
28.62451165275757,-82.54025530997488,19,0,0,-2,11.522875795823397
28.589547812021017,-82.26277017386687,37,5,280,-2,7.040188830991998
28.554056476877072,-81.9857826430129,36,4,120,-10,7.261413878822431
28.51804137823841,-81.70929942059988,72,0,0,3,11.522875795823397
28.48150628800289,-81.43332712688957,31,6,289,6,6.858642093395692
28.4444550180797,-81.15787229865496,30,4,180,-5,7.261413878822431
28.406891419411696,-80.88294138864906,6,2,30,-9,7.941743691836643
29.79082279928236,-104.48804610145665,986,15,295,-28,5.928550143214419
29.80264566621852,-104.19635820814506,1229,5,260,-5,7.040188830991998
29.81382841047599,-103.90450128078412,1310,5,303,9,7.040188830991998
29.82436972770328,-103.6124846607506,1137,2,293,2,7.941743691836643
29.83426838702005,-103.3203177208804,978,2,30,2,7.941743691836643
29.84352323139835,-103.028009863674,950,1,131,-3,8.607715418818213
29.852133178021663,-102.73557051948715,901,4,131,9,7.261413878822431
29.86009721862128,-102.44300914470676,652,1,90,-2,8.607715418818213
29.8674144197902,-102.15033521991352,535,9,30,-14,6.451747248958747
29.874083923273904,-101.85755824803196,510,4,90,0,7.261413878822431
29.880104946238244,-101.56468775246871,488,6,0,-3,6.858642093395692
29.88547678151386,-101.27173327524052,534,2,180,-8,7.941743691836643
29.89019879781745,-100.97870437509192,504,10,205,13,6.345071884011764
29.89427043994929,-100.68561062560484,651,8,136,5,6.570477324756705
29.897691228967165,-100.39246161329996,617,11,53,24,6.248120224858334
29.90046076233655,-100.09926693573156,684,11,90,-2,6.248120224858334
29.902578714056776,-99.80603619957644,700,6,90,-9,6.858642093395692
29.90404483476347,-99.51277901871816,700,3,229,7,7.545104852168523
29.904858951806773,-99.21950501232745,637,10,62,3,6.345071884011764
29.9050209693056,-98.9262238029398,518,13,286,4,6.076901183003046
29.90453086817764,-98.6329450145314,386,4,196,6,7.261413878822431
29.903388706145584,-98.3396782705942,293,3,74,0,7.545104852168523
29.90159461771873,-98.04643319221124,299,4,330,-1,7.261413878822431
29.89914881415095,-97.75321939613342,180,2,0,4,7.941743691836643
29.89605158337421,-97.4600464928582,180,3,254,-6,7.545104852168523
29.892303289908256,-97.166924084712,123,1,49,-3,8.607715418818213
29.8879043747462,-96.87386176393652,131,9,53,5,6.451747248958747
29.88285535521627,-96.58086911078055,105,4,150,-9,7.261413878822431
29.87715682481968,-96.28795569159816,72,1,131,-6,8.607715418818213
29.8708094530448,-95.9951310569537,50,8,110,5,6.570477324756705
29.863813985157577,-95.70240473973573,44,2,30,-2,7.941743691836643
29.85617124196886,-95.40978625327948,24,1,0,2,8.607715418818213
29.84788211957783,-95.11728508950016,19,4,344,6,7.261413878822431
29.83894758909285,-94.82491071703689,14,3,180,-6,7.545104852168523
29.82936869632885,-94.53267257940884,9,2,0,1,7.941743691836643
29.81914656148216,-94.24058009318476,4,3,159,-3,7.545104852168523
29.80828237878274,-93.94864264616588,6,2,150,1,7.941743691836643
29.7967774161239,-93.65686959558396,3,0,0,-4,11.522875795823397
29.77185058844192,-93.07385394911046,4,0,0,-1,11.522875795823397
29.75843162388176,-92.78262989884308,2,1,270,-3,8.607715418818213
29.744377679394844,-92.491607332775,0,0,0,0,11.522875795823397
29.729690384871724,-92.2007954288421,0,0,0,0,11.522875795823397
29.69842261968893,-91.61984011234662,3,2,0,1,7.941743691836643
29.68184576164092,-91.3297148438764,8,1,229,-1,8.607715418818213
29.664642777680392,-91.03983652244314,4,2,293,-1,7.941743691836643
29.646815647230216,-90.75021410435606,14,3,201,0,7.545104852168523
29.628366417902136,-90.4608564967554,1,1,180,11,8.607715418818213
29.609297204879592,-90.1717725560532,0,0,0,0,11.522875795823397
29.589610190281945,-89.88297108639873,0,1,229,4,8.607715418818213
28.86953507045702,-82.50068298141314,38,13,282,-31,6.076901183003046
28.834216653744694,-82.22260793018836,20,5,180,15,7.040188830991998
28.798365632755395,-81.94503531176927,24,3,49,-4,7.545104852168523
28.76198578639581,-81.66797187770656,31,4,78,-7,7.261413878822431
28.725080934981552,-81.39142429516602,20,3,254,-9,7.545104852168523
28.68765493924727,-81.11539914636263,10,6,109,-5,6.858642093395692
28.649711699352984,-80.83990292802767,15,4,0,1,7.261413878822431
30.045163310687908,-104.50205645425214,1400,6,210,-6,6.858642093395692
30.057107607817937,-104.20963236523738,1592,2,270,5,7.941743691836643
30.06840523398793,-103.91703743305312,1424,2,67,-4,7.941743691836643
30.079054867070283,-103.6242810972998,1435,8,126,-1,6.570477324756705
30.08905525939874,-103.33137282967338,1163,1,0,1,8.607715418818213
30.09840523815687,-103.03832213213548,1156,3,90,-3,7.545104852168523
30.107103705743697,-102.74513853506784,1113,5,123,-18,7.040188830991998
30.115149640116567,-102.451831595412,925,7,171,-9,6.70452216925573
30.122542095110703,-102.1584108947951,709,4,131,7,7.261413878822431
30.12928020073561,-101.86488603764263,620,4,180,0,7.261413878822431
30.13536316344794,-101.57126664927952,492,4,229,-7,7.261413878822431
30.140790266400515,-101.27756237401988,611,5,0,-2,7.040188830991998
30.145560869667744,-100.98378287324697,597,6,98,5,6.858642093395692
30.149674410446885,-100.6899378234842,629,11,0,4,6.248120224858334
30.153130403235217,-100.39603691445808,682,3,74,6,7.545104852168523
30.155928439983125,-100.10208984715403,668,3,0,-12,7.545104852168523
30.158068190222576,-99.80810633186658,662,6,11,2,6.858642093395692
30.159549401171518,-99.51409608624436,696,1,49,-1,8.607715418818213
30.160371897813565,-99.2200688333312,634,3,131,-8,7.545104852168523
30.160535582953248,-98.92603429960472,552,6,229,13,6.858642093395692
30.16004043724675,-98.63200221301253,516,5,41,1,7.040188830991998
30.15888651920797,-98.33798230100813,431,4,38,0,7.261413878822431
30.157073965190072,-98.04398428858698,310,3,254,1,7.545104852168523
30.154602989342408,-97.75001789632356,176,0,0,0,11.522875795823397
30.151473883542938,-97.4560928384112,141,6,21,-8,6.858642093395692
30.147687017306176,-97.16221882070504,162,4,142,-3,7.261413878822431
30.14324283766662,-96.86840553876944,143,3,90,6,7.545104852168523
30.13814186903789,-96.57466267593084,138,5,303,-6,7.040188830991998
30.1323847130475,-96.28099990133728,96,1,49,-5,8.607715418818213
30.12597204834754,-95.9874268680249,90,3,21,2,7.545104852168523
30.11890463040134,-95.69395321099364,56,3,21,5,7.545104852168523
30.111183291246014,-95.4005885452918,41,3,311,-11,7.545104852168523
30.10280893923152,-95.10734246411155,36,1,131,1,8.607715418818213
30.093782558735903,-94.81422453689558,9,0,0,0,11.522875795823397
30.08410520985723,-94.5212443074564,29,2,90,-3,7.941743691836643
30.07377802808222,-94.228411292109,8,2,67,7,7.941743691836643
30.06280222393202,-93.9357349778178,9,3,286,-3,7.545104852168523
30.05117908258489,-93.643224820359,4,2,67,2,7.941743691836643
30.0389099634767,-93.35089024249888,1,0,0,0,11.522875795823397
30.0259962998788,-93.05874063218955,4,3,49,0,7.545104852168523
30.01243959845403,-92.76678534078236,2,0,0,0,11.522875795823397
29.99824143879095,-92.47503368126026,2,1,0,1,8.607715418818213
29.98340347291642,-92.18349492648998,5,1,311,-1,8.607715418818213
29.96792742478734,-91.89217830749452,2,1,90,1,8.607715418818213
29.951815089761112,-91.60109301174712,2,0,0,0,11.522875795823397
29.93506833404592,-91.3102481814872,5,2,90,-8,7.941743691836643
29.917689094130576,-91.01965291205948,6,1,270,0,8.607715418818213
29.899679376194616,-90.72931625027624,5,1,49,0,8.607715418818213
29.881041255498907,-90.43924719280452,7,3,270,-2,7.545104852168523
29.86177687575703,-90.1494546845779,2,4,300,3,7.261413878822431
29.841888448488003,-89.8599476172342,2,1,180,-13,8.607715418818213
29.82137825235065,-89.57073482757964,3,1,0,-1,8.607715418818213
29.149632408071987,-82.73978730166527,16,5,246,6,7.040188830991998
29.11449937870417,-82.46061504152232,34,3,229,4,7.545104852168523
29.078824835638372,-82.18194323973893,34,4,240,2,7.261413878822431
29.042612563451524,-81.9037787821042,34,5,100,11,7.040188830991998
29.005866389556207,-81.62612846913169,17,0,0,0,11.522875795823397
28.968590183198856,-81.34899901545711,12,4,196,-21,7.261413878822431
28.93078785445371,-81.07239704927036,13,1,90,7,8.607715418818213
30.299488009691988,-104.5162470618602,1491,3,74,3,7.545104852168523
30.311554342397677,-104.22307737115116,1446,1,0,2,8.607715418818213
30.322967424036477,-103.92973499424087,1490,4,150,-4,7.261413878822431
30.33372591447959,-103.6362294707668,1406,2,330,-1,7.941743691836643
30.34382854906211,-103.34257037311497,1800,18,317,-22,5.73642582948546
30.353274138978588,-103.04876730455368,1288,6,63,-18,6.858642093395692
30.362061571655676,-102.75482989735131,1176,4,102,-1,7.261413878822431
30.370189811101262,-102.4607678108784,987,2,247,3,7.941743691836643
30.377657898230204,-102.16659072969571,790,2,113,-1,7.941743691836643
30.38446495116621,-101.87230836162917,743,5,100,6,7.040188830991998
30.39061016551987,-101.57793043583196,645,4,270,11,7.261413878822431
30.396092814642408,-101.283466700836,660,9,14,0,6.451747248958747
30.40091224985531,-100.9889269225925,634,6,243,16,6.858642093395692
30.405067900655386,-100.6943208825036,627,2,30,8,7.941743691836643
30.408559274895342,-100.39965837544572,676,5,293,6,7.040188830991998
30.411385958939675,-100.10494920778572,665,1,0,2,8.607715418818213
30.413547617795672,-99.81020319539084,619,1,311,-4,8.607715418818213
30.4150439952197,-99.51543016163376,620,2,150,-2,7.941743691836643
30.415874913798472,-99.2206399353934,614,2,293,-1,7.941743691836643
30.416040275005336,-98.92584234905296,601,1,311,-4,8.607715418818213
30.41554005923149,-98.63104723649604,478,1,0,1,8.607715418818213
30.414374325792267,-98.33626443110198,366,4,16,-5,7.261413878822431
30.41254321290833,-98.04150376374132,250,7,300,-3,6.70452216925573
30.41004693766171,-97.7467750607728,266,1,90,1,8.607715418818213
30.40688579592704,-97.45208814204273,165,2,247,1,7.941743691836643
30.4030601622777,-97.15745281888768,148,3,0,3,7.545104852168523
30.398570489867023,-96.862878892142,115,2,90,1,7.941743691836643
30.393417310284807,-96.56837615015064,101,0,0,3,11.522875795823396
30.38760123338896,-96.2739543667888,69,3,180,3,7.545104852168523
30.38112294711266,-95.97962329948942,100,5,123,4,7.040188830991998
30.37398321724677,-95.68539268727908,101,2,330,1,7.941743691836643
30.366182887198267,-95.391272248824,86,3,131,4,7.545104852168523
30.357722877724044,-95.0972716804866,45,6,159,8,6.858642093395692
30.34860418664096,-94.80340065439418,31,3,0,2,7.545104852168523
30.33882788851197,-94.50966881652,40,2,293,-3,7.941743691836643
30.32839513430853,-94.21608578477851,19,3,286,3,7.545104852168523
30.31730715104954,-93.92266114713529,19,3,0,5,7.545104852168523
30.305565241417323,-93.62940445973246,12,5,57,13,7.040188830991998
30.29317078335028,-93.33632524503116,15,6,223,-12,6.858642093395692
30.280125229613017,-93.04343298997124,7,1,0,0,8.607715418818213
30.26643010734414,-92.7507371441499,9,5,180,2,7.040188830991998
30.252087017581587,-92.45824711801916,6,1,49,-2,8.607715418818213
30.237097634766386,-92.16597228110412,11,5,41,5,7.040188830991998
30.22146370622466,-91.8739219602421,6,1,180,5,8.607715418818213
30.205187051628545,-91.58210543784362,11,3,159,1,7.545104852168523
30.18826956243609,-91.29053195017649,11,3,0,-2,7.545104852168523
30.170713201310647,-90.99921068567302,8,1,311,9,8.607715418818213
30.152520001520028,-90.70815078326196,3,3,311,8,7.545104852168523
30.09414074873348,-89.83662986098967,3,1,229,2,8.607715418818213
30.052077449455844,-89.25708789498945,0,0,0,0,11.522875795823397
29.46420518808845,-83.26087718961134,8,2,246,0,7.941743691836643
29.429824374047804,-82.98010669428606,18,3,229,-16,7.545104852168523
29.394889325319934,-82.69982747129653,9,7,0,31,6.70452216925573
29.359403785474807,-82.42004662916446,26,2,330,-18,7.941743691836643
29.323371543382198,-82.1407711909273,16,13,266,32,6.076901183003046
29.286796432203676,-81.86200809346305,23,1,90,-5,8.607715418818213
29.249682328379222,-81.58376418685022,5,0,0,0,11.522875795823397
29.212033150608843,-81.30604623376277,20,6,109,2,6.858642093395692
29.17385285883,-81.02886090889969,9,3,74,-6,7.545104852168523
30.540949342579214,-104.82436049447703,1095,3,180,-14,7.545104852168523
30.55379675473412,-104.53061986678128,1321,5,319,8,7.040188830991998
30.56598573781509,-104.23669506903296,1725,23,285,38,5.469880104866039
30.577514857410023,-103.942595707451,1576,11,116,9,6.248120224858334
30.588382755159163,-103.64833142355909,1431,12,223,0,6.159167458950843
30.59858814918144,-103.35391189229966,1088,2,180,3,7.941743691836643
30.608129834477623,-103.05934682013046,1158,0,0,-3,11.522875795823397
30.617006683309796,-102.76464594310416,1061,2,67,2,7.941743691836643
30.62521764555724,-102.4698190249324,980,3,229,1,7.545104852168523
30.632761749048225,-102.17487585503515,873,9,306,-3,6.451747248958747
30.63963809986756,-101.87982624657631,798,5,247,1,7.040188830991998
30.64584588263996,-101.58468003448668,794,1,131,1,8.607715418818213
30.65138436078851,-101.28944707347507,757,1,49,6,8.607715418818213
30.65625287676873,-100.99413723602936,750,1,49,3,8.607715418818213
30.66045085227745,-100.6987604104072,705,3,229,0,7.545104852168523
30.663977788436824,-100.40332649861902,707,4,300,-2,7.261413878822431
30.666833265953198,-100.10784541440324,736,2,247,0,7.941743691836643
30.669016945250544,-99.81232708119512,676,3,106,5,7.545104852168523
30.67052856657884,-99.51678143009056,513,4,102,-2,7.261413878822431
30.671367950096855,-99.22121839780571,468,4,49,6,7.261413878822431
30.67153499592942,-98.9256479246336,389,3,21,5,7.545104852168523
30.67102968419936,-98.6300799523986,384,4,282,-14,7.261413878822431
30.66985207503385,-98.3345244224104,393,3,131,-2,7.545104852168523
30.668002308545216,-98.038991273418,389,2,247,-2,7.941743691836643
30.66548060478621,-97.7434904395652,279,5,293,10,7.040188830991998
30.662287263679904,-97.44803184834868,173,4,322,1,7.261413878822431
30.65842266492397,-97.15262541857928,117,2,180,2,7.941743691836643
30.65388726786979,-96.85728105834843,154,4,311,-3,7.261413878822431
30.64868161137619,-96.5620086630002,78,0,0,-7,11.522875795823397
30.64280631363777,-96.26681811310992,91,5,193,-2,7.040188830991998
30.6362620719886,-95.9717192724712,96,9,210,0,6.451747248958747
30.629049662680416,-95.67672198609168,94,2,150,0,7.941743691836643
30.62116994063645,-95.3818360781989,107,2,293,-6,7.941743691836643
30.612623839180287,-95.08707135025736,68,4,78,-4,7.261413878822431
30.603412369740425,-94.79243757899764,70,2,270,-4,7.941743691836643
30.59353662153035,-94.49794451445894,63,2,293,-4,7.941743691836643
30.582997761204734,-94.20360187804546,47,1,0,-4,8.607715418818213
30.57179703249158,-93.90941936059836,34,4,240,7,7.261413878822431
30.559935755800883,-93.6154066204837,34,6,180,9,6.858642093395692
30.547415327809617,-93.32157328169762,37,1,311,5,8.607715418818213
30.53423722102399,-93.02792893198968,29,2,150,1,7.941743691836643
30.520402983318505,-92.73448312100508,27,6,35,5,6.858642093395692
30.505914237452654,-92.44124535844712,15,2,150,-3,7.941743691836643
30.490772680565247,-92.1482251122602,21,3,180,-2,7.545104852168523
30.474980083646862,-91.85543180683496,7,1,131,-4,8.607715418818213
30.458538290990635,-91.56287482123555,8,3,21,-10,7.545104852168523
30.44144921962189,-91.27056348745074,20,8,97,-12,6.570477324756705
30.423714858706575,-90.97850708866896,10,1,229,-1,8.607715418818213
30.405337268939583,-90.68671485757864,5,1,49,3,8.607715418818213
30.386318581912377,-90.39519597469408,10,0,0,2,11.522875795823397
30.346366792996207,-89.81301470487092,15,2,90,2,7.941743691836643
30.325438302810078,-89.52237040339978,7,4,164,8,7.261413878822431
29.937190372988745,-85.20471090577362,15,1,0,0,8.607715418818213
29.90648488547153,-84.92004925743042,17,0,0,1,11.522875795823397
29.74425642308808,-83.50355000353447,23,7,311,-21,6.70452216925573
29.71009535409407,-83.22166505482977,18,2,270,3,7.941743691836643
29.67537100428908,-82.94026905236703,14,7,60,12,6.70452216925573
29.640087118621743,-82.6593692458219,20,22,40,41,5.519132026132706
29.604247488837505,-82.37897279855082,26,9,347,24,6.451747248958747
29.567855952459546,-82.0990867868752,40,6,317,5,6.858642093395692
29.53091639176393,-81.81971819940203,21,0,0,-10,11.522875795823397
29.493432732749397,-81.54087393637994,5,0,0,0,11.522875795823397
29.455408944102057,-81.26256080909133,6,5,80,0,7.040188830991998
30.78147125404486,-105.13398764113748,1026,2,293,3,7.941743691836643
30.79511209098093,-104.83968017322908,1524,11,90,22,6.248120224858334
30.80808940361473,-104.54517684795076,1341,2,30,-1,7.941743691836643
30.82040166143462,-104.25048733663304,1617,1,311,-3,8.607715418818213
30.83204741054312,-103.9556213485414,1701,30,242,9,5.162923839635655
30.84302527411461,-103.66058862897184,1192,9,302,-1,6.451747248958747
30.853333952829747,-103.36539895732707,995,3,49,-1,7.545104852168523
30.86297222528612,-103.07006214517456,947,1,180,8,8.607715418818213
30.871938948385058,-102.77458803428752,912,4,78,4,7.261413878822431
30.88023305769402,-102.47898649466954,831,2,210,6,7.941743691836643
30.88785356778482,-102.1832674225643,870,6,21,1,6.858642093395692
30.89479957254701,-101.887440738451,658,2,330,2,7.941743691836643
30.90107024547644,-101.5915163850267,782,1,90,8,8.607715418818213
30.906664839938845,-101.2955043251769,809,2,150,1,7.941743691836643
30.911582689408203,-100.99941453993492,737,3,131,7,7.545104852168523
30.915823207679605,-100.7032570264316,756,4,164,-4,7.261413878822431
30.919385889056876,-100.40704179583626,703,1,229,-5,8.607715418818213
30.92227030851424,-100.11077887129002,684,3,90,1,7.545104852168523
30.924476121832534,-99.8144782858326,580,2,247,6,7.941743691836643
30.926003065709523,-99.5181500803238,561,2,30,-11,7.941743691836643
30.92685095784421,-99.22180430136063,518,1,0,3,8.607715418818213
30.92701969699533,-98.92545099919134,503,7,98,7,6.70452216925573
30.926509263013838,-98.62910022562755,387,2,330,-2,7.941743691836643
30.92531971684936,-98.3327620319554,483,2,270,-7,7.941743691836643
30.923451200530625,-98.03644646684704,319,0,0,0,11.522875795823397
30.92090393711991,-97.74016357427364,266,1,180,-1,8.607715418818213
30.917678230641627,-97.44392339142075,195,2,150,-5,7.941743691836643
30.91377446598473,-97.1477359466075,134,4,120,2,7.261413878822431
30.90919310877955,-96.85161125721066,115,2,247,-3,7.941743691836643
30.903934705248684,-96.5555593275946,109,5,193,7,7.040188830991998
30.89799988203227,-96.2595901470482,114,4,102,-7,7.261413878822431
30.89138934598763,-95.96371368773012,84,3,311,0,7.545104852168523
30.88410388396356,-95.66793990262336,60,4,78,-4,7.261413878822431
30.876144362549297,-95.37227872349987,59,1,131,-9,8.607715418818213
30.86751172779827,-95.07674005889724,53,4,164,9,7.261413878822431
30.85820700492716,-94.78133379210723,116,4,282,-7,7.261413878822431
30.8482312979898,-94.48606977917837,113,3,131,-3,7.545104852168523
30.83758578952696,-94.19095784693302,25,0,0,0,11.522875795823397
30.826271740191533,-93.89600779100016,82,2,113,1,7.941743691836643
30.81429048834968,-93.6012293738647,33,1,311,1,8.607715418818213
30.80164344965826,-93.30663232293472,58,1,131,6,8.607715418818213
30.788332116618605,-93.01222632862716,42,4,258,0,7.261413878822431
30.77435805810712,-92.71802104247324,35,1,229,10,8.607715418818213
30.759722918882726,-92.42402607524436,38,3,339,-1,7.545104852168523
30.74442841907188,-92.1302509950996,19,7,189,1,6.70452216925573
30.728476353631088,-91.83670532575542,16,2,210,-7,7.941743691836643
30.711868591787464,-91.54339854467884,11,4,30,-11,7.261413878822431
30.694607076457714,-91.25034008130456,49,3,90,-3,7.545104852168523
30.676693823645643,-90.95753931527706,52,1,229,-10,8.607715418818213
30.65813092181905,-90.66500557471858,31,0,0,1,11.522875795823397
30.638920531265693,-90.37274813452342,38,0,0,7,11.522875795823397
30.619064883429576,-90.08077621467974,58,10,101,7,6.345071884011764
30.59856628022709,-89.78909897861922,27,1,49,-6,8.607715418818213
30.57742709334417,-89.49772553159558,44,2,0,-3,7.941743691836643
30.55564976351441,-89.20666491909243,33,1,90,0,8.607715418818213
30.533236799778685,-88.91592612526117,20,4,218,-4,7.261413878822431
30.510190778726944,-88.62551807138965,17,10,106,-11,6.345071884011764
30.48651434372233,-88.33544961440198,30,2,30,-8,7.941743691836643
30.43728113439876,-87.75636658817895,24,3,229,3,7.545104852168523
30.41172997345301,-87.46736939792116,32,1,311,2,8.607715418818213
30.385559623633764,-87.17874655972976,0,0,0,0,11.522875795823397
30.21570487328488,-85.45534253577625,22,3,229,4,7.545104852168523
30.18528661835259,-85.16957438997356,15,0,0,3,11.522875795823397
30.154274573842105,-84.88424660265648,20,2,90,-5,7.941743691836643
30.12267217345001,-84.59936707264102,25,1,270,4,8.607715418818213
30.090482905211505,-84.31494361692495,13,0,0,-4,11.522875795823397
30.0243579831374,-83.74749578144997,7,1,180,12,8.607715418818213
29.99042956819461,-83.46448661796288,29,3,201,4,7.545104852168523
29.95592876118471,-83.18196395954398,36,5,67,-2,7.040188830991998
29.92085930694716,-82.89993520014282,12,3,311,9,7.545104852168523
29.885224998645125,-82.61840764656648,11,2,113,3,7.941743691836643
29.849029676735714,-82.33738851772159,36,4,344,-3,7.261413878822431
29.81227722793369,-82.0568849438933,47,10,106,-17,6.345071884011764
29.7749715841696,-81.77690396606124,45,4,102,-8,7.261413878822431
29.737116721542268,-81.49745253525211,12,2,113,5,7.941743691836643
31.021033314147864,-105.44514332374966,1302,6,0,-10,6.858642093395692
31.035479890641767,-105.15027339503008,1381,3,286,-1,7.545104852168523
31.04925793322177,-104.85519571598822,1263,5,155,-6,7.040188830991998
31.06236581346656,-104.55992002148275,1202,1,0,0,8.607715418818213
31.074801980102617,-104.2644560870126,1324,1,131,-8,8.607715418818213
31.08656495949426,-103.96881372679464,1133,5,41,10,7.040188830991998
31.097653356110047,-103.67300279182112,886,5,280,5,7.040188830991998
31.10806585296529,-103.377033167897,859,4,311,-6,7.261413878822431
31.11780121204059,-103.08091477365876,836,7,124,-7,6.70452216925573
31.12685827467583,-102.78465755857556,767,1,270,2,8.607715418818213
31.135235961939564,-102.48827150093356,719,3,311,0,7.545104852168523
31.14293327497358,-102.19176660580484,752,3,180,-1,7.545104852168523
31.1499492953122,-101.89515290300164,913,2,150,-4,7.941743691836643
31.15628318517648,-101.59844044501716,867,4,16,5,7.261413878822431
31.16193418774261,-101.3016393049541,823,1,49,-5,8.607715418818213
31.16690162738496,-101.00475957444183,791,1,49,-5,8.607715418818213
31.171184909892936,-100.70781136154352,703,6,339,2,6.858642093395692
31.17478352266216,-100.41080478865432,696,1,311,4,8.607715418818213
31.17769703485931,-100.1137499903914,625,1,131,-10,8.607715418818213
31.179925097560854,-99.81665711147777,616,3,311,-2,7.545104852168523
31.18146744386547,-99.51953630462005,553,2,330,-2,7.941743691836643
31.18232388897996,-99.22239772838222,518,1,311,0,8.607715418818213
31.182494330279024,-98.925251545056,434,1,180,7,8.607715418818213
31.181978747338068,-98.62810791852915,442,1,49,-5,8.607715418818213
31.18077720194002,-98.33097701215304,435,4,38,4,7.261413878822431
31.178889838055323,-98.03386898661016,339,1,229,-2,8.607715418818213
31.176316881795493,-97.73679399778374,251,5,319,-10,7.040188830991998
31.173058641340297,-97.43976219462924,205,3,201,-1,7.545104852168523
31.16911550683841,-97.14278371705034,155,4,270,2,7.261413878822431
31.164487950281803,-96.84586869377934,100,1,270,-4,8.607715418818213
31.159176525353857,-96.54902724026404,138,3,0,3,7.545104852168523
31.15318186725121,-96.25226945656192,123,5,80,-1,7.040188830991998
31.14650469247966,-95.95560542524235,100,4,49,-1,7.261413878822431
31.139145798624217,-95.65904520929892,52,1,49,2,8.607715418818213
31.131106064093096,-95.36259885007206,56,3,180,15,7.545104852168523
31.12238644783644,-95.06627636518358,89,2,90,9,7.941743691836643
31.11298798903943,-94.77008774648418,54,6,325,-2,6.858642093395692
31.10291180679027,-94.47404295801488,57,4,196,-1,7.261413878822431
31.092159099723112,-94.17815193398364,62,8,54,-9,6.570477324756705
31.08073114563616,-93.88242457675788,147,1,270,-2,8.607715418818213
31.068629301085437,-93.58687075487448,81,3,229,10,7.545104852168523
31.055855000954065,-93.29150030106788,95,2,270,-3,7.941743691836643
31.04240975799768,-92.99632301031713,88,9,113,9,6.451747248958747
31.028295162366227,-92.70134863791368,47,3,74,6,7.545104852168523
31.01351288110209,-92.4065868975498,27,2,150,-3,7.941743691836643
30.998064657615437,-92.11204745942946,20,4,60,-7,7.261413878822431
30.981952311136748,-91.8177399484022,16,5,113,0,7.040188830991998
30.96517773614676,-91.52367394212074,43,13,291,9,6.076901183003046
30.947742901784736,-91.22985896922376,84,4,150,-1,7.261413878822431
30.929649851234675,-90.93630450754404,108,2,270,-4,7.941743691836643
30.910900701090625,-90.64301998234336,85,7,311,-3,6.70452216925573
30.89149764070072,-90.35001476457442,92,4,270,-2,7.261413878822431
30.871442931491156,-90.05729816917128,94,2,0,1,7.941743691836643
30.850738906269694,-89.7648794533681,39,1,131,2,8.607715418818213
30.82938796850988,-89.472767815048,65,1,311,8,8.607715418818213
30.80739259161581,-89.18097239112174,53,3,286,2,7.545104852168523
30.784755318168305,-88.88950225593749,27,3,311,4,7.545104852168523
30.761478759152805,-88.59836641972221,39,0,0,-7,11.522875795823397
30.73756559316916,-88.30757382705522,73,5,193,0,7.040188830991998
30.687840487908897,-87.72705381351508,56,3,49,-6,7.545104852168523
30.662034236554668,-87.437343940285,33,3,90,2,7.545104852168523
30.63560275237999,-87.1480124030703,62,4,210,-10,7.261413878822431
30.608549039616904,-86.85906779647868,17,1,180,-1,8.607715418818213
30.58087616502449,-86.57051864101696,19,10,0,17,6.345071884011764
30.55258725698772,-86.28237338180419,29,1,131,5,8.607715418818213
30.52368550460238,-85.99464038732073,40,2,270,5,7.941743691836643
30.49417415674668,-85.7073279481937,54,6,71,-3,6.858642093395692
30.46405652113995,-85.42044427601896,53,1,49,1,8.607715418818213
30.433335963389208,-85.13399750221991,36,7,342,0,6.70452216925573
30.40201590602387,-84.84799567694348,48,9,126,13,6.451747248958747
30.370099827519184,-84.56244676799334,49,4,90,-6,7.261413878822431
30.33759126130895,-84.27735865980057,16,2,150,12,7.941743691836643
30.30449379478826,-83.99273915243221,26,1,180,-8,8.607715418818213
30.27081106830637,-83.70859596063728,25,3,254,5,7.545104852168523
30.23654677415058,-83.42493671293077,35,4,38,-3,7.261413878822431
30.20170465552163,-83.14176895071566,13,5,193,24,7.040188830991998
30.16628850550088,-82.8591001274427,38,1,311,-9,8.607715418818213
30.130302166010164,-82.57693760780835,49,10,303,-1,6.345071884011764
30.093749526764675,-82.29528866699044,59,8,353,12,6.570477324756705
30.056634524219326,-82.014160489922,47,14,58,9,6.000299329861114
30.01896114050929,-81.7335601706026,18,2,330,6,7.941743691836643
29.980733402385145,-81.4534947114476,19,8,83,9,6.570477324756705
31.25961501694097,-105.75784219742664,1116,1,0,1,8.607715418818213
31.274879614167475,-105.46241447737832,1436,7,207,-9,6.70452216925573
31.289470756354355,-105.16676690633568,1526,2,180,-2,7.941743691836643
31.303386715367576,-104.87090928098488,1328,30,157,2,5.162923839635655
31.316625840725408,-104.57485144143308,1268,5,303,-4,7.040188830991998
31.32918656012128,-104.27860326926972,1168,4,60,4,7.261413878822431
31.341067379923015,-103.98217468560614,948,6,210,20,6.858642093395692
31.35226688564809,-103.68557564909342,842,6,230,10,6.858642093395692
31.362783742414518,-103.38881615392025,779,1,230,-1,8.607715418818213
31.372616695367316,-103.09190622779116,751,2,247,11,7.941743691836643
31.38176457007989,-102.79485592988708,753,1,310,7,8.607715418818213
31.390226272930672,-102.49767534880802,748,1,310,-5,8.607715418818213
31.398000791453963,-102.20037460050038,818,1,0,-4,8.607715418818213
31.40508719466555,-101.9029638261688,827,5,139,2,7.040188830991998
31.41148463336232,-101.60545319017426,805,6,90,10,6.858642093395692
31.417192340395975,-101.30785287791969,729,3,50,17,7.545104852168523
31.4222096309205,-101.0101730937236,698,2,30,3,7.941743691836643
31.42653590261339,-100.7124240586836,614,1,180,-3,8.607715418818213
31.43017063587028,-100.41461600853052,568,4,300,-2,7.261413878822431
31.43311339397312,-100.11675919147427,542,3,106,9,7.545104852168523
31.435363823231423,-99.81886386604332,537,3,106,3,7.545104852168523
31.436921653096896,-99.52094029891772,433,5,113,-1,7.040188830991998
31.437786696251106,-99.22299876275824,455,4,16,3,7.261413878822431
31.43795884866609,-98.92504953403188,390,1,180,5,8.607715418818213
31.437438089638174,-98.62710289083527,446,2,293,-2,7.941743691836643
31.436224481794675,-98.32916911071736,380,1,230,4,8.607715418818213
31.43431817107356,-98.03125846850214,379,3,159,4,7.545104852168523
31.43171938667613,-97.73338123411304,253,3,201,4,7.545104852168523
31.4284284409928,-97.43554767040015,235,1,90,6,8.607715418818213
31.42444572950192,-97.13776803097102,169,1,0,-9,8.607715418818213
31.419771730641624,-96.84005255802695,148,2,293,1,7.941743691836643
31.41440700565507,-96.54241148020544,144,3,230,0,7.545104852168523
31.408352198409048,-96.24485501043009,129,1,50,3,8.607715418818213
31.40160803518576,-95.94739334376922,110,3,106,-1,7.545104852168523
31.394175324448536,-95.65003665530448,61,6,109,-1,6.858642093395692
31.38605495658103,-95.35279509801028,127,3,201,3,7.545104852168523
31.37724790360054,-95.05567880064548,110,2,247,2,7.941743691836643
31.367755218845183,-94.75869786565838,115,5,67,0,7.040188830991998
31.357578036635683,-94.46186236710618,48,0,0,0,11.522875795823397
31.34671757191138,-94.1651823485898,84,4,218,8,7.261413878822431
31.33517511984124,-93.86866782120558,79,3,229,9,7.545104852168523
31.322952055409772,-93.57232876151444,87,0,0,-5,11.522875795823397
31.31004983297819,-93.2761751095299,105,1,270,-4,8.607715418818213
31.29646998582129,-92.98021676672602,86,3,180,6,7.545104852168523
31.28221412564008,-92.68446359406585,56,8,256,-9,6.570477324756705
31.267283942050604,-92.38892541005193,21,0,0,0,11.522875795823397
31.25168120204929,-92.0936119887995,26,1,0,-4,8.607715418818213
31.235407749455195,-91.79853305813342,18,0,0,6,11.522875795823397
31.21846550432936,-91.5036982977098,27,1,180,8,8.607715418818213
31.20085646237185,-91.20911733716312,53,4,49,-5,7.261413878822431
31.182582694296595,-90.91479975427976,127,4,300,-8,7.261413878822431
31.16364634518482,-90.6207550731991,130,4,258,-1,7.261413878822431
31.14404963381695,-90.32699276264223,111,1,311,-4,8.607715418818213
31.12379485198384,-90.03352223417009,124,3,286,-2,7.545104852168523
31.102884363777644,-89.74035284047102,64,13,241,-7,6.076901183003046
31.081320604862626,-89.44749387367865,88,3,49,4,7.545104852168523
31.05910608172633,-89.15495456372126,60,3,254,-1,7.545104852168523
31.036243370912118,-88.86274407670261,60,3,74,10,7.545104852168523
31.012735118232616,-88.57087151331538,61,3,201,4,7.545104852168523
30.988584037965317,-88.27934590728782,62,1,131,-6,8.607715418818213
30.963792912030527,-87.98817622386389,22,2,90,-16,7.941743691836643
30.93836458915216,-87.6973713583177,54,3,49,-9,7.545104852168523
30.9123019840018,-87.40694013450276,65,1,131,-9,8.607715418818213
30.885608076326758,-87.11689130343657,53,3,159,-9,7.545104852168523
30.858285910062406,-86.82723354192076,53,3,74,-5,7.545104852168523
30.83033859242947,-86.53797545119752,81,2,330,6,7.941743691836643
30.80176929301667,-86.24912555564262,83,5,237,-11,7.040188830991998
30.77258124284938,-85.96069230149533,31,7,162,6,6.70452216925573
30.74277773344472,-85.6726840556256,25,2,180,1,7.941743691836643
30.712362115853644,-85.38510910433887,42,3,286,6,7.545104852168523
30.681337799690574,-85.09797565221874,44,1,0,-5,8.607715418818213
30.64970825215124,-84.81129182100777,82,3,339,-2,7.545104852168523
30.617476997018887,-84.5250656485265,70,4,180,11,7.261413878822431
30.584647613660007,-84.23930508763108,81,1,229,4,8.607715418818213
30.551223736009547,-83.95401800520945,41,6,325,-7,6.858642093395692
30.517209051546445,-83.66921218121642,34,4,120,-3,7.261413878822431
30.482607300260007,-83.38489530774756,53,2,247,5,7.941743691836643
30.447422273607724,-83.10107498815175,30,3,339,-8,7.545104852168523
30.41165781346486,-82.8177587361832,38,9,144,-17,6.451747248958747
30.375317811066623,-82.53495397519188,34,6,311,27,6.858642093395692
30.33840620594323,-82.25266803735326,47,12,10,-8,6.159167458950843
30.300926984848715,-81.9709081629366,33,11,16,19,6.248120224858334
30.26288418068356,-81.68968149961223,0,0,0,0,11.522875795823397
30.22428187141219,-81.40899510179746,-1,2,90,8,7.941743691836643
31.49719578206488,-106.07209873954308,1188,4,210,0,7.261413878822431
31.51329064447628,-105.7761181952408,1480,2,247,4,7.941743691836643
31.528707222107798,-105.479905489558,1386,2,90,-6,7.941743691836643
31.5434436853184,-105.1834704791868,1360,2,150,-7,7.941743691836643
31.557498282593144,-104.88682306709698,1101,2,0,9,7.941743691836643
31.570869341099883,-104.58997320058248,1520,4,322,10,7.261413878822431
31.58355526722188,-104.29293086928428,1200,3,130,-13,7.545104852168523
31.595554547066502,-103.9957061031902,999,6,251,1,6.858642093395692
31.60686574694951,-103.69830897061271,870,3,339,5,7.545104852168523
31.61748751385452,-103.40074957614586,833,4,300,3,7.261413878822431
31.627418575867573,-103.10303805860228,818,2,330,-14,7.941743691836643
31.636657742586184,-102.80518458893168,843,3,106,5,7.545104852168523
31.64520390550304,-102.50719936812116,850,1,180,4,8.607715418818213
31.653056038363754,-102.20909262507963,877,3,50,12,7.545104852168523
31.66021319749848,-101.91087461450614,843,4,102,3,7.261413878822431
31.66667452212744,-101.61255561474432,814,0,0,5,11.522875795823397
31.672439234639736,-101.31414592562356,816,1,0,-5,8.607715418818213
31.67750664084568,-101.01565586628836,769,3,254,-3,7.545104852168523
31.681876130202173,-100.71709577301688,660,1,180,-3,8.607715418818213
31.68554717601111,-100.4184759970297,709,8,344,5,6.570477324756705
31.688519335590733,-100.11980690229068,528,1,90,-1,8.607715418818213
31.69079225041974,-99.82109886330038,517,3,106,-8,7.545104852168523
31.69236564625392,-99.52236226288368,538,1,180,-2,8.607715418818213
31.693239333215605,-99.22360748997276,472,2,270,-5,7.941743691836643
31.693413205855425,-98.92484493738664,402,2,30,4,7.941743691836643
31.69288724318687,-98.6260849996085,504,4,218,-2,7.261413878822431
31.691661508692945,-98.3273380705622,425,4,38,1,7.261413878822431
31.689736150305567,-98.02861454138896,321,3,159,-9,7.545104852168523
31.687111400357324,-97.72992479822564,326,3,286,2,7.545104852168523
31.6837875755058,-97.43127921998604,207,1,0,-11,8.607715418818213
31.679765076630414,-97.13268817614576,168,1,270,4,8.607715418818213
31.67504438870189,-96.83416202453282,190,3,230,-3,7.545104852168523
31.669626080624543,-96.53571110912456,144,2,210,8,7.941743691836643
31.66351080505124,-96.23734575785232,151,1,230,-6,8.607715418818213
31.65669929817136,-95.9390762804151,111,2,293,1,7.941743691836643
31.64919237947197,-95.6409129661032,103,3,74,5,7.545104852168523
31.640990951472,-95.3428660816336,127,7,293,-13,6.70452216925573
31.632095999430067,-95.04494586899736,128,7,82,-9,6.70452216925573
31.622508591025763,-94.7471625433212,134,8,104,-12,6.570477324756705
31.612229876014823,-94.4495262907437,161,3,201,-4,7.545104852168523
31.601261085858365,-94.1520472663074,115,1,230,-5,8.607715418818213
31.58960353332638,-93.85473559186843,82,2,247,0,7.941743691836643
31.57725861207573,-93.55760135402387,90,2,113,-5,7.941743691836643
31.564227796203163,-93.26065460205888,56,2,113,0,7.941743691836643
31.55051263977316,-92.96390534591384,30,1,180,4,8.607715418818213
31.53611477632151,-92.6673635541732,28,1,130,-7,8.607715418818213
31.52103591833434,-92.3710391520768,27,4,330,20,7.261413878822431
31.505277856703486,-92.07494201955429,21,6,180,-2,6.858642093395692
31.488842460158093,-91.7790819892845,17,2,330,0,7.941743691836643
31.471731674673165,-91.48346884477984,18,2,293,1,7.941743691836643
31.4539475228552,-91.18811231849712,105,7,27,1,6.70452216925573
31.435492103305343,-90.89302208997567,59,2,0,7,7.941743691836643
31.416367589960696,-90.5982077840035,136,1,0,0,8.607715418818213
31.39657623141377,-90.30367896881236,152,2,180,0,7.941743691836643
31.376120350210936,-90.00944515430261,104,9,208,4,6.451747248958747
31.355002342130025,-89.71551579029874,124,0,0,9,11.522875795823397
31.333224675437677,-89.42190026483603,119,1,270,3,8.607715418818213
31.31078989012674,-89.12860790247932,77,3,49,-4,7.545104852168523
31.28770059713449,-88.83564796267459,79,3,90,-3,7.545104852168523
31.263959477541768,-88.54302963813386,33,1,180,-2,8.607715418818213
31.239569281753766,-88.25076205325423,67,1,49,4,8.607715418818213
31.214532828662943,-87.9588542625714,14,8,256,-11,6.570477324756705
31.18885300479452,-87.66731524924869,72,4,142,-11,7.261413878822431
31.16253276343504,-87.37615392360146,59,4,150,-5,7.261413878822431
31.135575123744548,-87.08537912165824,44,4,60,-7,7.261413878822431
31.10798316985291,-86.79499960375817,77,4,16,2,7.261413878822431
31.07976004994097,-86.50502405318595,61,4,150,-1,7.261413878822431
31.050908975306545,-86.2154610748442,58,1,229,2,8.607715418818213
31.02143321941663,-85.9263191939639,33,2,67,-2,7.941743691836643
30.991336116945487,-85.6376068548531,66,0,0,2,11.522875795823397
30.96062106279984,-85.34933241968423,44,4,311,-3,7.261413878822431
30.92929151113138,-85.06150416732035,44,6,229,-16,6.858642093395692
30.897350974337208,-84.77413029218056,44,3,131,-1,7.545104852168523
30.864803022048655,-84.48721890314474,101,4,30,-3,7.261413878822431
30.831651280109547,-84.20077802249781,62,6,201,20,6.858642093395692
30.797899429543584,-83.91481558491375,49,6,223,-5,6.858642093395692
30.763551205512275,-83.6293394364793,50,1,270,6,8.607715418818213
30.728610396263495,-83.34435733375767,63,4,229,-12,7.261413878822431
30.693080842071275,-83.05987694289215,37,2,210,2,7.941743691836643
30.656966434167504,-82.77590583874958,46,10,237,1,6.345071884011764
30.62027111366615,-82.49245150410397,37,10,275,-2,6.345071884011764
30.58299887048021,-82.20952132885986,50,7,74,5,6.70452216925573
30.54515374223248,-81.92712260931562,25,4,282,7,7.261413878822431
30.506739813160166,-81.64526254746644,9,3,311,8,7.545104852168523
31.37173831401697,-111.09122908827196,1339,23,117,-3,5.469880104866039
31.399279616142877,-110.79991700009822,1298,10,254,-3,6.345071884011764
31.426178942220325,-110.50820977670188,1581,13,326,0,6.076901183003046
31.452433200391575,-110.21611630234057,1388,4,322,6,7.261413878822431
31.478039365023108,-109.92364553775953,1859,14,64,16,6.000299329861114
31.50299447761753,-109.6308065187472,1260,2,180,0,7.941743691836643
31.527295647709245,-109.337608354653,1429,3,21,3,7.545104852168523
31.55094005374326,-109.04406022686852,1860,15,252,-16,5.928550143214419
31.573924943936397,-108.75017138727164,1814,13,166,25,6.076901183003046
31.59624763712067,-108.45595115663528,1341,1,130,6,8.607715418818213
31.750692288569848,-106.09139914217468,1238,1,310,10,8.607715418818213
31.76694660049508,-105.7946263624705,1540,4,270,-21,7.261413878822431
31.782515959282662,-105.49761881413964,1327,3,106,-1,7.545104852168523
31.797398510568456,-105.20038646114467,1179,1,90,2,8.607715418818213
31.811592479147304,-104.90293931469223,1363,28,352,-14,5.2451216767435955
31.82509616954017,-104.6052874312406,1290,3,50,2,7.545104852168523
31.83790796653696,-104.30744091048273,1120,4,180,-3,7.261413878822431
31.850026335714876,-104.00940989330518,902,1,50,-17,8.607715418818213
31.861449823931768,-103.71120455972502,894,5,167,-13,7.040188830991998
31.872177059794637,-103.41283512680482,932,3,310,-5,7.545104852168523
31.882206754102143,-103.11431184654718,877,2,210,-3,7.941743691836643
31.8915377002618,-102.81564500377014,953,1,270,-2,8.607715418818213
31.90016877468077,-102.51684491396412,922,2,90,-12,7.941743691836643
31.90809893713061,-102.21792192113202,867,1,180,-5,8.607715418818213
31.915327231085204,-101.91888639561316,823,1,0,-1,8.607715418818213
31.92185278403205,-101.61974873189276,784,7,56,10,6.70452216925573
31.927674807756663,-101.3205193463977,833,1,130,-5,8.607715418818213
31.932792598599484,-101.02120867528016,792,1,310,3,8.607715418818213
31.937205537685813,-100.72182717218988,679,4,196,-1,7.261413878822431
31.940913091127907,-100.422385306037,628,1,180,0,8.607715418818213
31.943914810199693,-100.12289355874586,591,1,130,-3,8.607715418818213
31.946210331483595,-99.8233624230018,562,3,130,-3,7.545104852168523
31.94779937698948,-99.52380239999177,603,4,344,-25,7.261413878822431
31.948681754245797,-99.22422399713992,493,2,329,-4,7.941743691836643
31.948857356362584,-98.92463772584017,510,1,310,1,8.607715418818213
31.94832616206657,-98.62505409918607,420,2,90,-10,7.941743691836643
31.947088235708097,-98.32548362969985,412,2,149,6,7.941743691836643
31.945143727240016,-98.0259368270618,326,5,58,1,7.040188830991998
31.94249287216857,-97.72642419584146,293,2,0,1,7.941743691836643
31.939135991476284,-97.4269562332312,160,0,0,0,11.522875795823397
31.935073491516725,-97.1275434267845,177,3,0,-1,7.545104852168523
31.93030586388157,-96.8281962521594,134,0,0,0,11.522875795823397
31.92483368523971,-96.5289251708686,127,3,180,-3,7.545104852168523
31.91865761714882,-96.22974062803782,115,2,31,3,7.941743691836643
31.911778405839115,-95.930653050173,118,4,282,-4,7.261413878822431
31.90419688196993,-95.63167284293831,169,5,167,8,7.040188830991998
31.89591396035889,-95.3328103889457,121,14,157,-3,6.000299329861114
31.886930639684035,-95.03407604555736,87,2,150,1,7.941743691836643
31.877248002159035,-94.73548014270229,123,2,270,1,7.941743691836643
31.86686721318169,-94.43703298070837,103,3,310,1,7.545104852168523
31.855789520956144,-94.13874482815068,98,6,35,2,6.858642093395692
31.844016256088818,-93.84062591971764,72,2,180,1,7.941743691836643
31.831548831158266,-93.54268645409576,89,4,142,5,7.261413878822431
31.818388740259685,-93.24493659187463,35,0,0,1,11.522875795823397
31.804537558523855,-92.94738645347242,35,3,0,11,7.545104852168523
31.78999694161115,-92.65004611708405,66,7,278,-7,6.70452216925573
31.7747686251808,-92.3529256166519,25,1,130,-1,8.607715418818213
31.75885442433585,-92.05603493986123,67,3,339,-11,7.545104852168523
31.74225623304416,-91.75938402616046,17,0,0,0,11.522875795823397
31.724976023535504,-91.46298276480758,24,5,180,-7,7.040188830991998
31.70701584567596,-91.16684099294385,75,9,345,11,6.451747248958747
31.68837782631889,-90.87096849369544,140,5,113,5,7.040188830991998
31.669064168633923,-90.57537499430414,167,3,201,-6,7.545104852168523
31.649077151413728,-90.28007016428752,126,8,250,-5,6.570477324756705
31.628419128359297,-89.98506361363013,97,0,0,-4,11.522875795823396
31.60709252734413,-89.690364891006,124,4,210,3,7.261413878822431
31.58509984965771,-89.39598348203332,105,4,60,-3,7.261413878822431
31.56244366922892,-89.10192880756212,88,4,38,-4,7.261413878822431
31.539126631829618,-88.80821022199578,92,2,270,0,7.941743691836643
31.515151454259133,-88.51483701164675,45,0,0,10,11.522875795823397
31.490520923509937,-88.2218183931274,46,4,50,13,7.261413878822431
31.46523789591528,-87.92916351177654,23,7,190,-1,6.70452216925573
31.439305296278956,-87.636881440122,56,7,124,10,6.70452216925573
31.412726116988075,-87.34498117638026,115,4,150,3,7.261413878822431
31.38550341710913,-87.05347164299329,87,2,293,0,7.941743691836643
31.357640321467887,-86.762361685203,85,1,90,-2,8.607715418818213
31.32914001971399,-86.47166006966422,107,6,43,-10,6.858642093395692
31.30000576537017,-86.18137548309608,93,2,0,-8,7.941743691836643
31.27024087486749,-85.89151653097264,98,4,49,-7,7.261413878822431
31.239848726566223,-85.60209173625272,100,6,251,13,6.858642093395692
31.20883275976376,-85.3131095381495,88,1,131,-10,8.607715418818213
31.17719647368957,-85.02457829094023,66,1,90,-12,8.607715418818213
31.144943426487977,-84.73650626281578,50,2,247,-6,7.941743691836643
31.11207723418937,-84.44890163477115,41,2,330,10,7.941743691836643
31.078601569670354,-84.16177249953607,114,8,296,-12,6.570477324756705
31.044520161603284,-83.87512686054676,77,3,21,0,7.545104852168523
31.00983679339614,-83.58897263095824,66,2,150,0,7.941743691836643
30.97455530212269,-83.30331763269787,61,2,30,10,7.941743691836643
30.93867957744437,-83.01816959555966,61,4,258,-1,7.261413878822431
30.90221356052342,-82.73353615633967,54,5,0,-3,7.040188830991998
30.865161242928885,-82.44942485801242,32,15,227,30,5.928550143214419
30.827526665535256,-82.16584314894831,42,5,180,-5,7.040188830991998
30.789313917414667,-81.88279838217171,11,6,71,-3,6.858642093395692
30.75052713472329,-81.60029781466001,12,3,21,-3,7.545104852168523
31.56393976436326,-111.70677714866515,847,2,330,-3,7.941743691836643
31.593037063028543,-111.4155491634635,1149,8,214,6,6.570477324756705
31.62149271959088,-111.12390401320322,1205,22,44,-41,5.519132026132706
31.64930347017336,-110.8318505089158,1858,19,202,10,5.67858487499791
31.676466116024272,-110.53939754247682,1462,3,74,-4,7.545104852168523
31.702977524477173,-110.24655408521603,1251,1,90,6,8.607715418818213
31.72883462989559,-109.95332918648816,1488,10,147,0,6.345071884011764
31.754034434601525,-109.65973197220404,1306,1,270,1,8.607715418818213
31.77857400978745,-109.36577164332388,2103,22,25,2,5.519132026132706
31.80245049641112,-109.07145747431176,1281,2,330,-2,7.941743691836643
31.825661106072666,-108.77679881155288,1406,4,150,0,7.261413878822431
31.848203121873485,-108.4818050717338,1544,14,203,-14,6.000299329861114
31.870073899256475,-108.18648574018628,1416,0,0,0,11.522875795823397
31.891270866826773,-107.89085036919536,1319,6,191,0,6.858642093395692
31.91179152715294,-107.59490857627236,1236,1,230,-4,8.607715418818213
31.931633457547832,-107.2986700423938,1293,1,0,7,8.607715418818213
31.950794310828567,-107.00214451020643,1264,4,322,4,7.261413878822431
31.96927181605554,-106.7053417821997,1250,3,21,-7,7.545104852168523
31.987063779249297,-106.4082717188461,1230,2,180,3,7.941743691836643
32.00416808408579,-106.11094423671058,1252,1,180,3,8.607715418818213
32.02058269256859,-105.81336930652944,1603,5,347,-11,7.040188830991998
32.03630564567828,-105.51555695126017,1651,27,324,-22,5.287654659051184
32.0513350639983,-105.21751724410262,1170,2,149,3,7.941743691836643
32.065669148317134,-104.91926030649304,1709,12,33,4,6.159167458950843
32.07930618020597,-104.62079630607133,1402,4,149,-8,7.261413878822431
32.09224452257192,-104.32213545462317,1042,2,149,11,7.941743691836643
32.10448262018628,-104.02328800599756,894,2,211,-2,7.941743691836643
32.116019000187336,-103.72426425400128,1031,1,270,11,8.607715418818213
32.12685227255766,-103.42507453027092,1023,4,142,5,7.261413878822431
32.13698113057532,-103.12572920212402,949,1,130,4,8.607715418818213
32.14640435123883,-102.82623867039008,1004,3,286,5,7.545104852168523
32.15512079566567,-102.52661336722302,947,2,211,3,7.941743691836643
32.16312940946383,-102.22686375389584,876,3,339,15,7.545104852168523
32.17042922307641,-101.927000318579,832,3,310,4,7.545104852168523
32.177019352098846,-101.62703357410368,755,2,329,-2,7.941743691836643
32.18289899756874,-101.32697405571092,762,4,119,3,7.261413878822431
32.18806744622781,-101.02683231878824,637,1,130,-7,8.607715418818213
32.192524070756214,-100.72661893659476,625,3,130,8,7.545104852168523
32.19626832997853,-100.4263444979762,766,3,230,5,7.545104852168523
32.199299769041914,-100.126019605071,700,0,0,-1,11.522875795823397
32.2016180195657,-99.82565487100892,616,2,0,3,7.941743691836643
32.20322279976268,-99.52526091760323,560,1,310,-2,8.607715418818213
32.20411391453198,-99.22484837303828,555,5,113,16,7.040188830991998
32.20429125552336,-98.92442786955289,480,2,67,-2,7.941743691836643
32.20375480117288,-98.6240100411221,437,1,0,-2,8.607715418818213
32.20250461671006,-98.32360552113738,448,5,302,-2,7.040188830991998
32.200540854136285,-98.0232249400874,364,4,78,-3,7.261413878822431
32.19786375217487,-97.72287892324049,241,2,0,-10,7.941743691836643
32.19447363619221,-97.42257808832998,233,6,21,18,6.858642093395692
32.190370918090785,-97.12233304324388,201,4,282,5,7.261413878822431
32.18555609617351,-96.8221543837202,135,1,180,0,8.607715418818213
32.180029754979735,-96.5220526910491,108,1,270,6,8.607715418818213
32.17379256509315,-96.2220385297834,119,4,130,2,7.261413878822431
32.16684528292146,-95.92212244545838,132,1,0,6,8.607715418818213
32.1591887504482,-95.62231496232268,161,4,180,-8,7.261413878822431
32.15082389495671,-95.32262658108098,153,3,0,-3,7.545104852168523
32.14175172872644,-95.02306777665008,127,3,254,4,7.545104852168523
32.13197334870205,-94.7236489959296,142,3,310,13,7.545104852168523
32.12148993613506,-94.42438065558852,109,3,201,5,7.545104852168523
32.110302756198884,-94.12527313986848,71,8,90,14,6.570477324756705
32.09841315757684,-93.82633679840556,91,5,205,-1,7.040188830991998
32.085822572024014,-93.52758194407112,52,2,329,3,7.941743691836643
32.07253251390288,-93.22901885083353,85,3,74,4,7.545104852168523
32.0585445796931,-92.93065775164116,72,3,201,-11,7.545104852168523
32.043860447475865,-92.63250883632836,65,6,339,3,6.858642093395692
32.02848187639316,-92.33458224954528,45,1,180,1,8.607715418818213
32.012410706082015,-92.03688808871254,74,4,142,-7,7.261413878822431
31.99564885608457,-91.73943640200166,18,3,0,-1,7.545104852168523
31.978198325233905,-91.44223718634282,23,1,180,-3,8.607715418818213
31.960061191016337,-91.14530038546027,34,2,180,6,7.941743691836643
31.941239608910404,-90.84863588793662,70,4,38,0,7.261413878822431
31.921735811703115,-90.55225352530704,87,8,164,12,6.570477324756705
31.90155210878365,-90.25616307018412,148,5,238,-6,7.040188830991998
31.880690885415422,-89.96037423441419,100,0,0,-7,11.522875795823397
31.859154601986297,-89.6648966672662,129,2,247,3,7.941743691836643
31.83694579323816,-89.36973995365369,135,9,276,-6,6.451747248958747
31.814067067475804,-89.07491361239059,93,2,180,-2,7.941743691836643
31.790521105755715,-88.78042709448198,126,9,121,1,6.451747248958747
31.766310661055567,-88.48628978145001,86,7,50,13,6.70452216925573
31.74143855742443,-88.19251098369597,67,7,67,-8,6.70452216925573
31.715907689114825,-87.89909993889906,76,8,250,-3,6.570477324756705
31.68972101969648,-87.60606581045231,78,3,180,-3,7.545104852168523
31.66288158115285,-87.31341768593659,85,19,267,-5,5.67858487499791
31.63539247296083,-87.02116457563272,160,5,113,-7,7.040188830991998
31.60725686115393,-86.72931541107265,85,4,120,0,7.261413878822431
31.578477977369847,-86.43787904362989,70,4,150,15,7.261413878822431
31.549059117882702,-86.14686424314964,118,4,78,-2,7.261413878822431
31.519003642620795,-85.85627969661915,86,4,78,2,7.261413878822431
31.488314974170123,-85.56613400687847,105,7,142,-2,6.70452216925573
31.456996596764466,-85.27643569137207,117,7,0,-12,6.70452216925573
31.42505205526263,-84.98719318094143,98,2,330,-17,7.941743691836643
31.39248495411305,-84.69841481865922,74,2,293,-3,7.941743691836643
31.35929895630714,-84.41010885870459,61,1,50,2,8.607715418818213
31.325497782320944,-84.12228346528057,85,4,196,-6,7.261413878822431
31.29108520904656,-83.83494671157318,102,8,97,-11,6.570477324756705
31.256065068713276,-83.54810657875232,77,5,180,14,7.040188830991998
31.220441247799627,-83.26177095501512,70,3,106,14,7.545104852168523
31.18421768593625,-82.97594763467087,67,3,0,-1,7.545104852168523
31.147398374800787,-82.69064431726846,62,4,142,2,7.261413878822431
31.109987357004865,-82.40586860676562,41,1,270,2,8.607715418818213
31.071988724974226,-82.1216280107403,42,3,49,2,7.545104852168523
31.0334066198222,-81.83792993964387,9,2,180,3,7.941743691836643
30.99424523021724,-81.5547817060963,2,3,74,-2,7.545104852168523
31.752403582322607,-112.32398553988344,526,3,159,3,7.545104852168523
31.783069141478837,-112.03288615784038,628,1,90,-2,8.607715418818213
31.81309379526379,-111.74134749238551,839,2,180,5,7.941743691836643
31.84247410808076,-111.44937827082624,952,3,90,-11,7.545104852168523
31.871206708237693,-111.15698730563676,1289,11,90,-5,6.248120224858334
31.899288288954484,-110.86418349312844,953,1,90,4,8.607715418818213
31.926715609355487,-110.57097581207876,1222,5,319,13,7.040188830991998
31.953485495447094,-110.27737332231916,1085,2,31,-3,7.941743691836643
31.97959484107951,-109.9833851632822,1593,13,185,-9,6.076901183003046
32.0050406088922,-109.68902055250868,1315,6,325,4,6.858642093395692
32.02981983124257,-109.39428878411462,1568,4,164,-1,7.261413878822431
32.05392961111714,-109.09919922721966,1239,1,270,-6,8.607715418818213
32.07736712302496,-108.80376132433616,1373,2,211,-3,7.941743691836643
32.10012961387214,-108.50798458972064,1322,2,67,0,7.941743691836643
32.122214403817736,-108.2118786076877,1388,2,211,-2,7.941743691836643
32.143618887109795,-107.91545303088702,1310,1,180,8,8.607715418818213
32.164340532901335,-107.6187175785446,1410,5,347,1,7.040188830991998
32.184376886045854,-107.32168203466829,1272,3,130,5,7.545104852168523
32.20372556787159,-107.02435624621911,1331,3,0,7,7.545104852168523
32.22238427693419,-106.72675012124856,1176,3,310,-1,7.545104852168523
32.24035078974746,-106.42887362700306,1235,2,31,10,7.941743691836643
32.25762296149128,-106.13073678799638,1252,1,230,-3,8.607715418818213
32.2741987266968,-105.83234968405102,1643,1,50,5,8.607715418818213
32.2900760999081,-105.53372244830904,1373,1,130,4,8.607715418818213
32.305253176319866,-105.23486526521395,1373,14,5,-6,6.000299329861114
32.319728132390985,-104.93578836846427,1836,6,145,1,6.858642093395692
32.3334992264333,-104.6365020389397,1307,2,67,-8,7.941743691836643
32.34656479917542,-104.33701660260124,1051,2,90,14,7.941743691836643
32.3589232743009,-104.03734242836616,961,0,0,2,11.522875795823397
32.370573158960866,-103.73748992595898,1093,1,130,-4,8.607715418818213
32.38151304426038,-103.43746954373948,1057,1,130,3,8.607715418818213
32.39174160571828,-103.13729176650912,1017,2,31,13,7.941743691836643
32.40125760370044,-102.83696711329682,1013,4,90,1,7.261413878822431
32.41005988382577,-102.53650613512536,961,3,310,1,7.545104852168523
32.41814737734511,-102.23591941275976,896,3,106,6,7.545104852168523
32.42551910149238,-101.93521755443868,833,3,22,3,7.545104852168523
32.432174159807936,-101.63441119359013,811,0,0,13,11.522875795823397
32.43811174243403,-101.33351098653294,774,3,130,-1,7.545104852168523
32.4433311263819,-101.03252761016512,650,2,270,-3,7.941743691836643
32.44783167577041,-100.73147175964036,686,2,270,13,7.941743691836643
32.4516128420363,-100.43035414603408,679,1,270,3,8.607715418818213
32.45467416411561,-100.12918549400048,603,2,149,-1,7.941743691836643
32.45701526859626,-99.82797653942151,534,2,211,4,7.941743691836643
32.4586358698417,-99.52673802704992,597,2,31,-5,7.941743691836643
32.45953577008552,-99.22548070814638,427,0,0,8,11.522875795823397
32.45971485949702,-98.92421533811373,489,7,270,-3,6.70452216925573
32.45917311621765,-98.62295267412824,440,5,293,-11,7.040188830991998
32.457910606368166,-98.32170347277004,347,4,50,3,7.261413878822431
32.455927484026795,-98.02047848765396,343,7,352,14,6.70452216925573
32.4532239911781,-97.71928846706209,258,2,293,3,7.941743691836643
32.44980045763287,-97.41814415157916,282,5,335,-3,7.040188830991998
32.44565730091879,-97.11705627173266,200,4,230,4,7.261413878822431
32.44079502614234,-96.81603554563858,176,2,31,-1,7.941743691836643
32.435214225821504,-96.51509267665436,101,2,0,8,7.941743691836643
32.42891557969001,-96.21423835104012,121,3,158,-9,7.545104852168523
32.42189985447282,-95.9134832356301,178,1,0,-7,8.607715418818213
32.41416790363283,-95.61283797551472,155,7,270,-3,6.70452216925573
32.40572066708985,-95.31231319173548,152,1,230,1,8.607715418818213
32.39655917091093,-95.0119194789934,154,4,344,0,7.261413878822431
32.38668452697293,-94.71166740337246,106,0,0,-5,11.522875795823397
32.376097932597496,-94.41156750007949,88,3,50,-7,7.545104852168523
32.364800670158395,-94.11163027120118,98,1,310,13,8.607715418818213
32.35279410666187,-93.8118661834805,49,1,50,20,8.607715418818213
32.34007969329994,-93.51228566611236,46,0,0,2,11.522875795823397
32.32665896497708,-93.21289910856088,67,4,180,0,7.261413878822431
32.31253353981066,-92.91371685839889,79,3,0,-8,7.545104852168523
32.29770511860558,-92.61474921917063,96,4,180,7,7.261413878822431
32.28217548430284,-92.31600644827952,65,4,38,-3,7.261413878822431
32.26594650140341,-92.01749875490091,16,2,113,3,7.941743691836643
32.24902011536675,-91.71923629792232,23,1,50,13,8.607715418818213
32.23139835198516,-91.42122918391073,36,4,282,-2,7.261413878822431
32.21308331673387,-91.12348746510906,26,2,247,0,7.941743691836643
32.19407719409768,-90.82602113746242,70,3,230,5,7.545104852168523
32.174382246874025,-90.52884013867472,96,5,293,5,7.040188830991998
32.15400081545371,-90.2319543462972,93,6,251,-1,6.858642093395692
32.13293531707904,-89.93537357584944,125,3,254,-4,7.545104852168523
32.111188245080086,-89.63910757897342,150,3,310,8,7.545104852168523
32.08876216808984,-89.34316604162217,131,4,119,-11,7.261413878822431
32.06565972923831,-89.04755858228309,162,5,205,6,7.040188830991998
32.041883645326294,-88.75229475023704,72,3,74,3,7.545104852168523
32.01743670597942,-88.45738402385392,129,5,167,5,7.040188830991998
31.992321772782685,-88.16283580892535,47,8,16,-11,6.570477324756705
31.96654177839641,-87.86865943703495,59,4,299,-2,7.261413878822431
31.94009972565385,-87.5748641639672,62,9,270,-9,6.451747248958747
31.91299868664108,-87.28145916815514,72,11,275,4,6.248120224858334
31.88524180175992,-86.98845354916749,95,8,90,1,6.570477324756705
31.85683227877402,-86.69585632623583,146,6,339,8,6.858642093395692
31.827773391839266,-86.40367643682227,138,12,86,-19,6.159167458950843
31.798068480518463,-86.1119227352278,113,2,0,8,7.941743691836643
31.76772094878137,-85.82060399124212,154,4,300,4,7.261413878822431
31.73673426399044,-85.52972888883501,139,2,67,8,7.941743691836643
31.705111955872766,-85.2393060248895,166,6,230,1,6.858642093395692
31.67285761547914,-84.94934390797755,127,2,293,-13,7.941743691836643
31.639974894130454,-84.65985095717787,108,6,180,-17,6.858642093395692
31.606467502352302,-84.3708355009367,79,5,247,3,7.040188830991998
31.57233920879827,-84.08230577597132,65,2,113,0,7.941743691836643
31.537593839162493,-83.79426992621636,117,5,247,6,7.040188830991998
31.50223527508219,-83.50673600181366,122,3,0,-1,7.545104852168523
31.466267453030568,-83.21971195814484,84,7,254,34,6.70452216925573
31.429694363201023,-82.93320565490725,65,4,60,-4,7.261413878822431
31.392520048382824,-82.64722485523326,55,6,90,4,6.858642093395692
31.354748602829243,-82.36177722485242,46,6,150,9,6.858642093395692
31.31638417111852,-82.07687033129697,26,3,254,0,7.545104852168523
31.277430947008245,-81.79251164315022,33,8,136,-10,6.570477324756705
31.237893172283947,-81.50870852933794,14,2,330,-1,7.941743691836643
31.93707607745309,-112.9427847904594,390,3,270,8,7.545104852168523
31.969321296856236,-112.65185924322776,858,13,185,17,6.076901183003046
32.00092675426537,-112.36047222660274,548,2,180,-5,7.941743691836643
32.03188884293715,-112.06863237353208,617,1,0,-2,8.607715418818213
32.06220401869119,-111.77634840640587,987,5,247,-11,7.040188830991998
32.09186880096304,-111.4836291357932,814,2,293,-4,7.941743691836643
32.12087977384377,-111.1904834591346,748,1,0,2,8.607715418818213
32.14923358710523,-110.89692035939257,807,2,329,-2,7.941743691836643
32.1769269572106,-110.6029489036586,1524,21,265,-50,5.5701918233974546
32.20395666830976,-110.3085782417187,1000,3,202,-5,7.545104852168523
32.2303195732184,-110.01381760457652,1382,2,180,-1,7.941743691836643
32.25601259438101,-109.7186763029354,1351,3,254,-4,7.545104852168523
32.28103272481636,-109.42316372563948,1145,2,211,8,7.941743691836643
32.30537702904559,-109.12728933807452,1233,2,211,0,7.941743691836643
32.32904264400195,-108.83106268052885,1273,5,247,1,7.040188830991998
32.35202677992179,-108.53449336651514,1486,2,211,-5,7.941743691836643
32.37432672121607,-108.2375910810538,1535,1,180,-1,8.607715418818213
32.39593982732209,-107.94036557891836,1412,1,0,2,8.607715418818213
32.41686353353478,-107.6428266828438,1465,6,191,6,6.858642093395692
32.437095351817014,-107.34498428169832,1392,11,280,-18,6.248120224858334
32.4566328715884,-107.04684832861992,1395,2,211,5,7.941743691836643
32.47547376049222,-106.74842883911782,1330,1,0,4,8.607715418818213
32.4936157651398,-106.44973588914009,1306,5,122,-3,7.040188830991998
32.51105671183207,-106.15077961310836,1239,1,230,2,8.607715418818213
32.52779450725751,-105.85157020192024,1416,3,310,3,7.545104852168523
32.54382713916647,-105.55211790092092,1889,11,119,15,6.248120224858334
32.55915267702107,-105.25243300784416,1697,12,67,12,6.159167458950843
32.5737692726204,-104.95252587072466,1575,6,211,-1,6.858642093395692
32.587675160700506,-104.652406885782,1229,6,149,-5,6.858642093395692
32.60086865950912,-104.3520864952778,999,1,270,5,8.607715418818213
32.613348171354104,-104.05157518534672,1017,3,130,-7,7.545104852168523
32.62511218312591,-103.75088348380316,1087,2,149,5,7.941743691836643
32.63615926679325,-103.450021957924,1139,3,22,-1,7.545104852168523
32.64648807987196,-103.149001212209,1091,4,211,8,7.261413878822431
32.65609736586648,-102.8478318861202,1040,3,230,-9,7.545104852168523
32.66498595468375,-102.54652465180122,985,4,329,-10,7.261413878822431
32.673152763019466,-102.24509021177784,918,1,230,4,8.607715418818213
32.68059679471599,-101.94353929664128,906,2,211,-20,7.941743691836643
32.687317141091945,-101.64188266271532,801,2,293,2,7.941743691836643
32.693312981243515,-101.34013108970848,722,2,211,0,7.941743691836643
32.698583582316594,-101.03829537835288,721,1,230,3,8.607715418818213
32.70312829975018,-100.73638634803083,693,3,50,2,7.545104852168523
32.706946577490726,-100.43441483439082,625,2,329,2,7.941743691836643
32.71003794817691,-100.1323916869538,582,1,130,4,8.607715418818213
32.71240203329539,-99.83032776671162,539,1,270,-3,8.607715418818213
32.71403854330676,-99.52823394371887,537,4,50,-8,7.261413878822431
32.71494727774206,-99.2261210946792,408,1,130,6,8.607715418818213
32.7151281252696,-98.92400010052808,385,3,158,-2,7.545104852168523
32.71458106373208,-98.6218818440128,426,9,217,-15,6.451747248958747
32.71330616015389,-98.31977720727164,398,2,0,-12,7.941743691836643
32.71130357071894,-98.01769706941336,262,4,90,-13,7.261413878822431
32.70857354071841,-97.71565230409838,293,3,106,-4,7.545104852168523
32.70511640446911,-97.41365377712312,181,1,50,6,8.607715418818213
32.700932585202125,-97.11171234400902,196,1,90,-3,8.607715418818213
32.69602259492181,-96.80983884759736,166,1,130,-6,8.607715418818213
32.69038703423547,-96.5080441156516,121,6,243,3,6.858642093395692
32.68402659215367,-96.20633895846836,157,1,270,-1,8.607715418818213
32.67694204586128,-95.9047341664986,163,3,90,-10,7.545104852168523
32.66913426045954,-95.60324050798008,128,1,270,2,8.607715418818213
32.66060418867921,-95.30186872658288,155,1,0,-2,8.607715418818213
32.65135287056514,-95.00062953906888,116,6,289,-5,6.858642093395692
32.64138143313226,-94.6995336329669,86,2,180,-4,7.941743691836643
32.63069108999339,-94.39859166426449,94,2,329,-2,7.941743691836643
32.61928314095916,-94.0978142551177,96,1,0,-5,8.607715418818213
32.60715897161002,-93.7972119915805,54,2,211,-5,7.941743691836643
32.59432005284111,-93.49679542135438,67,2,270,0,7.941743691836643
32.58076794037978,-93.19657505156005,87,4,322,6,7.261413878822431
32.56650427427646,-92.89656134653195,105,1,180,1,8.607715418818213
32.551530778369006,-92.5967647256371,100,3,254,-3,7.545104852168523
32.53584925972101,-92.29719556111904,62,3,270,0,7.545104852168523
32.519461608034376,-91.99786417596846,21,2,270,0,7.941743691836643
32.5023697950365,-91.69878084182116,23,2,247,16,7.941743691836643
32.484575873842694,-91.3999557768848,28,1,180,-2,8.607715418818213
32.46608197829385,-91.10139914389512,22,0,0,0,11.522875795823397
32.44689032227025,-90.80312104810292,96,6,223,13,6.858642093395692
32.427003198981645,-90.50513153529262,69,3,158,4,7.545104852168523
32.406422980234176,-90.2074405898334,114,2,0,1,7.941743691836643
32.385152115674536,-89.9100581327638,104,3,130,1,7.545104852168523
32.36319313201208,-89.6129940199106,160,4,61,-12,7.261413878822431
32.34054863221909,-89.31625804004307,156,2,270,1,7.941743691836643
32.31722129470976,-89.01985991306302,99,1,0,14,8.607715418818213
32.2932138724987,-88.7238092882317,148,13,161,12,6.076901183003046
32.26852919233912,-88.42811574243427,99,1,130,-4,8.607715418818213
32.2431701538414,-88.13278877848228,61,3,50,-6,7.545104852168523
32.21713972857267,-87.83783782345519,58,3,74,4,7.545104852168523
32.19044095913778,-87.54327222708127,61,2,247,8,7.941743691836643
32.16307695824231,-87.24910126015865,63,8,326,7,6.570477324756705
32.13505090773829,-86.95533411301685,111,2,180,-9,7.941743691836643
32.10636605765294,-86.6619798940196,87,3,339,6,7.545104852168523
32.077025725201445,-86.36904762810916,103,3,180,2,7.545104852168523
32.0470332937837,-86.07654625539263,138,3,159,5,7.545104852168523
32.01639221196638,-85.78448462977093,141,2,180,-1,7.941743691836643
31.98510599245042,-85.4928715176102,123,3,201,-1,7.545104852168523
31.953178211024596,-85.2017155964567,86,5,67,3,7.040188830991998
31.920612505505886,-84.91102545379474,149,8,173,3,6.570477324756705
31.88741257466728,-84.62080958584863,121,3,50,-10,7.545104852168523
31.853582177153463,-84.33107639642816,106,5,25,-4,7.040188830991998
31.819125130385224,-84.04183419581824,90,1,180,9,8.607715418818213
31.784045309452804,-83.75309119971277,136,6,11,1,6.858642093395692
31.748346645999334,-83.46485552819257,96,9,330,12,6.451747248958747
31.712033127094607,-83.17713520474791,104,3,339,17,7.545104852168523
31.67510879409975,-82.88993815534505,79,1,90,-1,8.607715418818213
31.6375777415238,-82.60327220753747,73,4,90,-8,7.261413878822431
31.59944411587222,-82.31714508962114,41,1,310,1,8.607715418818213
31.560712114488627,-82.03156442983415,38,3,90,11,7.545104852168523
31.52138598438968,-81.74653775560037,27,4,164,6,7.261413878822431
31.48147002109419,-81.46207249281728,14,6,63,-5,6.858642093395692
32.151740636841026,-113.27239711292658,298,7,350,4,6.70452216925573
32.18493782611781,-112.9812076298815,418,1,130,2,8.607715418818213
32.21749302968991,-112.68954297329866,598,1,230,-3,8.607715418818213
32.249402531618856,-112.397411764676,607,0,0,-1,11.522875795823397
32.28066267816427,-112.10482271797686,613,2,67,-4,7.941743691836643
32.31126987886873,-111.81178463839262,583,1,90,1,8.607715418818213
32.34122060762987,-111.51830642106084,740,4,196,-5,7.261413878822431
32.37051140375843,-111.2243970497386,627,2,113,3,7.941743691836643
32.39913887302201,-110.93006559543208,938,2,270,-17,7.941743691836643
32.42709968867421,-110.6353212149818,1518,25,202,31,5.376102417024408
32.45439059246787,-110.340173149605,1427,12,94,-5,6.159167458950843
32.481008395652125,-110.0446307233944,1338,2,270,-4,7.941743691836643
32.50694997995307,-109.74870334177496,1843,24,61,-19,5.422256431435354
32.53221229853667,-109.45240048991823,1023,3,90,0,7.545104852168523
32.556792376953915,-109.15573173111522,1363,6,191,-4,6.858642093395692
32.5806873140674,-108.85870670510852,1303,4,310,-6,7.261413878822431
32.603894282958855,-108.56133512638378,1709,2,180,2,7.941743691836643
32.62641053181697,-108.26362678242197,1739,4,50,7,7.261413878822431
32.64823338480498,-107.96559153191214,1743,6,224,2,6.858642093395692
32.66936024290753,-107.66723930292645,1815,23,232,10,5.469880104866039
32.68978858475619,-107.3685800910574,1387,3,230,-14,7.545104852168523
32.70951596743317,-107.0696239575185,1374,11,23,7,6.248120224858334
32.728540027252706,-106.77038102720915,1346,1,230,2,8.607715418818213
32.74685848051956,-106.4708614867447,1239,1,130,4,8.607715418818213
32.76446912426417,-106.17107558245208,1216,1,310,-4,8.607715418818213
32.78136983695402,-105.871033618333,2233,26,206,1,5.331277149398757
32.797558579180766,-105.57074595399446,2280,19,101,-5,5.67858487499791
32.81303339432248,-105.27022300254866,1816,10,50,10,6.345071884011764
32.82779240918089,-104.96947522848258,1436,1,50,8,8.607715418818213
32.841833834592926,-104.6685131454988,1200,3,50,6,7.545104852168523
32.85515596601634,-104.36734731432844,1016,1,310,-3,8.607715418818213
32.86775718408887,-104.06598834051744,1106,2,211,4,7.941743691836643
32.87963595516066,-103.7644468721874,1313,3,106,-6,7.545104852168523
32.89079083179963,-103.46273359777194,1217,2,211,-5,7.941743691836643
32.90122045326925,-103.16085924373012,1136,2,329,1,7.941743691836643
32.91092354597868,-102.85883457223795,1079,1,130,-3,8.607715418818213
32.91989892390473,-102.55667037885948,1032,13,199,-72,6.076901183003046
32.92814548898549,-102.25437749019824,964,4,322,4,7.261413878822431
32.93566223148521,-101.95196676153118,931,0,0,2,11.522875795823397
32.94244823033053,-101.64944907442572,899,2,270,1,7.941743691836643
32.94850265341736,-101.34683533434148,757,1,50,-1,8.607715418818213
32.95382475788848,-101.04413646821833,714,4,0,8,7.261413878822431
32.95841389038172,-100.74136342205162,605,4,149,2,7.261413878822431
32.962269487248335,-100.43852715845658,563,4,119,5,7.261413878822431
32.96539107474162,-100.13563865422284,529,3,286,4,7.545104852168523
32.96777826917549,-99.8327088978606,465,1,50,-5,8.607715418818213
32.96943077705305,-99.5297488871401,501,2,90,2,7.941743691836643
32.97034839516487,-99.22676962662555,382,2,211,-9,7.941743691836643
32.970531010657226,-98.92378212520508,372,2,31,2,7.941743691836643
32.96997860106988,-98.62079739361822,320,1,50,10,8.607715418818213
32.96869123434357,-98.3178264419822,344,8,283,-1,6.570477324756705
32.96666906879732,-98.01488027731868,341,1,270,4,8.607715418818213
32.96391235307534,-97.71196990108226,288,1,270,5,8.607715418818213
32.96042142606355,-97.4091063066924,262,1,180,7,8.607715418818213
32.95619671677624,-97.10630047706972,178,2,211,0,7.941743691836643
32.95123874421225,-96.80356338217877,181,1,90,-2,8.607715418818213
32.94554811718127,-96.50090597657837,135,0,0,0,11.522875795823397
32.939125534100306,-96.1983391969806,166,5,113,7,7.040188830991998
32.931971782760286,-95.89587395982086,157,2,0,-9,7.941743691836643
32.92408774006293,-95.59352115883902,148,4,90,5,7.261413878822431
32.91547437172861,-95.29129166267435,149,2,31,3,7.941743691836643
32.90613273197443,-94.98919631247496,99,2,180,1,7.941743691836643
32.896063963163755,-94.6872459195227,129,11,0,-4,6.248120224858334
32.88526929542676,-94.38545126287624,124,2,180,8,7.941743691836643
32.873750046252454,-94.08382308703196,59,3,230,3,7.545104852168523
32.86150762005257,-93.78237209960528,65,2,180,63,7.941743691836643
32.84854350769755,-93.48110896903287,84,6,22,-13,6.858642093395692
32.83485928602463,-93.18004432229766,105,4,142,-1,7.261413878822431
32.820456617319095,-92.87918874267716,75,7,90,5,6.70452216925573
32.80533724876815,-92.57855276751718,63,10,6,9,6.345071884011764
32.789503011888435,-92.27814688603118,70,1,0,3,8.607715418818213
32.772955821927404,-91.97798153712718,27,1,0,1,8.607715418818213
32.75569767723869,-91.67806710726288,27,2,293,3,7.941743691836643
32.737730658632344,-91.37841392833047,26,1,50,-5,8.607715418818213
32.71905692869991,-91.0790322755717,45,1,180,-18,8.607715418818213
32.69967873111506,-90.77993236552469,39,1,0,-1,8.607715418818213
32.67959838991028,-90.48112435400338,94,2,180,0,7.941743691836643
32.658818308729906,-90.1826183341104,69,8,61,-5,6.570477324756705
32.63734097005982,-89.88442433428447,112,7,74,0,6.70452216925573
32.615168934435175,-89.58655231638318,132,7,19,2,6.70452216925573
32.592304839625264,-89.289012173802,130,3,130,-13,7.545104852168523
32.56875139979744,-88.99181372963045,134,3,230,6,7.545104852168523
32.544511404659644,-88.69496673484583,105,1,310,-3,8.607715418818213
32.519587718582585,-88.39848086654605,125,3,106,-5,7.545104852168523
32.49398327970196,-88.10236572622134,43,2,0,-1,7.941743691836643
32.467701099001246,-87.80663083806608,70,4,0,-4,7.261413878822431
32.440744259375734,-87.51128564733148,86,2,247,-1,7.941743691836643
32.413115914678315,-87.21633951871921,68,2,270,-4,7.941743691836643
32.384819288747586,-86.92180173481692,50,5,222,-11,7.040188830991998
32.35585767441889,-86.62768149457622,83,8,119,0,6.570477324756705
32.32623443251906,-86.33398791183319,56,4,310,3,7.261413878822431
32.295952990844945,-86.04073001387236,87,3,0,-10,7.545104852168523
32.26501684312713,-85.74791674003421,93,6,109,5,6.858642093395692
32.23342954797862,-85.45555694036669,102,5,293,13,7.040188830991998
32.201194727829794,-85.16365937432107,95,0,0,-6,11.522875795823397
32.168316067849815,-84.87223270949247,119,3,270,3,7.545104852168523
32.13479731485525,-84.58128552040506,165,2,180,-12,7.941743691836643
32.100642276206585,-84.29082628734263,136,3,106,1,7.545104852168523
32.065854818693225,-84.000863395224,90,2,247,13,7.941743691836643
32.030438867407526,-83.71140513252419,108,0,0,-3,11.522875795823397
31.994398404608603,-83.42245969024076,86,2,270,11,7.941743691836643
31.957737468576436,-83.1340351609058,87,4,258,9,7.261413878822431
31.920460152456997,-82.84613953764344,56,4,16,4,7.261413878822431
31.882570603098948,-82.55878071327291,63,3,180,6,7.545104852168523
31.84407301988258,-82.27196647945696,46,1,0,9,8.607715418818213
31.804971653541596,-81.98570452589577,23,3,254,-5,7.545104852168523
31.76527080497825,-81.70000243956612,27,4,150,2,7.261413878822431
31.724974824072792,-81.41486770400563,19,4,322,-6,7.261413878822431
32.33027598525931,-113.89442591812607,388,11,164,-1,6.248120224858334
32.36507493963399,-113.60348054014472,306,4,211,21,7.261413878822431
32.39923370515381,-113.31203761702056,303,1,130,6,8.607715418818213
32.43274839513456,-113.0201056584522,390,2,67,-2,7.941743691836643
32.46561518355101,-112.72769327082152,805,5,302,-10,7.040188830991998
32.49783030616584,-112.4348091560317,859,3,74,-6,7.545104852168523
32.52939006164667,-112.141462110299,589,5,238,-2,7.040188830991998
32.56029081267047,-111.8476610228981,501,2,329,1,7.941743691836643
32.590528987014714,-111.55341487486162,502,1,130,14,8.607715418818213
32.620101078634605,-111.25873273763392,637,0,0,6,11.522875795823397
32.64900364872598,-110.96362377167932,1047,4,218,1,7.261413878822431
32.67723332677276,-110.6680972250454,990,9,28,20,6.451747248958747
32.70478681157883,-110.37216243188156,1755,37,226,5,4.897002021379538
32.731660872283555,-110.07582881091334,1826,25,262,47,5.376102417024408
32.7578523493602,-109.77910586387289,1142,23,327,-5,5.469880104866039
32.78335815559671,-109.48200317388628,1033,1,180,7,8.607715418818213
32.80817527705842,-109.18453040381796,1108,8,140,4,6.570477324756705
32.83230077403173,-108.88669729457314,1647,15,238,-15,5.928550143214419
32.85573178194865,-108.58851366335864,1334,7,286,6,6.70452216925573
32.878465512291115,-108.28998940190296,1994,18,314,-5,5.73642582948546
32.900499253474926,-107.99113447463616,1957,17,191,-13,5.7971052477000855
32.921830371712424,-107.69195891683032,1907,25,117,-10,5.376102417024408
32.94245631185371,-107.39247283270164,1411,3,50,1,7.545104852168523
32.962374598205415,-107.09268639347442,1503,0,0,0,11.522875795823397
32.981582835327,-106.79260983540856,1574,3,230,0,7.545104852168523
33.00007870880357,-106.49225345779074,1191,5,67,0,7.040188830991998
33.01785998599512,-106.19162762089071,1233,1,0,4,8.607715418818213
33.034924516761414,-105.8907427438835,1764,19,163,13,5.67858487499791
33.05127023416228,-105.58960930273854,2445,6,211,-5,6.858642093395692
33.066895155132634,-105.28823782807684,1823,6,22,12,6.858642093395692
33.08179738113173,-104.98663890299706,1487,11,152,-11,6.248120224858334
33.09597509876685,-104.684823160872,1180,0,0,1,11.522875795823397
33.109426580389815,-104.38280128311632,1065,1,90,2,8.607715418818213
33.12215018466725,-104.08058399692656,1107,2,67,0,7.941743691836643
33.13414435712319,-103.77818207299524,1343,3,180,-7,7.545104852168523
33.145407630654255,-103.47560632319964,1252,1,0,7,8.607715418818213
33.155938626016685,-103.17286759826672,1178,4,50,-6,7.261413878822431
33.16573605228531,-102.86997678541584,1121,7,262,8,6.70452216925573
33.17479870728363,-102.56694480597984,1061,10,90,10,6.345071884011764
33.183125477985115,-102.2637826130066,1012,1,230,-3,8.607715418818213
33.19071534088539,-101.96050118884192,961,8,83,3,6.570477324756705
33.197567362344785,-101.65711154269523,929,2,113,-10,7.941743691836643
33.20368069890133,-101.35362470818966,763,1,50,2,8.607715418818213
33.209054597553774,-101.05005174089756,688,3,74,5,7.545104852168523
33.213688396014724,-100.74640371586332,592,4,299,-6,7.261413878822431
33.217581522933145,-100.44269172511468,548,4,0,-17,7.261413878822431
33.22073349808671,-100.13892687516386,467,2,67,13,7.941743691836643
33.22314393254363,-99.83512028450028,507,3,310,5,7.545104852168523
33.224812528793485,-99.53128308107613,456,1,0,-1,8.607715418818213
33.225739080847724,-99.22742639978638,423,2,149,1,7.941743691836643
33.22592347430913,-98.92356137994476,347,1,270,0,8.607715418818213
33.22536568641013,-98.61969916275685,356,4,141,6,7.261413878822431
33.22406578602084,-98.31585088879233,362,5,67,-11,7.040188830991998
33.22202393362558,-98.0120276954575,339,1,50,0,8.607715418818213
33.219240381268875,-97.70824071446968,242,4,31,-1,7.261413878822431
33.215715472470414,-97.40450106933494,260,3,0,-4,7.545104852168523
33.21144964210931,-97.10081987283075,187,1,230,3,8.607715418818213
33.20644341627756,-96.79720822449498,223,2,31,-4,7.941743691836643
33.20069741210294,-96.4936772081226,174,3,158,4,7.545104852168523
33.19421233754149,-96.19023788927196,195,2,270,8,7.941743691836643
33.18698899113942,-95.88690131278138,166,5,334,-2,7.040188830991998
33.17902826176509,-95.58367850029842,139,1,310,0,8.607715418818213
33.170331128310806,-95.28058044782254,139,1,180,-11,8.607715418818213
33.1608986593649,-94.97761812326272,130,2,211,1,7.941743691836643
33.15073201285434,-94.67480246401178,103,3,310,5,7.545104852168523
33.13983243565772,-94.37214437453838,106,2,67,9,7.941743691836643
33.12820126318959,-94.06965472399828,110,4,180,-4,7.261413878822431
33.11583991895569,-93.76734434386618,61,6,180,5,6.858642093395692
33.10274991407989,-93.46522402558934,82,2,180,-7,7.941743691836643
33.088932846802955,-93.16330451826448,116,3,180,5,7.545104852168523
33.074390401953444,-92.86159652633908,73,2,149,1,7.941743691836643
33.05912435039125,-92.56011070733824,57,2,293,-3,7.941743691836643
33.04313654842402,-92.2588576696188,41,1,50,-5,8.607715418818213
33.02642893719689,-91.95784797015104,39,1,50,1,8.607715418818213
33.00900354205596,-91.65709211233016,32,2,293,5,7.941743691836643
32.990862471886,-91.35660054381772,39,2,247,1,7.941743691836643
32.9720079184226,-91.0563836544149,33,0,0,-1,11.522875795823397
32.952442155539494,-90.75645177396792,31,2,0,1,7.941743691836643
32.93216753851136,-90.45681517030752,31,2,0,3,7.941743691836643
32.91118650325268,-90.15748404722248,78,1,180,-6,8.607715418818213
32.88950156553294,-89.85846854246913,87,3,130,5,7.545104852168523
32.86711532016912,-89.55977872581691,160,3,0,11,7.545104852168523
32.844030440195375,-89.26142459713162,118,5,302,-4,7.040188830991998
32.820249676011194,-88.96341608449656,141,2,270,3,7.941743691836643
32.79577585450769,-88.66576304237276,104,9,107,-11,6.451747248958747
32.770611878173526,-88.36847524979906,44,1,180,1,8.607715418818213
32.7447607241803,-88.07156240863254,48,2,31,1,7.941743691836643
32.71822544344824,-87.77503414183023,51,5,347,-8,7.040188830991998
32.69100915969301,-87.47889999177254,110,2,113,5,7.941743691836643
32.66311506845367,-87.1831694186292,83,10,95,8,6.345071884011764
32.6345464361031,-86.88785179876831,108,2,180,-3,7.941743691836643
32.60530659884075,-86.59295642320869,141,3,106,-2,7.545104852168523
32.57539896166901,-86.29849249611647,82,1,230,11,8.607715418818213
32.54482699735323,-86.00446913334609,120,4,322,-3,7.261413878822431
32.51359424536653,-85.71089536102619,121,4,258,-11,7.261413878822431
32.48170431081951,-85.41778011419063,180,9,72,3,6.451747248958747
32.44916086337604,-85.1251322354554,93,4,282,-6,7.261413878822431
32.415967636155365,-84.83296047374095,85,4,322,0,7.261413878822431
32.38212842462116,-84.54127348304115,189,2,0,-7,7.941743691836643
32.34764708545848,-84.25007982123805,162,2,180,6,7.941743691836643
32.31252753543908,-83.95938794896345,117,1,50,5,8.607715418818213
32.27677375027546,-83.66920622850706,101,13,217,-12,6.076901183003046
32.24038976346492,-83.3795429227712,81,2,0,5,7.941743691836643
32.20337966512349,-83.0904061942723,83,2,67,8,7.941743691836643
32.16574760081121,-82.80180410418934,85,5,90,-8,7.040188830991998
32.12749777034853,-82.51374461145876,92,5,347,-3,7.040188830991998
32.08863442662522,-82.22623557191618,52,4,119,10,7.261413878822431
32.04916187440194,-81.93928473748475,58,2,67,5,7.941743691836643
32.00908446910527,-81.65289975540979,19,7,0,13,6.70452216925573
31.96840661561696,-81.36708816753989,21,1,180,0,8.607715418818213
31.927132767057618,-81.08185740965396,2,4,180,6,7.261413878822431
32.50487793454269,-114.51786929832348,76,4,218,0,7.261413878822431
32.54128777639725,-114.2272152472952,459,44,248,51,4.649288818170952
32.57705964249415,-113.93604126792668,199,5,335,4,7.040188830991998
32.61218947670058,-113.6443557471396,243,3,310,-3,7.545104852168523
32.64667328188367,-113.3521671726739,244,7,278,-1,6.70452216925573
32.680507121081725,-113.05948413200676,249,2,329,-8,7.941743691836643
32.71368711866475,-112.7663153112236,416,24,195,-6,5.422256431435354
32.7462094614835,-112.47266949384132,660,10,327,1,6.345071884011764
32.77807040000649,-112.1785555595836,671,7,341,-4,6.70452216925573
32.809266249444136,-111.88398248310898,414,4,119,-3,7.261413878822431
32.8397933908596,-111.58895933269156,450,2,211,2,7.941743691836643
32.869648272265614,-111.29349526885458,596,1,310,-3,8.607715418818213
32.89882740970637,-110.99759954295742,1051,1,270,-2,8.607715418818213
32.92732738832446,-110.70128149573614,695,9,332,-1,6.451747248958747
32.95514486341141,-110.40455055579817,1319,11,295,22,6.248120224858334
32.982276561441935,-110.10741623807132,1093,2,113,-11,7.941743691836643
33.00871928109067,-109.80988814220788,1075,14,113,-7,6.000299329861114
33.0344698942312,-109.511975950944,2106,10,34,-21,6.345071884011764
33.059525346916644,-109.21368942841526,1407,11,342,-10,6.248120224858334
33.08388266034089,-108.91503841842882,1679,6,349,-14,6.858642093395692
33.107538931780304,-108.6160328426927,1680,5,122,-5,7.040188830991998
33.13049133551521,-108.3166826990032,2127,30,100,2,5.162923839635655
33.15273712373028,-108.01699805939091,2322,11,197,-12,6.248120224858334
33.17427362739361,-107.71698906822614,1965,13,124,-10,6.076901183003046
33.195098257113706,-107.41666594028462,1551,16,55,-9,5.860997933550507
33.21520850397398,-107.11603895877444,1478,21,189,-10,5.5701918233974546
33.234601940343914,-106.81511847332472,1738,3,230,-3,7.545104852168523
33.25327622066692,-106.51391489793748,1424,4,130,10,7.261413878822431
33.27122908222366,-106.21243870890316,1287,2,247,2,7.941743691836643
33.28845834587101,-105.9107004426812,2166,11,250,43,6.248120224858334
33.30496191675558,-105.60871069374652,2348,7,341,-3,6.70452216925573
33.32073778500192,-105.30648011240288,1816,5,193,-15,7.040188830991998
33.33578402637423,-105.00401940256452,1472,5,247,-6,7.040188830991998
33.35009880291203,-104.70133931950691,1187,3,310,6,7.545104852168523
33.363680363538364,-104.39845066758824,1052,1,270,7,8.607715418818213
33.37652704464097,-104.09536429794196,1153,5,206,3,7.040188830991998
33.38863727062553,-103.79209110614296,1375,0,0,-1,11.522875795823397
33.40000955444082,-103.48864202984726,1270,1,90,-8,8.607715418818213
33.41064249807532,-103.1850280464075,1209,3,202,3,7.545104852168523
33.42053479302498,-102.88126017046518,1159,2,67,-13,7.941743691836643
33.429685220731855,-102.57734945152087,1094,2,0,1,7.941743691836643
33.43809265299324,-102.27330697148412,1042,3,310,6,7.545104852168523
33.44575605234107,-101.969143842204,1002,3,180,-13,7.545104852168523
33.45267447239118,-101.66487120298224,943,3,158,0,7.545104852168523
33.45884705816259,-101.36050021807002,830,3,180,2,7.545104852168523
33.46427304636599,-101.0560420741497,744,2,113,-4,7.941743691836643
33.46895176566177,-100.75150797780375,687,3,270,4,7.545104852168523
33.47288263688704,-100.44690915297136,599,3,310,1,7.545104852168523
33.47606517325171,-100.14225683839496,501,1,180,0,8.607715418818213
33.47849898050351,-99.83756228505774,427,0,0,3,11.522875795823397
33.48018375706143,-99.5328367536142,448,1,130,-5,8.607715418818213
33.48111929411812,-99.22809151181448,376,0,0,-2,11.522875795823397
33.48130547571077,-98.92333783192473,377,2,247,-2,7.941743691836643
33.48074227876027,-98.61858698814476,356,1,270,-4,8.607715418818213
33.479429773079225,-98.31385025402447,320,6,99,5,6.858642093395692
33.47736812134817,-98.00913889988064,323,6,310,-11,6.858642093395692
33.474557579060445,-97.70446419021572,310,2,270,1,7.941743691836643
33.47099849443542,-97.3998373811401,269,7,286,-3,6.70452216925573
33.466691308300604,-97.09526971779934,202,1,130,4,8.607715418818213
33.46163655394207,-96.790772431808,223,6,230,7,6.858642093395692
33.455834856924035,-96.48635673869153,233,1,90,-2,8.607715418818213
33.44928693487704,-96.18203383533768,213,6,338,4,6.858642093395692
33.44199359725536,-95.87781489745912,184,2,270,0,7.941743691836643
33.43395574506367,-95.5737110770686,136,0,0,5,11.522875795823397
33.425174370552895,-95.26973349996813,122,0,0,-6,11.522875795823397
33.41565055688601,-94.96589326325372,105,6,316,-1,6.858642093395692
33.40538547777342,-94.66220143283728,101,1,310,4,8.607715418818213
33.39438039707869,-94.35866904098644,94,3,310,-2,7.545104852168523
33.382636668394404,-94.05530708388471,91,4,197,-4,7.261413878822431
33.37015573458897,-93.75212651921268,70,2,293,0,7.941743691836643
33.35693912732421,-93.44913826375156,99,5,0,-9,7.040188830991998
33.34298846654438,-93.14635319101076,116,1,130,-2,8.607715418818213
33.328305459936814,-92.84378212888085,56,3,22,5,7.545104852168523
33.31289190236462,-92.54143585731272,33,3,106,-5,7.545104852168523
33.29674967527183,-92.23932510602464,31,3,22,5,7.545104852168523
33.27988074606131,-91.93746055223824,44,1,270,3,8.607715418818213
33.26228716744595,-91.63585281844465,60,7,90,-5,6.70452216925573
33.2439710767736,-91.334512470202,37,4,321,3,7.261413878822431
33.22493469532604,-91.03345001396532,33,2,270,0,7.941743691836643
33.20518032759259,-90.73267589494998,31,1,50,4,8.607715418818213
33.18471036051884,-90.43220049502985,38,1,0,1,8.607715418818213
33.163527262730895,-90.13203413067072,92,4,17,-25,7.261413878822431
33.1416335837358,-89.83218705090094,96,10,348,13,6.345071884011764
33.11903195309851,-89.53266943531891,139,4,329,8,7.261413878822431
33.09572507959594,-89.23349139213956,150,1,270,1,8.607715418818213
33.07171575034903,-88.9346629562799,156,2,293,0,7.941743691836643
33.0470068299326,-88.6361940874848,75,1,270,-7,8.607715418818213
33.02160125946438,-88.33809466849367,52,1,130,-1,8.607715418818213
32.995502055673406,-88.04037450324896,78,1,180,3,8.607715418818213
32.96871230994826,-87.74304331514682,42,2,211,9,7.941743691836643
32.94123518736602,-87.44611074533107,130,6,44,-7,6.858642093395692
32.9130739257024,-87.14958635103069,66,3,202,-13,7.545104852168523
32.884231834423744,-86.85347960394175,167,5,302,2,7.040188830991998
32.8547122936613,-86.55779988865389,176,5,42,20,7.040188830991998
32.82451875316878,-86.26255650112235,202,2,149,8,7.941743691836643
32.79365473126349,-85.96775864718568,173,7,161,1,6.70452216925573
32.76212381375169,-85.67341544112953,211,5,0,14,7.040188830991998
32.72992965283929,-85.37953590429711,237,5,67,4,7.040188830991998
32.69707596602772,-85.08612896374648,195,13,145,1,6.076901183003046
32.66356653499639,-84.79320345095492,198,8,263,-2,6.570477324756705
32.62940520447201,-84.50076810057087,204,8,8,-4,6.570477324756705
32.59459588108537,-84.20883154921326,139,0,0,4,11.522875795823397
32.55914253221654,-83.91740233431884,162,1,0,-4,8.607715418818213
32.52304918482876,-83.62648889303716,115,1,50,-2,8.607715418818213
32.48631992429206,-83.33609956117375,135,1,310,-9,8.607715418818213
32.44895889319698,-83.04624257218117,75,4,142,-5,7.261413878822431
32.410970290159206,-82.75692605619813,60,5,222,-6,7.040188830991998
32.37235836861553,-82.46815803913655,95,3,286,-4,7.545104852168523
32.33312743561232,-82.1799464418167,76,3,180,-3,7.545104852168523
32.29328185058643,-81.89229907914984,62,11,295,-19,6.248120224858334
32.25282602413983,-81.60522365936886,31,1,310,-5,8.607715418818213
32.21176441680812,-81.31872778330616,21,8,164,-16,6.570477324756705
32.17010153782394,-81.03281894371887,19,8,320,-9,6.570477324756705
32.750921404314475,-114.56147633727028,37,4,142,11,7.261413878822431
32.787675417255585,-114.27008510084248,201,2,247,3,7.941743691836643
32.82378569484097,-113.97816817595026,145,3,270,10,7.545104852168523
32.85924812873016,-113.68573402443734,113,2,113,0,7.941743691836643
32.894058670219145,-113.39279121096472,134,1,270,-3,8.607715418818213
32.92821333143251,-113.0993484019172,209,1,130,1,8.607715418818213
32.96170818650432,-112.80541436426066,211,0,0,-4,11.522875795823397
32.99453937274784,-112.51099796435015,413,22,20,-1,5.519132026132706
33.02670309181275,-112.21610816668895,413,1,130,0,8.607715418818213
33.05819561082968,-111.92075403263884,376,6,44,0,6.858642093395692
33.08901326354092,-111.6249447190817,425,1,310,4,8.607715418818213
33.11915245141725,-111.32868947703282,529,4,310,-4,7.261413878822431
33.148609644759674,-111.0319976502061,950,22,337,-38,5.519132026132706
33.177381383785544,-110.73487867353154,1612,30,238,-7,5.162923839635655
33.205464279698674,-110.4373420716256,749,12,147,-2,6.159167458950843
33.23285501574245,-110.13939745721446,1021,4,141,-4,7.261413878822431
33.259550348235535,-109.84105452951108,1536,6,243,-14,6.858642093395692
33.28554710758937,-109.54232307254632,1921,9,28,20,6.451747248958747
33.31084219930693,-109.24321295345494,1495,16,137,-12,5.860997933550507
33.33543260496204,-108.9437341207167,1892,6,216,-2,6.858642093395692
33.35931538315883,-108.64389660235364,2774,27,11,35,5.287654659051184
33.38248767047027,-108.34371050408396,2394,7,98,9,6.70452216925573
33.40494668235574,-108.04318600743348,2254,6,310,26,6.858642093395692
33.426689714056806,-107.7423333678051,2087,19,325,8,5.67858487499791
33.44771414147029,-107.4411629125075,1815,7,351,1,6.70452216925573
33.468017421998745,-107.1396850387438,1352,0,0,0,11.522875795823397
33.48759709537713,-106.8379102115608,1458,3,130,-9,7.545104852168523
33.50645078447564,-106.5358489617604,1497,2,0,9,7.941743691836643
33.524576196077795,-106.23351188377336,1419,5,102,0,7.040188830991998
33.54197112163352,-105.93090963349736,1710,6,316,-7,6.858642093395692
33.55863343798643,-105.6280529260994,2081,9,167,-24,6.451747248958747
33.57456110807535,-105.32495253378468,2316,3,130,12,7.545104852168523
33.58975218160891,-105.02161928353236,1505,10,62,-21,6.345071884011764
33.60420479571331,-104.71806405479964,1226,3,180,5,7.545104852168523
33.617917175552606,-104.41429777719534,1110,3,286,14,7.545104852168523
33.63088763492105,-104.11033142812435,1213,1,90,0,8.607715418818213
33.64311457680716,-103.80617603040416,1292,0,0,-10,11.522875795823397
33.65459649392911,-103.50184264985432,1322,4,0,-3,7.261413878822431
33.66533196924109,-103.19734239286124,1250,0,0,4,11.522875795823397
33.67531967641027,-102.8926864039185,1176,1,310,-3,8.607715418818213
33.684558380263915,-102.58788586314483,1112,5,238,-6,7.040188830991998
33.693046937206674,-102.28295198378088,1060,1,50,-5,8.607715418818213
33.70078429560739,-101.97789600966634,1007,1,90,2,8.607715418818213
33.707769496155336,-101.6727292126987,984,2,293,-3,7.941743691836643
33.71400167218558,-101.36746289027542,942,2,180,-12,7.941743691836643
33.71948004997336,-101.0621083627206,914,8,305,-3,6.570477324756705
33.72420394899711,-100.75667697069812,751,5,58,-8,7.040188830991998
33.72817278217002,-100.45118007261246,610,1,90,-7,8.607715418818213
33.73138605604,-100.14562904199884,540,3,310,-5,7.545104852168523
33.73384337095779,-99.84003526490432,475,1,50,-1,8.607715418818213
33.73554442121335,-99.53441013726125,395,2,90,4,7.941743691836643
33.73648899514001,-99.22876506225488,349,4,119,2,7.261413878822431
33.73667697518688,-98.92311144768657,354,2,113,-4,7.941743691836643
33.73610833795882,-98.61746070333416,306,3,270,6,7.545104852168523
33.734783154224495,-98.31182423831106,295,6,130,0,6.858642093395692
33.732701588892176,-98.00621345842607,289,3,0,-3,7.545104852168523
33.7298639009536,-97.70063976354484,321,3,0,-3,7.545104852168523
33.72627044339538,-97.395114544955,345,1,270,2,8.607715418818213
33.72192166307874,-97.08964918273672,251,4,197,-4,7.261413878822431
33.71681810058717,-96.7842550431396,196,0,0,1,11.522875795823397
33.71096039004223,-96.4789434759683,172,3,158,-6,7.545104852168523
33.70434925888764,-96.17372581197772,184,1,90,-6,8.607715418818213
33.69698552764197,-95.86861336027997,174,0,0,7,11.522875795823397
33.68887010961969,-95.5636174057639,166,3,106,0,7.545104852168523
33.6800040106213,-95.25874920652971,160,4,180,-7,7.261413878822431
33.67038832859234,-94.95401999133897,136,3,338,-14,7.545104852168523
33.66002425325168,-94.64944095708256,104,1,230,-3,8.607715418818213
33.64891306568948,-94.3450232662675,95,2,270,1,7.941743691836643
33.63705613793474,-94.04077804452425,93,3,180,0,7.545104852168523
33.62445493249324,-93.73671637813564,99,5,194,0,7.040188830991998
33.611111001855534,-93.4328493115895,121,5,67,6,7.040188830991998
33.597025987976245,-93.1291878451554,101,3,286,-1,7.545104852168523
33.582201621723925,-92.82574293248796,39,9,84,-1,6.451747248958747
33.56663972230285,-92.5225254782569,62,2,293,3,7.941743691836643
33.55034219664658,-92.21954633580624,60,1,270,8,8.607715418818213
33.5333110387837,-91.9168163048429,51,1,310,10,8.607715418818213
33.51554832917662,-91.61434612915676,56,3,180,-2,7.545104852168523
33.49705623403321,-91.31214649437273,41,2,329,-3,7.941743691836643
33.47783700459247,-91.01022802573644,35,1,90,8,8.607715418818213
33.45789297638406,-90.70860128593456,37,1,270,-1,8.607715418818213
33.437226568462535,-90.40727677295044,31,0,0,0,11.522875795823397
33.41584028261692,-90.10626491795696,35,1,180,3,8.607715418818213
33.39373670255566,-89.80557608324663,113,3,270,3,7.545104852168523
33.370918493067954,-89.50522056020077,144,1,180,-4,8.607715418818213
33.34738839916189,-89.20520856729794,178,3,254,-5,7.545104852168523
33.32314924517977,-88.90555024816327,82,3,202,6,7.545104852168523
33.29820393389138,-88.60625566965882,100,3,254,-3,7.545104852168523
33.27255544556582,-88.30733482001634,42,0,0,0,11.522875795823397
33.24620683702226,-88.00879760701287,95,4,61,-16,7.261413878822431
33.21916124066052,-87.71065385618998,91,6,289,8,6.858642093395692
33.19142186347187,-87.41291330911744,118,6,36,-2,6.858642093395692
33.16299198603071,-87.11558562170177,178,6,338,8,6.858642093395692
33.13387496146789,-86.81868036254042,159,6,0,3,6.858642093395692
33.104074214426184,-86.522207011322,139,3,310,-15,7.545104852168523
33.07359323999845,-86.22617495727326,224,4,219,5,7.261413878822431
33.04243560264951,-85.930593497653,202,7,82,-16,6.70452216925573
33.01060493512198,-85.63547183629362,203,2,211,0,7.941743691836643
32.97810493732688,-85.34081908219036,235,2,67,4,7.941743691836643
32.9449393752198,-85.046644248139,228,3,310,13,7.545104852168523
32.911112079663084,-84.75295624942183,259,5,282,3,7.040188830991998
32.87662694527489,-84.45976390254242,227,9,195,-11,6.451747248958747
32.84148792926549,-84.16707592400947,174,3,254,-6,7.545104852168523
32.80569905026202,-83.87490092916946,118,4,163,14,7.261413878822431
32.7692643871217,-83.58324743108881,97,1,310,-11,8.607715418818213
32.73218807773466,-83.29212383948517,125,4,31,-5,7.261413878822431
32.69447431781696,-83.00153845970804,100,7,341,8,6.70452216925573
32.65612735969423,-82.71149949176878,95,8,140,9,6.570477324756705
32.61715151107701,-82.42201502941984,67,1,130,3,8.607715418818213
32.57755113382794,-82.13309305928314,83,4,163,15,7.261413878822431
32.537330642722026,-81.84474146002766,69,8,277,-4,6.570477324756705
32.496494504200136,-81.55696800159579,23,1,180,4,8.607715418818213
32.455047235116794,-81.26978034447849,28,5,293,-14,7.040188830991998
32.412993401482524,-80.98318603903888,24,2,31,-3,7.941743691836643
32.370337617201805,-80.69719252488407,-1,2,180,2,7.941743691836643
32.67723880561751,-116.92258664889724,210,11,198,5,6.248120224858334
32.71937828763237,-116.6349967410159,798,1,50,9,8.607715418818213
32.760903563530974,-116.34681086936762,1319,2,90,6,7.941743691836643
32.801810034648234,-116.05803669909434,490,11,197,-4,6.248120224858334
32.842093152579096,-115.7686820072319,-11,2,149,5,7.941743691836643
32.88174842045475,-115.47875468200724,-39,1,310,4,8.607715418818213
32.92077139421336,-115.18826272208584,33,1,270,-6,8.607715418818213
32.959157683864696,-114.89721423576908,179,1,90,2,8.607715418818213
32.99690295474767,-114.60561744014116,131,13,329,9,6.076901183003046
33.03400292878054,-114.31348066016582,274,6,0,-16,6.858642093395692
33.07045338570263,-114.02081232773212,377,2,113,3,7.941743691836643
33.106250164307504,-113.7276209806501,305,1,310,11,8.607715418818213
33.14138916366611,-113.43391526159527,249,3,158,-5,7.545104852168523
33.17586634433996,-113.13970391700288,266,2,247,3,7.941743691836643
33.209677729583206,-112.8449957959111,304,2,149,6,7.941743691836643
33.24281940653312,-112.5497998487541,327,3,338,-5,7.545104852168523
33.27528752738813,-112.2541251261046,409,4,343,-8,7.261413878822431
33.30707831057296,-111.95798077736596,353,5,113,5,7.040188830991998
33.338188041889964,-111.66137604941468,413,4,39,4,7.261413878822431
33.3686130756561,-111.36432028519292,661,14,347,5,6.000299329861114
33.39834983582484,-111.06682292225165,1243,4,90,15,7.261413878822431
33.42739481709227,-110.7688934912446,1229,6,329,8,6.858642093395692
33.45574458598689,-110.470541614374,958,1,270,-2,8.607715418818213
33.48339578194214,-110.17177700378744,1575,25,145,19,5.376102417024408
33.51034511835135,-109.87260945992747,1901,5,58,-10,7.040188830991998
33.53658938360428,-109.573048869834,1931,5,0,5,7.040188830991998
33.56212544210429,-109.27310520539972,2441,41,140,-8,4.754325386578697
33.58695023526634,-108.97278852157996,1957,17,43,-2,5.7971052477000855
33.61106078249425,-108.67210895455692,2300,18,84,-11,5.73642582948546
33.63445418213707,-108.37107671985956,2315,6,288,-8,6.858642093395692
33.657127612424006,-108.06970211043938,2484,11,110,0,6.248120224858334
33.67907833237714,-107.7679954947034,2405,11,43,11,6.248120224858334
33.70030368270121,-107.46596731450488,2495,34,200,36,5.007651158298087
33.72080108665031,-107.1636280830926,1551,1,130,-1,8.607715418818213
33.74056805087037,-106.86098838302014,1445,8,315,8,6.570477324756705
33.759602166217455,-106.55805886401534,1465,1,310,-3,8.607715418818213
33.77790110855077,-106.25485024081178,1933,3,105,6,7.545104852168523
33.79546263950027,-105.9513732909427,1669,3,75,0,7.545104852168523
33.81228460720816,-105.64763885249886,2048,8,61,9,6.570477324756705
33.828364947043774,-105.34365782185128,1783,3,90,3,7.545104852168523
33.84370168229147,-105.03944115134009,1479,6,180,-3,6.858642093395692
33.85829292481095,-104.73499984693072,1314,7,278,-6,6.70452216925573
33.872136875669646,-104.4303449658386,1238,3,130,4,7.545104852168523
33.88523182574657,-104.12548761412378,1228,2,270,2,7.941743691836643
33.89757615630758,-103.82043894425674,1365,6,329,-14,6.858642093395692
33.909168339551066,-103.51521015265646,1380,3,75,-1,7.545104852168523
33.92000693912447,-103.20981247720276,1279,2,149,-4,7.941743691836643
33.930090610610456,-102.90425719472364,1199,0,0,0,11.522875795823397
33.939418101982994,-102.5985556184594,1158,3,105,6,7.545104852168523
33.947988254032694,-102.29271909550502,1086,1,310,-20,8.607715418818213
33.9558000007614,-101.98675900423216,1051,1,230,0,8.607715418818213
33.9628523697454,-101.68068675169232,1008,2,0,-3,7.941743691836643
33.96914448246727,-101.37451377100264,967,4,39,5,7.261413878822431
33.97467555461609,-101.06825151871618,933,7,124,5,6.70452216925573
33.979444896355595,-100.7619114721777,706,2,0,9,7.941743691836643
33.9834519125604,-100.455505126867,621,1,230,4,8.607715418818213
33.98669610301993,-100.14904399373135,515,5,206,7,7.040188830991998
33.98917706260993,-99.84253959650836,519,1,230,-5,8.607715418818213
33.99089448143133,-99.53600346904096,412,2,113,-1,7.941743691836643
33.99184814491684,-99.22944715258666,361,8,172,22,6.570477324756705
33.99203793390438,-98.92288219312182,366,6,329,-1,6.858642093395692
33.99146382467819,-98.61632013864332,318,2,180,-4,7.941743691836643
33.9901258889769,-98.30977253646893,303,1,50,-3,8.607715418818213
33.98802429396888,-98.00325093053796,287,1,130,0,8.607715418818213
33.9851593021948,-97.6967668587144,236,3,180,-7,7.545104852168523
33.98153127147765,-97.39033185009306,289,2,113,9,7.941743691836643
33.977140654799776,-97.0839574223118,245,2,329,3,7.941743691836643
33.971988000147626,-96.77765507887014,239,1,50,-4,8.607715418818213
33.96607395032383,-96.4714363064568,221,2,270,3,7.941743691836643
33.95939924272721,-96.16531257228738,156,3,0,6,7.545104852168523
33.9519647091002,-95.8592953214538,173,3,50,6,7.545104852168523
33.94377127524474,-95.55339597428716,144,4,0,-12,7.261413878822431
33.934819960706065,-95.24762592373555,122,2,180,-1,7.941743691836643
33.925111878424985,-94.9419965327586,143,3,255,-6,7.545104852168523
33.914648234358914,-94.63651913173972,125,1,180,6,8.607715418818213
33.90343032707178,-94.33120501591824,102,2,180,4,7.941743691836643
33.891459547293195,-94.02606544284257,95,2,180,2,7.941743691836643
33.87873737744711,-93.7211116298458,118,3,22,1,7.545104852168523
33.8652653911504,-93.41635475154544,130,1,90,-5,8.607715418818213
33.85104525268162,-93.11180593736852,81,2,180,4,7.941743691836643
33.83607871642037,-92.8074762691035,56,2,67,-2,7.941743691836643
33.82036762625763,-92.50337677848032,119,1,0,-5,8.607715418818213
33.80391391497744,-92.19951844478008,57,1,310,0,8.607715418818213
33.78671960361048,-91.8959121924753,74,3,130,1,7.545104852168523
33.768786800759706,-91.59256888890258,48,1,0,0,8.607715418818213
33.75011770189902,-91.28949934196817,39,1,270,11,8.607715418818213
33.730714588644666,-90.98671429788833,43,2,329,-3,7.941743691836643
33.71057982800081,-90.68422443896516,40,2,0,1,7.941743691836643
33.68971587157884,-90.38204038139928,46,2,180,-4,7.941743691836643
33.66812525479175,-90.08017267314035,47,6,36,-8,6.858642093395692
33.64581059602352,-89.77863179177635,91,11,99,4,6.248120224858334
33.62277459577436,-89.47742814246286,134,6,63,-5,6.858642093395692
33.599020035782445,-89.1765720558932,141,3,0,-4,7.545104852168523
33.57454977812235,-88.87607378631019,74,2,90,-2,7.941743691836643
33.54936676428122,-88.57594350956056,68,2,270,-5,7.941743691836643
33.52347401421295,-88.27619132119287,96,6,99,-5,6.858642093395692
33.49687462537114,-87.97682723459963,118,3,270,-8,7.545104852168523
33.469571771721455,-87.67786117920433,133,3,180,7,7.545104852168523
33.44156870273382,-87.37930299869417,121,17,90,-22,5.7971052477000855
33.412868742355414,-87.08116244929911,147,4,230,4,7.261413878822431
33.38347528796482,-86.78344919811784,132,4,241,6,7.261413878822431
33.353391809308185,-86.48617282149114,200,14,321,4,6.000299329861114
33.322621847417814,-86.18934280342329,162,17,165,-12,5.7971052477000855
33.29116901351422,-85.89296853405197,333,3,106,4,7.545104852168523
33.25903698789185,-85.59705930816698,242,0,0,0,11.522875795823397
33.22622951878959,-85.30162432377813,258,10,160,-15,6.345071884011764
33.192750421246494,-85.00667268073288,212,6,158,1,6.858642093395692
33.15860357594335,-84.71221337938373,241,3,254,10,7.545104852168523
33.12379292803109,-84.41825531930581,246,7,219,-6,6.70452216925573
33.08832248594625,-84.12480729806467,224,2,329,-11,7.941743691836643
33.052196320214605,-83.83187801003454,136,0,0,0,11.522875795823397
33.01541856224362,-83.5394760452674,183,2,270,-11,7.941743691836643
32.97799340310386,-83.24760988841236,126,6,90,6,6.858642093395692
32.93992509230092,-82.95628791768588,97,6,130,1,6.858642093395692
32.90121793653783,-82.66551840389272,136,3,90,-5,7.545104852168523
32.86187629846897,-82.37530950949734,73,1,270,-1,8.607715418818213
32.82190459544606,-82.08566928774592,62,7,161,-27,6.70452216925573
32.78130729825696,-81.79660568183861,91,5,58,-2,7.040188830991998
32.74008892985804,-81.50812652415217,44,1,90,-2,8.607715418818213
32.69825406410039,-81.22023953551248,41,0,0,4,11.522875795823397
32.655807324451146,-80.93295232451673,30,6,109,-5,6.858642093395692
32.61275338270996,-80.64627238690521,-3,0,0,0,11.522875795823397
32.56909695772193,-80.36020710498208,6,2,31,-1,7.941743691836643
32.920173071497466,-116.97307609914527,295,11,256,-10,6.248120224858334
32.96270476619428,-116.68478249290987,991,2,293,-9,7.941743691836643
33.00461689955696,-116.39588641342144,842,6,349,2,6.858642093395692
33.04590481500134,-116.1063955857662,108,5,42,-5,7.040188830991998
33.08656390667496,-115.81631784907394,-41,1,50,11,8.607715418818213
33.12658962075487,-115.52566115581398,-56,6,44,-11,6.858642093395692
33.16597745674028,-115.2344335710392,226,18,232,-3,5.73642582948546
33.20472296873868,-114.94264327157929,337,3,50,1,7.545104852168523
33.242821766745415,-114.65029854518193,85,4,90,-2,7.261413878822431
33.28026951791541,-114.35740778960236,456,4,321,-3,7.261413878822431
33.31706194782677,-114.06397951164132,639,5,206,11,7.040188830991998
33.35319484173541,-113.7700223261303,563,0,0,0,11.522875795823397
33.388664045819965,-113.47554495486538,467,4,180,3,7.261413878822431
33.42346546841652,-113.18055622548866,341,6,211,-4,6.858642093395692
33.457595081242005,-112.88506507031784,317,1,310,0,8.607715418818213
33.491048920606055,-112.5890805251238,517,10,50,16,6.345071884011764
33.52382308861035,-112.29261172785624,315,1,130,-5,8.607715418818213
33.5559137543347,-111.995667917318,545,15,291,-9,5.928550143214419
33.587317155009345,-111.69825843178764,447,1,270,7,8.607715418818213
33.61802959717273,-111.40039270759104,886,22,124,-20,5.519132026132706
33.648047457813846,-111.10208027762228,739,5,67,3,7.040188830991998
33.67736718549882,-110.80333076981351,820,15,280,-9,5.928550143214419
33.70598530148069,-110.5041539055555,1696,2,67,16,7.941743691836643
33.73389840079201,-110.20455949806794,1345,32,28,7,5.083968235816121
33.76110315331929,-109.90455745072089,2050,6,216,-12,6.858642093395692
33.78759630485888,-109.60415775530753,2550,11,70,7,6.248120224858334
33.81337467815343,-109.30337049026907,2414,14,281,7,6.000299329861114
33.83843517390836,-109.00220581887216,2352,7,199,-1,6.70452216925573
33.862774771787755,-108.70067398733951,2098,6,108,9,6.858642093395692
33.88639053138889,-108.39878532293504,2218,6,130,24,6.858642093395692
33.90927959319478,-108.09655023200324,2088,1,310,-8,8.607715418818213
33.93143917950436,-107.79397919796466,2103,3,158,7,7.545104852168523
33.95286659533932,-107.49108277926784,2317,3,0,-7,7.545104852168523
33.97355922932731,-107.18787160729842,3031,28,241,18,5.2451216767435955
33.99351455456073,-106.88435638424713,1397,3,22,-11,7.545104852168523
34.01273012943074,-106.5805478809367,1693,3,202,-8,7.545104852168523
34.03120359843557,-106.2764569346096,1812,5,78,-5,7.040188830991998
34.04893269296308,-105.97209444667712,1877,4,119,5,7.261413878822431
34.06591523204656,-105.66747138043118,2064,2,68,2,7.941743691836643
34.08214912309359,-105.36259875871993,1745,2,180,1,7.941743691836643
34.09763236258736,-105.05748766158852,1569,3,158,0,7.545104852168523
34.11236303675984,-104.75214922388608,1412,6,90,6,6.858642093395692
34.12633932223657,-104.44659463284034,1279,7,39,-6,6.70452216925573
34.13955948665239,-104.14083512560094,1257,3,50,-1,7.545104852168523
34.152021889237965,-103.83488198675332,1363,6,36,7,6.858642093395692
34.16372498137631,-103.52874654580404,1260,4,270,-10,7.261413878822431
34.17466730712939,-103.22244017463905,1226,3,105,-6,7.545104852168523
34.18484750373395,-102.9159742849569,1192,1,50,0,8.607715418818213
34.19426430206645,-102.6093603256774,1149,3,0,-16,7.545104852168523
34.202916527077264,-102.30260978032813,1116,4,90,2,7.261413878822431
34.21080309819258,-101.99573416440973,1087,2,31,-3,7.941743691836643
34.217923029685096,-101.6887450227421,1025,2,90,-4,7.941743691836643
34.224275431012494,-101.38165392679232,987,5,292,17,7.040188830991998
34.22985950712343,-101.07447247198664,805,4,39,-8,7.261413878822431
34.234674558731214,-100.7672122750076,633,3,130,-1,7.545104852168523
34.23871998255466,-100.45988497107842,573,1,130,-2,8.607715418818213
34.24199527152605,-100.15250221123569,517,1,130,-4,8.607715418818213
34.24450001496609,-99.84507565959262,493,3,338,5,7.545104852168523
34.246233898725635,-99.53761699059416,428,5,0,12,7.040188830991998
34.247196705294215,-99.23013788626578,357,1,0,-2,8.607715418818213
34.24738831387518,-98.92265003345754,350,2,0,7,7.941743691836643
34.24680870042738,-98.61516512108533,334,2,68,-1,7.941743691836643
34.24545793767357,-98.3076948373706,293,2,270,5,7.941743691836643
34.243336195075216,-98.00025086708088,292,2,248,12,7.941743691836643
34.24044373877392,-97.692844888772,273,2,180,-2,7.941743691836643
34.23678093149955,-97.38548857203448,281,6,180,-16,6.858642093395692
34.23234823244501,-97.0781935747452,243,3,180,-7,7.545104852168523
34.2271461971077,-96.77097154032649,217,3,202,-7,7.545104852168523
34.22117547709798,-96.46383409501372,198,5,194,7,7.040188830991998
34.21443681991466,-96.15679284513398,181,3,90,-11,7.545104852168523
34.20693106868762,-95.84985937439644,149,6,288,-1,6.858642093395692
34.19865916188774,-95.54304524119672,161,1,180,4,8.607715418818213
34.18962213300468,-95.23636197593687,207,4,39,-7,7.261413878822431
34.179821110192115,-94.92982107836228,151,7,82,-8,6.70452216925573
34.16925731588126,-94.62343401491704,277,8,277,11,6.570477324756705
34.15793206636268,-94.31721221611996,232,4,270,2,7.261413878822431
34.14584677133672,-94.011167073962,186,4,31,-1,7.261413878822431
34.133002933432806,-93.70530993932702,128,4,180,0,7.261413878822431
34.119402147698246,-93.3996521194374,175,1,90,2,8.607715418818213
34.10504610105638,-93.09420487532589,109,9,107,-2,6.451747248958747
34.08993657173501,-92.78897941933488,100,3,158,-6,7.545104852168523
34.0740754286651,-92.4839869126452,100,7,255,-14,6.70452216925573
34.05746463085041,-92.1792384628348,92,2,293,-12,7.941743691836643
34.04010622670831,-91.87474512146964,66,1,270,-3,8.607715418818213
34.02200235338242,-91.5705178817274,50,0,0,1,11.522875795823397
34.00315523602735,-91.26656767605569,57,2,180,-1,7.941743691836643
33.98356718706623,-90.96290537386557,55,2,329,1,7.941743691836643
33.96324060542146,-90.65954177926224,43,0,0,0,11.522875795823397
33.94217797571906,-90.35648762881318,43,2,31,-4,7.941743691836643
33.92038186746724,-90.05375358935565,53,4,50,6,7.261413878822431
33.89785493421011,-89.75135025584397,109,7,304,-15,6.70452216925573
33.87459991265629,-89.44928814923819,94,3,105,2,7.545104852168523
33.85061962178397,-89.14757771443462,96,4,321,7,7.261413878822431
33.82591696192201,-88.84622931823945,76,1,50,4,8.607715418818213
33.8004949138087,-88.54525324738638,58,3,50,2,7.545104852168523
33.77435653762776,-88.24465970659882,115,3,22,17,7.545104852168523
33.747504972023265,-87.94445881669779,129,7,236,-3,6.70452216925573
33.71994343309318,-87.64466061275601,150,4,180,7,7.261413878822431
33.691675213362785,-87.34527504229925,104,8,214,-6,6.570477324756705
33.66270368073835,-87.04631196355504,134,4,163,9,7.261413878822431
33.633032277441856,-86.74778114374996,223,8,139,-4,6.570477324756705
33.60266451892723,-86.44969225745561,209,1,270,5,8.607715418818213
33.57160399277919,-86.15205488498408,166,14,266,-3,6.000299329861114
33.53985435759476,-85.85487851083327,267,5,138,-20,7.040188830991998
33.50741934184881,-85.55817252218242,331,5,193,7,7.040188830991998
33.47430274274373,-85.2619462074384,311,7,341,8,6.70452216925573
33.440508425044385,-84.966208754833,236,1,230,-12,8.607715418818213
33.406040319898665,-84.67096925107145,295,4,17,-11,7.261413878822431
33.370902423644736,-84.37623668003252,249,5,42,8,7.040188830991998
33.33509879660534,-84.08201992152036,239,3,254,3,7.545104852168523
33.2986335618699,-83.78832775006812,180,4,310,-1,7.261413878822431
33.261510904065474,-83.49516883379374,128,5,42,13,7.040188830991998
33.22373506811674,-83.2025517333076,138,11,162,-1,6.248120224858334
33.18531035799619,-82.91048490067226,159,3,180,-6,7.545104852168523
33.14624113546482,-82.61897667841441,143,1,0,3,8.607715418818213
33.10653181880434,-82.32803529858853,103,1,0,5,8.607715418818213
33.06618688154149,-82.03766888189263,100,2,329,1,7.941743691836643
33.02521085116502,-81.74788543683549,65,5,154,5,7.040188830991998
32.983608307836306,-81.4586928589557,43,3,230,2,7.545104852168523
32.94138388309387,-81.17009893009168,35,2,180,3,7.941743691836643
32.898542258553015,-80.88211131770299,24,2,90,1,7.941743691836643
32.855088164600744,-80.59473757424216,17,10,79,3,6.345071884011764
32.81102637908701,-80.30798513657702,16,2,270,-5,7.941743691836643
32.766361726012626,-80.02186132546302,4,3,180,-12,7.545104852168523
33.16302829707802,-117.02417565225323,318,14,224,-6,6.000299329861114
33.20595420291593,-116.73517073717446,951,23,62,-20,5.469880104866039
33.248255175158704,-116.44555672465086,750,28,66,46,5.2451216767435955
33.289926498598554,-116.1553414003663,313,5,258,6,7.040188830991998
33.33096350923184,-115.8645326662491,-71,0,0,0,11.522875795823397
33.37136159557935,-115.57313853976642,65,3,230,9,7.545104852168523
33.41111620000075,-115.28116715316553,648,1,310,-6,8.607715418818213
33.450222820003106,-114.988626752663,265,1,180,3,8.607715418818213
33.488677009542506,-114.6955256975804,71,2,0,-3,7.941743691836643
33.526474380317964,-114.40187245942704,337,10,192,-9,6.345071884011764
33.56361060305722,-114.10767562092936,464,2,149,-1,7.941743691836643
33.60008140879342,-113.81294387500688,383,1,50,5,8.607715418818213
33.63588259013216,-113.51768602369462,454,3,230,4,7.545104852168523
33.671010002507984,-113.22191097701216,540,1,180,-5,8.607715418818213
33.7054595654299,-112.92562775177912,558,4,0,-3,7.261413878822431
33.739227263714874,-112.62884547037726,515,1,230,-16,8.607715418818213
33.77230914870888,-112.33157335945933,451,7,285,5,6.70452216925573
33.80470133949446,-112.0338207486048,552,1,230,2,8.607715418818213
33.836400024084426,-111.73559706892289,813,1,90,35,8.607715418818213
33.86740146060077,-111.43691185160252,1128,18,64,-19,5.73642582948546
33.8977019784381,-111.13777472641064,1485,23,99,-28,5.469880104866039
33.92729797941086,-110.83819542013784,1875,25,233,3,5.376102417024408
33.956185938883905,-110.53818375499296,1826,14,79,-30,6.000299329861114
33.98436240688517,-110.23774964694648,1625,3,202,-9,7.545104852168523
34.01182400920031,-109.9369031040232,2023,11,133,8,6.248120224858334
34.03856744844844,-109.635654224545,2650,2,211,-2,7.941743691836643
34.064589505137945,-109.33401319532422,2532,7,321,14,6.70452216925573
34.0898870387023,-109.03199028980812,2363,1,270,5,8.607715418818213
34.11445698851465,-108.72959586617532,2403,3,75,-6,7.545104852168523
34.13829637488102,-108.42684036538508,2581,3,255,-4,7.545104852168523
34.161402300010955,-108.12373430917968,2317,3,158,-25,7.545104852168523
34.18377194896549,-107.82028829804156,2322,10,200,-3,6.345071884011764
34.20540259058141,-107.5165130091053,2288,3,158,-2,7.545104852168523
34.2262915783714,-107.2124191940259,1857,1,90,-1,8.607715418818213
34.24643635139954,-106.90801767680423,1424,3,90,3,7.545104852168523
34.26583443513118,-106.60331935157056,1812,2,90,1,7.941743691836643
34.28448344225732,-106.29833518032729,2001,6,296,21,6.858642093395692
34.30238107349199,-105.99307619065208,1954,2,292,-4,7.941743691836643
34.31952511834303,-105.68755347336254,1984,6,36,-7,6.858642093395692
34.33591345585518,-105.38177818014356,1881,3,255,-1,7.545104852168523
34.351544055325,-105.07576152113856,1694,3,22,3,7.545104852168523
34.366414976987336,-104.76951476250598,1561,4,219,-2,7.261413878822431
34.38052437267284,-104.46304922394248,1366,3,180,2,7.545104852168523
34.393870486435766,-104.15637627617392,1217,7,98,7,6.70452216925573
34.40645165515203,-103.8495073384156,1319,5,282,-19,7.040188830991998
34.41826630908682,-103.54245387580332,1346,1,0,7,8.607715418818213
34.42931297243157,-103.2352273967967,1318,2,248,-2,7.941743691836643
34.439590263809606,-102.92783945055604,1258,1,0,2,8.607715418818213
34.44909689675054,-102.62030162429458,1201,1,90,7,8.607715418818213
34.457831680132664,-102.31262554060729,1153,1,50,-3,8.607715418818213
34.46579351859325,-102.00482285477818,1110,4,241,20,7.261413878822431
34.4729814129065,-101.69690525206762,1052,15,343,-5,5.928550143214419
34.47939446032869,-101.38888444498102,1017,1,129,-1,8.607715418818213
34.48503185491041,-101.08077217052085,806,12,51,16,6.159167458950843
34.48989288777563,-100.77258018742354,695,2,90,-3,7.941743691836643
34.49397694736737,-100.46432027338304,595,4,141,3,7.261413878822431
34.49728351965989,-100.15600422226248,538,1,90,-1,8.607715418818213
34.49981218833706,-99.84764384129582,485,6,72,-28,6.858642093395692
34.50156263493703,-99.53925094828148,426,3,309,4,7.545104852168523
34.502534638962814,-99.23083736876907,385,2,149,-3,7.941743691836643
34.50272807795908,-98.9224149332415,390,5,68,-9,7.040188830991998
34.50214292755449,-98.61399547429404,349,3,231,0,7.545104852168523
34.50077926147047,-98.3055908238119,331,3,231,-6,7.545104852168523
34.498637251495325,-97.99721281014853,346,1,309,0,8.607715418818213
34.49571716742462,-97.68887325530577,310,2,248,-10,7.941743691836643
34.49201937696748,-97.38058397211826,291,4,329,4,7.261413878822431
34.48754434561869,-97.07235676144332,293,4,241,-12,7.261413878822431
34.482292636497114,-96.7642034093584,349,1,270,2,8.607715418818213
34.47626491015036,-96.4561356843676,221,4,119,1,7.261413878822431
34.469461924325664,-96.1481653346191,198,4,180,-10,7.261413878822431
34.461884533707355,-95.84030408513514,269,2,270,-5,7.941743691836643
34.45353368962115,-95.53256363505642,212,15,40,-7,5.928550143214419
34.44441043970533,-95.22495565490225,293,9,143,-13,6.451747248958747
34.43451592754895,-94.91749178384838,387,3,22,-3,7.545104852168523
34.42385139229773,-94.61018362702424,263,6,180,-3,6.858642093395692
34.412418168227425,-94.30304275283072,379,5,166,-7,7.040188830991998
34.400217684285465,-93.99608069028082,489,22,197,15,5.519132026132706
34.3872514636006,-93.6893089263638,274,3,50,-6,7.545104852168523
34.37352112296156,-93.38273890343542,202,3,230,1,7.545104852168523
34.35902837226462,-93.07638201663484,200,6,288,-2,6.858642093395692
34.343775013930546,-92.77024961133029,144,6,261,5,6.858642093395692
34.32776294229165,-92.46435298059453,90,4,61,-2,7.261413878822431
34.31099414294883,-92.15870336271198,112,1,180,1,8.607715418818213
34.29347069209953,-91.8533119387184,63,8,71,0,6.570477324756705
34.275194755836914,-91.54818982997466,59,1,310,3,8.607715418818213
34.256168589420554,-91.24334809577616,54,0,0,5,11.522875795823397
34.23639453651959,-90.93879773099866,45,5,78,1,7.040188830991998
34.2158750284283,-90.63454966378218,47,1,270,0,8.607715418818213
34.19461258325512,-90.33061475325395,49,3,180,-9,7.545104852168523
34.172609805085465,-90.0270037872915,69,9,301,6,6.451747248958747
34.14986938311868,-89.72372748032723,101,6,288,-9,6.858642093395692
34.12639409078029,-89.42079647119508,155,5,334,-4,7.040188830991998
34.10218678480955,-89.11822132102093,110,1,310,6,8.607715418818213
34.07725040432313,-88.816012511157,103,1,0,-13,8.607715418818213
34.05158796985571,-88.51418044116171,81,6,310,28,6.858642093395692
34.02520258237795,-88.21273542682562,122,4,130,7,7.261413878822431
33.99809742229237,-87.91168769824417,163,7,9,11,6.70452216925573
33.970275748408035,-87.61104739793832,215,8,283,4,6.570477324756705
33.94174089689458,-87.31082457902357,158,4,39,-7,7.261413878822431
33.912496280216324,-87.01102920342798,198,1,90,0,8.607715418818213
33.882545386046864,-86.71167114016004,140,13,37,10,6.076901183003046
33.85189177616542,-86.41276016362681,380,4,197,14,7.261413878822431
33.82053908533483,-86.11430595200301,228,11,130,-16,6.248120224858334
33.7884910201628,-85.81631808565112,232,14,33,-23,6.000299329861114
33.755751357946195,-85.51880604559373,337,8,110,-5,6.570477324756705
33.72232394549986,-85.22177921203753,376,9,46,-7,6.451747248958747
33.68821269797017,-84.92524686295009,366,8,290,-4,6.570477324756705
33.653421597634214,-84.6292181726893,243,3,230,14,7.545104852168523
33.61795469268542,-84.33370221068584,294,3,74,-8,7.545104852168523
33.58181609600605,-84.03870794017877,216,2,90,0,7.941743691836643
33.54500998392772,-83.74424421700445,238,4,149,-18,7.261413878822431
33.50754059498014,-83.45031978843912,191,2,31,4,7.941743691836643
33.46941222862932,-83.15694329209458,166,2,211,7,7.941743691836643
33.430629244005466,-82.86412325486769,179,1,130,0,8.607715418818213
33.39119605862172,-82.57186809194327,146,2,329,0,7.941743691836643
33.351117147084224,-82.28018610585013,151,7,39,-14,6.70452216925573
33.310397039794104,-81.98908548557073,90,5,154,-2,7.040188830991998
33.26904032164244,-81.69857430570359,73,6,349,9,6.858642093395692
33.22705163069857,-81.40866052567887,71,3,180,-8,7.545104852168523
33.184435656892646,-81.11935198902634,57,5,180,-5,7.040188830991998
33.14119714069306,-80.83065642269591,46,0,0,-17,11.522875795823397
33.097340871779394,-80.54258143642998,29,3,74,-3,7.545104852168523
33.052871687711644,-80.25513452218769,15,5,138,-3,7.040188830991998
33.00779447259629,-79.96832305362022,10,1,0,-7,8.607715418818213
32.962114155750136,-79.68215428559714,7,1,230,5,8.607715418818213
33.36185577645232,-117.36499231765684,164,5,238,2,7.040188830991998
33.40580341825458,-117.07589199117642,283,28,234,10,5.2451216767435955
33.44912556190997,-116.78616809836832,1143,2,67,1,7.941743691836643
33.49181738253851,-116.49582836701676,1307,23,228,-27,5.469880104866039
33.53387410559053,-116.20488064405686,104,9,73,1,6.451747248958747
33.57529100819417,-115.91333289492134,168,0,0,2,11.522875795823397
33.61606342049782,-115.62119320283335,577,1,90,-2,8.607715418818213
33.656186727007395,-115.3284697680458,562,15,154,8,5.928550143214419
33.69565636791749,-115.0351709070262,140,3,202,-3,7.545104852168523
33.73446784043537,-114.74130505158732,163,4,343,-1,7.261413878822431
33.77261670009779,-114.44688074796302,96,2,270,1,7.941743691836643
33.81009856207915,-114.15190665582963,317,1,310,-4,8.607715418818213
33.84690910249075,-113.85639154727212,371,1,180,-3,8.607715418818213
33.88304405967047,-113.56034430569554,634,1,130,-3,8.607715418818213
33.918499235461525,-113.26377392468144,660,4,17,2,7.261413878822431
33.95327049648044,-112.96668950678922,756,1,310,0,8.607715418818213
33.98735377537271,-112.66910026230272,785,5,206,1,7.040188830991998
34.02074507205591,-112.371015507922,892,18,213,-14,5.73642582948546
34.05344045494939,-112.07244466540044,822,6,310,38,6.858642093395692
34.08543606218963,-111.77339726012757,1333,22,25,-35,5.519132026132706
34.116728102830855,-111.47388291965764,2235,27,75,3,5.287654659051184
34.14731285802992,-111.17391137218443,1369,38,114,19,4.860913441019714
34.177186682214845,-110.87349244496258,1828,30,190,10,5.162923839635655
34.2063460042362,-110.57263606267584,1971,21,107,29,5.5701918233974546
34.23478732850076,-110.27135224575272,2107,7,341,3,6.70452216925573
34.26250723608661,-109.96965110863016,1971,2,0,-2,7.941743691836643
34.28950238583897,-109.66754285796556,2048,2,90,-1,7.941743691836643
34.31576951544616,-109.36503779079791,1878,1,0,-1,8.607715418818213
34.34130544249488,-109.0621462926588,2162,2,270,1,7.941743691836643
34.36610706550416,-108.75887883563372,2033,2,270,13,7.941743691836643
34.39017136493745,-108.45524597637484,2238,5,68,-6,7.040188830991998
34.41349540419196,-108.15125835406546,2291,2,68,-2,7.941743691836643
34.436076330564696,-107.84692668833787,2175,5,222,-10,7.040188830991998
34.457911376194545,-107.54226177714467,1950,16,168,9,5.860997933550507
34.47899785897994,-107.237274494585,1820,3,338,-5,7.545104852168523
34.4993331834711,-106.9319757886865,1524,2,112,-12,7.941743691836643
34.51891484173664,-106.62637667914431,1563,6,309,-9,6.858642093395692
34.53774041420378,-106.32048825501788,2084,0,0,-1,11.522875795823397
34.555807570471444,-106.01432167238686,1852,2,90,2,7.941743691836643
34.57311407009617,-105.70788815196744,1937,3,105,-1,7.545104852168523
34.58965776334955,-105.40119897669008,1912,1,309,-7,8.607715418818213
34.60543659194748,-105.09426548924009,1668,1,180,-3,8.607715418818213
34.62044858974996,-104.78709908956246,1527,2,149,0,7.941743691836643
34.63469188343165,-104.47971123233212,1384,2,329,0,7.941743691836643
34.648164693122126,-104.17211342439089,1382,5,154,-3,7.040188830991998
34.6608653330157,-103.86431722215318,1418,3,270,-3,7.545104852168523
34.67279221195047,-103.5563342289811,1417,7,262,-4,6.70452216925573
34.68394383395579,-103.24817609253115,1351,3,309,0,7.545104852168523
34.69431879876802,-102.93985450207362,1302,1,270,9,8.607715418818213
34.70391580231449,-102.63138118578637,1229,2,68,-1,7.941743691836643
34.712733637164625,-102.3227679080248,1168,5,270,0,7.040188830991998
34.720771192948526,-102.0140264665694,1131,5,0,10,7.040188830991998
34.72802745674237,-101.70516868985246,1061,6,309,7,6.858642093395692
34.73450151342062,-101.39620643416598,960,15,9,-13,5.928550143214419
34.74019254597442,-101.08715158085204,742,4,119,1,7.261413878822431
34.74509983579628,-100.7780160334778,742,2,149,8,7.941743691836643
34.74922276293076,-100.46881171499648,632,5,90,-8,7.040188830991998
34.75256080629079,-100.15955056489624,575,7,161,-2,6.70452216925573
34.75511354383977,-99.85024453633874,533,4,180,1,7.261413878822431
34.756880652739085,-99.5409055932892,488,3,231,3,7.545104852168523
34.757861909460864,-99.2315457076396,467,4,119,-17,7.261413878822431
34.75805718986636,-98.92217685632704,434,1,180,2,8.607715418818213
34.7574664692493,-98.61281101844872,614,5,346,-6,7.040188830991998
34.75608982234445,-98.30346017237578,388,5,14,5,7.040188830991998
34.75392742330164,-97.99413629286754,405,1,51,-5,8.607715418818213
34.750979545624695,-97.68485134818788,369,3,129,3,7.545104852168523
34.74724656207581,-97.37561729722589,289,6,144,-4,6.858642093395692
34.74272894454529,-97.06644608662222,293,2,270,10,7.941743691836643
34.73742726388652,-96.75734964790324,303,2,68,4,7.941743691836643
34.73134218971681,-96.44833989462448,243,3,158,3,7.545104852168523
34.72447449018359,-96.13942871952558,239,2,329,-4,7.941743691836643
34.71682503169669,-95.8306279916979,232,1,270,5,8.607715418818213
34.70839477862668,-95.52194955376714,283,14,171,-16,6.000299329861114
34.69918479296938,-95.21340521909228,246,5,282,3,7.040188830991998
34.68919623397693,-94.90500676898274,208,4,105,2,7.261413878822431
34.67843035775569,-94.59676594993545,598,17,191,11,5.7971052477000855
34.66688851683121,-94.28869447089328,535,21,49,11,5.5701918233974546
34.65457215968054,-93.98080400052704,557,22,83,-20,5.519132026132706
34.64148283023231,-93.67310616454176,232,3,231,0,7.545104852168523
34.627622167334884,-93.36561254300968,194,6,288,8,6.858642093395692
34.612991904192924,-93.05833466773106,340,15,176,2,5.928550143214419
34.59759386777294,-92.75128401962452,123,4,299,-9,7.261413878822431
34.58142997817798,-92.44447202614822,114,5,102,15,7.040188830991998
34.56450224799215,-92.13791005875342,77,4,39,-7,7.261413878822431
34.5468127815952,-91.831609430372,62,1,0,2,8.607715418818213
34.52836377444799,-91.52558139293905,72,9,115,-9,6.451747248958747
34.50915751234877,-91.21983713495194,51,3,90,-2,7.545104852168523
34.48919637066161,-90.91438777906748,55,1,180,-1,8.607715418818213
34.468482813516495,-90.6092443797378,55,3,75,-4,7.545104852168523
34.44701939298275,-90.30441792088688,50,1,270,2,8.607715418818213
34.424808748215256,-89.9999193136283,75,2,211,9,7.941743691836643
34.401853604575045,-89.69575939402574,77,0,0,0,11.522875795823397
34.37815677272407,-89.39194892089712,147,7,170,7,6.70452216925573
34.35372114769527,-89.08849857366341,118,1,270,1,8.607715418818213
34.328549707938286,-88.78541895024325,95,2,211,0,7.941743691836643
34.30264551434165,-88.48272056499403,127,6,329,-12,6.858642093395692
34.2760117092319,-88.18041384670066,132,12,252,-17,6.159167458950843
34.24865151535046,-87.87850913661264,204,2,31,8,7.941743691836643
34.22056823480881,-87.57701668653027,256,8,270,13,6.570477324756705
34.19176524802274,-87.27594665694076,197,9,158,-1,6.451747248958747
34.1622460126263,-86.97530911520495,241,2,211,10,7.941743691836643
34.132014062366174,-86.67511403379523,239,1,90,0,8.607715418818213
34.10107300597723,-86.37537128858519,245,5,194,-12,7.040188830991998
34.06942652603974,-86.07609065719184,198,3,230,8,7.545104852168523
34.03707837781937,-85.77728181737041,173,5,0,-2,7.040188830991998
34.00403238809029,-85.47895434546255,309,14,105,3,6.000299329861114
33.97029245394224,-85.18111771489814,270,5,293,-1,7.040188830991998
33.93586254157248,-84.88378129475116,295,2,67,0,7.941743691836643
33.90074668506315,-84.58695434834978,322,5,180,2,7.040188830991998
33.86494898514459,-84.2906460319409,290,1,180,1,8.607715418818213
33.828473607946044,-83.99486539340955,288,2,31,-9,7.941743691836643
33.79132478373344,-83.69962137105296,274,2,0,0,7.941743691836643
33.753506805636185,-83.4049227924097,207,11,43,-8,6.248120224858334
33.71502402836257,-83.11077837314372,203,8,163,4,6.570477324756705
33.67588086690541,-82.81719671598326,149,2,247,6,7.941743691836643
33.63608179523801,-82.52418630971496,142,0,0,-10,11.522875795823397
33.595631345001706,-82.23175552823257,88,4,50,12,7.261413878822431
33.5545341041853,-81.93991262964035,152,8,41,9,6.570477324756705
33.51279471579728,-81.6486657554111,128,4,149,1,7.261413878822431
33.47041787653172,-81.35802292959839,95,7,351,3,6.70452216925573
33.42740833542816,-81.0679920581029,78,3,230,0,7.545104852168523
33.38377089252648,-80.77858092799231,57,4,17,2,7.261413878822431
33.33951039751748,-80.48979720687477,31,5,102,-9,7.040188830991998
33.294631748389804,-80.20164844232518,40,5,167,-14,7.040188830991998
33.24913989007357,-79.91414206136419,10,3,338,1,7.545104852168523
33.20303981308217,-79.62728536998915,10,4,119,-17,7.261413878822431
33.15633655215196,-79.34108555275687,0,3,338,3,7.545104852168523
33.559168883772735,-117.70723398934798,78,1,130,-12,8.607715418818213
33.60414607442042,-117.41805202862398,694,3,310,-8,7.545104852168523
33.64849735553065,-117.1282319163873,445,3,50,0,7.545104852168523
33.692217792290755,-116.83778131796566,733,11,197,-4,6.248120224858334
33.73530249929555,-116.54670802074207,410,15,135,5,5.928550143214419
33.77774664192158,-116.25501993355638,19,3,285,5,7.545104852168523
33.819545437697386,-115.96272508605244,1077,14,337,-1,6.000299329861114
33.86069415766908,-115.66983162797048,676,19,316,-5,5.67858487499791
33.90118812776057,-115.37634782838384,340,1,310,14,8.607715418818213
33.9410227301277,-115.08228207488048,538,7,170,4,6.70452216925573
33.980193404505414,-114.78764287268824,221,0,0,-3,11.522875795823397
34.01869564954745,-114.49243884374442,145,3,158,16,7.545104852168523
34.05652502415776,-114.19667872570886,265,2,293,-6,7.941743691836643
34.093677148812674,-113.90037137092068,531,1,0,-25,8.607715418818213
34.1301477068734,-113.6035257452985,614,7,207,-9,6.70452216925573
34.16593244588795,-113.30615092718443,638,4,310,5,7.261413878822431
34.20102717888158,-113.00825610613111,938,2,112,9,7.941743691836643
34.23542778563545,-112.70985058163282,1543,12,22,17,6.159167458950843
34.269130213952174,-112.41094376179971,1709,14,327,-19,6.000299329861114
34.30213048090788,-112.11154516197634,1144,7,68,-6,6.70452216925573
34.33442467409,-111.81166440330408,1725,22,334,-19,5.519132026132706
34.366008952819904,-111.51131121122764,1847,2,270,2,7.941743691836643
34.39687954935972,-111.21049541394652,1979,15,211,-1,5.928550143214419
34.42703277010256,-110.90922694081114,2272,4,119,-3,7.261413878822431
34.45646499674542,-110.60751582066456,2044,1,50,-4,8.607715418818213
34.48517268744404,-110.30537218012988,1838,3,285,-4,7.545104852168523
34.51315237794902,-110.00280624184416,1757,2,292,-3,7.941743691836643
34.54040068272224,-109.69982832263928,1711,3,75,-6,7.545104852168523
34.56691429603325,-109.39644883167009,1706,1,180,-2,8.607715418818213
34.592689993034696,-109.0926782684912,1837,5,238,1,7.040188830991998
34.6177246308159,-108.7885272210825,2241,5,238,19,7.040188830991998
34.64201514943436,-108.48400636382448,2248,1,270,-8,8.607715418818213
34.66555857292414,-108.17912645542408,2213,2,211,-3,7.941743691836643
34.688352010280376,-107.87389833679214,2259,7,199,7,6.70452216925573
34.71039265641982,-107.56833292887322,2196,1,180,-5,8.607715418818213
34.73167779311607,-107.26244123042866,2067,7,262,1,6.70452216925573
34.75220478990924,-106.9562343157743,1527,2,248,2,7.941743691836643
34.77197110498953,-106.64972333247346,1542,3,158,4,7.545104852168523
34.79097428605379,-106.34291949898687,2211,6,64,11,6.858642093395692
34.809211971134594,-106.03583410228016,1862,3,309,-8,7.545104852168523
34.826681889401534,-105.72847849539042,2000,1,0,-3,8.607715418818213
34.843381861933736,-105.42086409495336,1934,3,338,-1,7.545104852168523
34.85930980246318,-105.11300237869176,1649,1,51,4,8.607715418818213
34.8744637180888,-104.80490488286708,1541,4,219,-2,7.261413878822431
34.888841709959955,-104.49658319969552,1445,5,194,-4,7.040188830991998
34.90244197392962,-104.18804897472974,1443,1,270,11,8.607715418818213
34.91526280117624,-103.87931390420825,1351,4,231,-6,7.261413878822431
34.92730257879433,-103.5703897323731,1314,1,270,0,8.607715418818213
34.93855979035292,-103.2612882487585,1434,5,346,-5,7.040188830991998
34.94903301642164,-102.95202128545108,1312,5,154,-6,7.040188830991998
34.9587209350643,-102.64260071432383,1270,0,0,-2,11.522875795823397
34.967622322299135,-102.33303844424536,1188,2,68,-6,7.941743691836643
34.975736052525725,-102.02334641826592,1126,2,180,4,7.941743691836643
34.98306109891825,-101.71353661078231,1042,19,200,0,5.67858487499791
34.989596533784635,-101.40362102468292,1036,4,17,3,7.261413878822431
34.99534152889151,-101.09361168847488,915,2,180,1,7.941743691836643
35.000295355754574,-100.78352065339529,751,5,138,-3,7.040188830991998
35.0044573858943,-100.47335999050804,658,2,149,-4,7.941743691836643
35.00782709105673,-100.16314178778804,643,5,154,8,7.040188830991998
35.01040404339914,-99.85287814719496,582,6,116,5,6.858642093395692
35.01218791564052,-99.54258118173787,509,0,0,0,11.522875795823397
35.01317848117681,-99.2322630125332,497,2,0,-9,7.941743691836643
35.013375614160644,-98.9219357658573,458,4,180,-4,7.261413878822431
35.01277928954566,-98.61161157019596,434,2,329,-5,7.941743691836643
35.011389583095344,-98.3013025532923,424,2,149,9,7.941743691836643
35.009206671356296,-97.99102083919531,368,0,0,-2,11.522875795823397
35.00623083159614,-97.6807785453107,351,2,329,3,7.941743691836643
35.00246244170586,-97.37058777945587,323,1,231,-2,8.607715418818213
34.99790198006693,-97.06046063692102,322,2,180,3,7.941743691836643
34.992550025382954,-96.7504091975381,313,3,231,-2,7.545104852168523
34.986407256476475,-96.44044552275972,230,4,285,-4,7.261413878822431
34.97947445205046,-96.13058165274944,253,5,90,7,7.040188830991998
34.97175249041522,-95.82082960348546,195,2,68,2,7.941743691836643
34.96324234918055,-95.51120136387983,287,2,270,5,7.941743691836643
34.95394510491356,-95.20170889291433,233,14,175,6,6.000299329861114
34.9438619327624,-94.89236411679524,175,8,180,13,6.570477324756705
34.93299410604596,-94.58317892612872,318,13,250,-16,6.076901183003046
34.921342995810114,-94.27416517311823,196,9,282,-11,6.451747248958747
34.90891007035075,-93.96533466878608,265,4,141,5,7.261413878822431
34.895696894703725,-93.65669918022036,134,0,0,1,11.522875795823397
34.881705130102496,-93.34827042784929,337,1,270,-3,8.607715418818213
34.86693653340336,-93.0400600827442,235,14,62,0,6.000299329861114
34.851392956479216,-92.73207976395314,138,6,136,8,6.858642093395692
34.8350763455818,-92.4243410358662,73,0,0,0,11.522875795823397
34.81798874067314,-92.11685540561432,77,1,180,-10,8.607715418818213
34.800132274726735,-91.80963432050316,74,1,180,-2,8.607715418818213
34.78150917299866,-91.502689165483,66,4,321,13,7.261413878822431
34.76212175226944,-91.19603126065654,54,1,309,3,8.607715418818213
34.741972420057,-90.88967185882564,61,0,0,0,11.522875795823397
34.72106367380142,-90.58362214307844,60,5,346,-6,7.040188830991998
34.69939810002179,-90.27789322441794,60,4,321,3,7.261413878822431
34.67697837344612,-89.97249613943352,81,6,180,10,6.858642093395692
34.6538072561145,-89.66744184801622,137,8,289,1,6.570477324756705
34.629887596456506,-89.3627412311192,126,1,90,-2,8.607715418818213
34.60522232834319,-89.0584050885642,122,2,149,-7,7.941743691836643
34.5798144701143,-88.75444413689515,169,13,57,-7,6.076901183003046
34.55366712358182,-88.45086900727988,96,1,309,4,8.607715418818213
34.52678347300976,-88.14769024346076,199,11,241,-4,6.248120224858334
34.49916678407146,-87.84491829975521,203,1,51,5,8.607715418818213
34.47082040278498,-87.54256353910685,216,4,141,-4,7.261413878822431
34.441747754427006,-87.24063623118806,200,1,0,-3,8.607715418818213
34.41195234242638,-86.93914655055461,181,3,255,7,7.545104852168523
34.38143774723753,-86.6381045748531,251,3,285,4,7.545104852168523
34.35020762519492,-86.33752028308176,180,0,0,0,11.522875795823397
34.318265707349035,-86.03740355390502,332,1,0,13,8.607715418818213
34.28561579828468,-85.73776416402268,320,6,144,1,6.858642093395692
34.25226177492223,-85.43861178659373,195,11,227,-1,6.248120224858334
34.21820758530283,-85.13995598971549,249,9,329,-25,6.451747248958747
34.18345724735804,-84.84180623495827,236,2,68,3,7.941743691836643
34.14801484766475,-84.5441718759559,258,14,0,32,6.000299329861114
34.11188454018623,-84.24706215705227,330,5,194,-8,7.040188830991998
34.07507054499997,-83.95048621200425,367,7,219,2,6.70452216925573
34.037577147012826,-83.65445306274084,235,4,130,-7,7.261413878822431
33.99940869466487,-83.35897161817893,233,2,180,4,7.941743691836643
33.96056959862207,-83.0640506730955,211,3,50,0,7.545104852168523
33.921064330458655,-82.76969890705628,162,1,230,-3,8.607715418818213
33.88089742133036,-82.47592488340099,104,6,64,8,6.858642093395692
33.840073460638685,-82.18273704828475,139,2,247,-13,7.941743691836643
33.798597094687345,-81.89014372977563,194,1,50,2,8.607715418818213
33.75647302533159,-81.5981531370084,118,4,270,3,7.261413878822431
33.71370600862072,-81.30677335939374,120,2,270,-4,7.941743691836643
33.670300853435336,-81.01601236588313,102,3,0,-2,7.545104852168523
33.62626242011911,-80.72587800428867,69,6,0,16,6.858642093395692
33.58159561910649,-80.43637800065777,30,1,50,1,8.607715418818213
33.53630540954681,-80.14751995870212,36,4,17,3,7.261413878822431
33.49039679792544,-79.85931135928068,31,1,270,-6,8.607715418818213
33.44387483668269,-79.57175955993588,14,2,31,0,7.941743691836643
33.3967446228313,-79.28487179448301,6,6,50,18,6.858642093395692
33.75494936230017,-118.05090168632944,8,1,50,-7,8.607715418818213
33.8009637601747,-117.76165222367698,167,3,230,-4,7.545104852168523
33.84635199228186,-117.47174991153857,389,9,310,18,6.451747248958747
33.891109013673685,-117.18120234812714,506,3,50,4,7.545104852168523
33.93522982783748,-116.89001725660934,773,4,149,-5,7.261413878822431
33.97870948809644,-116.59820248456504,534,2,113,-6,7.941743691836643
34.02154309900714,-116.30576600339164,1510,18,7,37,5.73642582948546
34.063725817753124,-116.01271590765197,879,3,0,-3,7.545104852168523
34.10525285553396,-115.7190604143662,401,6,316,6,6.858642093395692
34.14611947894889,-115.42480786224688,533,14,5,-2,6.000299329861114
34.1863210113744,-115.1299667108767,256,2,68,4,7.941743691836643
34.22585283433495,-114.83454553982938,879,20,48,-48,5.623264340182601
34.26471038886633,-114.53855304773236,447,11,169,15,6.248120224858334
34.3028891768703,-114.24199805127226,357,14,189,-7,6.000299329861114
34.34038476246045,-113.94488948414198,361,1,180,2,8.607715418818213
34.37719277329811,-113.64723639593004,932,9,73,9,6.451747248958747
34.4133089019175,-113.34904795095176,1080,16,80,-1,5.860997933550507
34.448728907039595,-113.0503334270223,830,19,46,12,5.67858487499791
34.48344861487389,-112.75110221417168,1413,26,156,14,5.331277149398757
34.51746392040696,-112.451363813302,1814,12,40,0,6.159167458950843
34.55077078867759,-112.1511278347866,1504,2,149,4,7.941743691836643
34.58336525603719,-111.85040399701204,949,2,248,6,7.941743691836643
34.61524343139511,-111.54920212486232,1851,10,168,7,6.345071884011764
34.64640149744771,-111.24753214814646,2088,0,0,1,11.522875795823397
34.67683571189097,-110.94540409996908,1952,8,56,10,6.570477324756705
34.70654240861522,-110.64282811504516,1775,6,90,7,6.858642093395692
34.7355179988817,-110.3398144279586,1766,3,309,-3,7.545104852168523
34.76375897248013,-110.036373371366,1603,4,241,-2,7.261413878822431
34.79126189886635,-109.73251537414532,1677,1,0,2,8.607715418818213
34.8180234282795,-109.42825095949088,1856,1,90,-4,8.607715418818213
34.844040292837896,-109.12359074295487,1873,4,343,6,7.261413878822431
34.86930930761294,-108.8185454304364,2084,0,0,-1,11.522875795823397
34.89382737168036,-108.51312581611846,2221,6,261,6,6.858642093395692
34.91759146914796,-108.20734278035444,2313,5,14,4,7.040188830991998
34.940598670159424,-107.90120728750414,2086,2,248,5,7.941743691836643
34.96284613187324,-107.59473038372104,2033,0,0,3,11.522875795823397
34.98433109941628,-107.28792319469127,1710,2,90,-6,7.941743691836643
35.005050906811206,-106.98079692332593,1619,0,0,0,11.522875795823397
35.02500297787729,-106.67336284740698,1505,2,112,6,7.941743691836643
35.044184827103834,-106.36563231718904,2202,7,255,-2,6.70452216925573
35.06259406049561,-106.05761675295724,1909,2,0,-6,7.941743691836643
35.080228376389826,-105.74932764254297,2105,4,255,-8,7.261413878822431
35.097085566244075,-105.44077653879869,1949,3,202,-8,7.545104852168523
35.1131635153944,-105.13197505703327,1663,1,51,-3,8.607715418818213
35.12846020378332,-104.82293487240894,1555,7,321,-9,6.70452216925573
35.14297370665729,-104.51366771730154,1424,2,292,3,7.941743691836643
35.15670219523259,-104.2041853786258,1427,6,180,-4,6.858642093395692
35.169643937329845,-103.8944996951264,1282,15,193,23,5.928550143214419
35.18179729797635,-103.58462255463736,1226,3,0,1,7.545104852168523
35.193160739975674,-103.27456589131044,1277,2,90,-24,7.941743691836643
35.20373282444444,-102.96434168281496,1169,7,231,6,6.70452216925573
35.213512211315695,-102.6539619475101,1272,7,105,-24,6.70452216925573
35.2224976598085,-102.34343874159175,1222,3,0,15,7.545104852168523
35.23068802886348,-102.0327841562157,1152,4,285,-4,7.261413878822431
35.238082277544024,-101.72201031459826,1099,5,137,3,7.040188830991998
35.24467946540262,-101.41112936909724,1050,5,206,-7,7.040188830991998
35.25047875281245,-101.10015349827404,1002,5,102,-6,7.040188830991998
35.25547940126362,-100.78909490393924,849,2,292,5,7.941743691836643
35.259680773624055,-100.47796580818334,837,1,129,-22,8.607715418818213
35.26308233436478,-100.16677845039472,679,9,84,-1,6.451747248958747
35.26568364974927,-99.85554508426652,618,1,129,-9,8.607715418818213
35.26748438798721,-99.5442779747942,553,6,81,-4,6.858642093395692
35.268484319351785,-99.23298939526626,548,2,211,-9,7.941743691836643
35.2686833162612,-98.92169162424923,469,1,90,3,8.607715418818213
35.26808135332394,-98.61039694256976,468,3,129,1,7.545104852168523
35.266678507347656,-98.2991176302948,387,3,129,0,7.545104852168523
35.26447495731199,-97.9878659637125,406,9,78,5,6.451747248958747
35.26147098430513,-97.6766542123157,412,5,258,-3,7.040188830991998
35.25766697142435,-97.36549463578928,354,4,329,3,7.261413878822431
35.25306340364014,-97.05439948100428,359,4,129,-8,7.261413878822431
35.247660867624774,-96.7433809790199,284,2,211,-1,7.941743691836643
35.24146005154467,-96.43245134209562,254,4,163,6,7.261413878822431
35.2344617448173,-96.12162276071544,249,3,338,0,7.545104852168523
35.22666683783237,-95.81090740062577,202,6,231,7,6.858642093395692
35.21807632163794,-95.50031739988924,188,1,309,-1,8.607715418818213
35.20869128759113,-95.18986486595595,183,2,112,1,7.941743691836643
35.19851292697432,-94.87956187275408,209,2,0,-1,7.941743691836643
35.18754253057662,-94.56942045780173,172,6,348,-9,6.858642093395692
35.1757814882411,-94.25945261934176,241,11,275,-1,6.248120224858334
35.16323128837826,-93.94967031350124,229,8,97,3,6.570477324756705
35.14989351744571,-93.64008545147736,291,9,211,12,6.451747248958747
35.13576985939485,-93.33070989675146,119,5,112,11,7.040188830991998
35.120862095084746,-93.02155546233274,93,2,149,4,7.941743691836643
35.10517210166364,-92.7126339080335,85,1,129,3,8.607715418818213
35.08870185191844,-92.40395693777717,97,4,31,5,7.261413878822431
35.07145341359296,-92.09553619694093,79,3,0,11,7.545104852168523
35.053428948675084,-91.78738326973432,59,2,112,2,7.941743691836643
35.03463071265345,-91.47950967661536,62,2,270,-10,7.941743691836643
35.01506105374435,-91.17192687174546,53,5,42,21,7.040188830991998
34.99472241208907,-90.86464624048476,62,1,180,0,8.607715418818213
34.97361731892258,-90.55767909692884,57,1,270,0,8.607715418818213
34.951748395713864,-90.2510366814886,54,0,0,0,11.522875795823397
34.929118353278724,-89.94473015851402,112,4,17,-2,7.261413878822431
34.90572999086545,-89.63877061396323,112,1,270,-2,8.607715418818213
34.88158619521423,-89.33316905311831,186,2,270,-3,7.941743691836643
34.85668993959059,-89.0279363983483,202,9,309,20,6.451747248958747
34.83104428279403,-88.72308348692097,178,10,6,-12,6.345071884011764
34.80465236814204,-88.41862106886403,171,5,0,4,7.040188830991998
34.7775174224304,-88.11455980487689,146,6,338,2,6.858642093395692
34.74964275487046,-87.81091026429394,161,1,309,-10,8.607715418818213
34.72103175600413,-87.50768292309967,179,4,39,-4,7.261413878822431
34.69168789659719,-87.204888161997,173,3,22,5,7.545104852168523
34.66161472651167,-86.9025362645294,185,1,309,1,8.607715418818213
34.63081587355811,-86.60063741525704,177,1,51,-13,8.607715418818213
34.59929504232846,-86.29920169798808,180,2,180,-5,7.941743691836643
34.56705601301003,-85.99823909406548,400,3,255,-4,7.545104852168523
34.53410264018196,-85.69775948070973,338,13,129,20,6.076901183003046
34.500438851594,-85.39777262941816,226,15,299,-7,5.928550143214419
34.466068646929344,-85.09828820442084,201,2,112,8,7.941743691836643
34.430996096551496,-84.79931576119398,223,6,191,-8,6.858642093395692
34.39522534023641,-84.5008647450305,404,11,119,10,6.248120224858334
34.358760585890515,-84.2029444896685,346,12,86,-22,6.159167458950843
34.3216061082554,-83.9055642159774,370,6,288,11,6.858642093395692
34.283766247599864,-83.60873303070234,257,3,130,-9,7.545104852168523
34.24524540840028,-83.31245992526624,226,6,90,4,6.858642093395692
34.20604805800994,-83.01675377463046,224,5,0,2,7.040188830991998
34.16617872531802,-82.72162333621306,148,0,0,0,11.522875795823397
34.12564199939928,-82.4270772488653,175,3,230,7,7.545104852168523
34.0844425281548,-82.13312403190602,194,5,206,5,7.040188830991998
34.042585016944976,-81.8397720842135,165,5,138,-12,7.040188830991998
34.00007422721518,-81.54702968337504,138,3,338,-5,7.545104852168523
33.95691497511505,-81.25490498489364,118,9,84,-13,6.451747248958747
33.91311213011195,-80.9634060214516,39,3,130,-10,7.545104852168523
33.86867061359975,-80.6725407022307,54,3,270,-1,7.545104852168523
33.82359539750292,-80.38231681228856,59,1,0,2,8.607715418818213
33.77789150287762,-80.09274201199067,27,6,224,-8,6.858642093395692
33.73156399850957,-79.80382383649784,17,5,293,8,7.040188830991998
33.68461799951013,-79.51556969530834,18,12,103,9,6.159167458950843
33.6370586659109,-79.22798687185417,11,5,282,6,7.040188830991998
33.94917902383324,-118.39599593521665,32,3,0,8,7.545104852168523
33.99623812890292,-118.1066934600677,45,0,0,0,11.522875795823397
34.04267096909633,-117.81672332839996,206,1,230,3,8.607715418818213
34.08847238918722,-117.52609306655329,340,2,329,-2,7.941743691836643
34.13363728136251,-117.23481032871044,379,1,130,-9,8.607715418818213
34.178160586648964,-116.94288289641725,1522,9,134,-13,6.451747248958747
34.22203729633742,-116.65031867804632,1889,8,97,-25,6.570477324756705
34.26526245340385,-116.35712570820434,907,3,90,-6,7.545104852168523
34.30783115392691,-116.06331214708123,896,27,222,-27,5.287654659051184
34.349738548500724,-115.7688862797422,659,5,78,2,7.040188830991998
34.39097984364248,-115.47385651536077,179,3,270,7,7.545104852168523
34.43155030319401,-115.17823138639405,942,13,237,-16,6.076901183003046
34.47144524971655,-114.88201954769832,516,4,343,-9,7.261413878822431
34.51066006587788,-114.58522977558609,501,2,180,-5,7.941743691836643
34.549190195831194,-114.28787096682338,466,4,270,0,7.261413878822431
34.58703114658483,-113.98995213756768,645,2,248,0,7.941743691836643
34.624178489361945,-113.6914824222462,1181,7,199,8,6.70452216925573
34.66062786094979,-113.3924710723744,1265,22,71,-26,5.519132026132706
34.69637496503712,-113.09292745531488,1641,1,231,-5,8.607715418818213
34.73141557353973,-112.79286105297643,1713,12,86,-15,6.159167458950843
34.76574552791253,-112.49228146045373,1430,4,329,-7,7.261413878822431
34.79936074044809,-112.1911983846072,1570,6,296,-6,6.858642093395692
34.832257195560366,-111.88962164258425,1245,4,231,6,7.261413878822431
34.86443095105294,-111.58756116028074,2015,1,180,-5,8.607715418818213
34.89587813937124,-111.28502697074448,2152,2,112,-2,7.941743691836643
34.92659496883755,-110.98202921251996,1703,3,51,-4,7.545104852168523
34.956577724868346,-110.67857812793532,1534,4,241,4,7.261413878822431
34.985822771173034,-110.37468406133183,1536,5,90,2,7.040188830991998
35.01432655093336,-110.0703574572368,1642,8,180,3,6.570477324756705
35.042085587962795,-109.76560885847957,1658,4,149,10,7.261413878822431
35.06909648784493,-109.46044890425247,1808,4,299,-5,7.261413878822431
35.095355939050386,-109.15488832811648,1984,4,141,-6,7.261413878822431
35.1208607140314,-108.8489379559528,2104,5,302,2,7.040188830991998
35.145607670293344,-108.542608703861,2149,14,312,-16,6.000299329861114
35.1695937514423,-108.23591157600468,2431,2,329,1,7.941743691836643
35.19281598820845,-107.92885766240572,2002,1,90,7,8.607715418818213
35.21527149944406,-107.62145813668754,2960,15,241,7,5.928550143214419
35.236957493095574,-107.31372425376928,1978,5,248,0,7.040188830991998
35.25787126714943,-107.00566734751108,1691,3,202,-16,7.545104852168523
35.27801021055039,-106.69729882831244,1670,4,75,-3,7.261413878822431
35.29737180409225,-106.38863018066394,2053,14,68,13,6.000299329861114
35.31595362128,-106.07967296065476,1963,2,68,-6,7.941743691836643
35.33375332916303,-105.77043879343591,2189,9,129,7,6.451747248958747
35.350768689138526,-105.46093937064175,1863,4,180,-5,7.261413878822431
35.36699755772487,-105.15118644777034,2044,2,328,-3,7.941743691836643
35.38243788730416,-104.84119184152456,1724,3,129,-5,7.545104852168523
35.39708772683337,-104.5309674271152,1442,5,154,-4,7.040188830991998
35.41094522252394,-104.22052513552788,1323,2,32,2,7.941743691836643
35.424008618488784,-103.90987695075466,1402,2,180,0,7.941743691836643
35.436276257356774,-103.59903490699314,1249,1,51,-3,8.607715418818213
35.44774658085392,-103.28801108581328,1188,3,202,-4,7.545104852168523
35.45841813035087,-102.97681761329495,1122,4,255,-3,7.261413878822431
35.4682895473765,-102.66546665713705,1109,3,129,14,7.545104852168523
35.477359574097065,-102.35397042374,1041,7,285,12,6.70452216925573
35.485627053760375,-102.04234115526424,978,3,51,3,7.545104852168523
35.49309093110539,-101.73059112666547,950,2,0,10,7.941743691836643
35.49975025273585,-101.41873264270902,1010,4,309,1,7.261413878822431
35.50560416745861,-101.1067780349652,1014,3,309,-7,7.545104852168523
35.510651926585965,-100.79473965878752,942,8,236,4,6.570477324756705
35.514892884201835,-100.4826298902757,826,2,180,4,7.941743691836643
35.51832649739152,-100.17046112322495,746,0,0,-2,11.522875795823397
35.52095232643517,-99.8582457660645,758,1,129,2,8.607715418818213
35.522770034964374,-99.545996238786,567,5,334,12,7.040188830991998
35.52377939008207,-99.23372496986508,528,3,231,4,7.545104852168523
35.52398026244571,-98.921444393177,465,6,261,-1,6.858642093395692
35.52337262631328,-98.6091669449092,492,1,180,4,8.607715418818213
35.52195655955246,-98.29690506047186,438,0,0,3,11.522875795823397
35.519732243613056,-97.98467117140942,421,3,309,8,7.545104852168523
35.51669996346201,-97.6724777023144,382,1,51,10,8.607715418818213
35.51286010748201,-97.36033706774568,381,1,270,-4,8.607715418818213
35.50821316733288,-97.04826166915336,309,2,112,-6,7.941743691836643
35.50275973777663,-96.73626389181196,286,2,328,-7,7.941743691836643
35.49650051646551,-96.42435610176406,295,1,90,-3,8.607715418818213
35.48943630369412,-96.11255064277644,273,8,263,-4,6.570477324756705
35.481568002114784,-95.8008598333103,182,1,90,-7,8.607715418818213
35.47289661641732,-95.48929596350789,188,1,129,-6,8.607715418818213
35.46342325297269,-95.1778712921972,160,2,328,3,7.941743691836643
35.45314911944137,-94.86659804391682,164,1,0,8,8.607715418818213
35.44207552434631,-94.55548840596232,221,4,241,-5,7.261413878822431
35.43020387661105,-94.24455452545672,143,5,0,-5,7.040188830991998
35.417535685063314,-93.93380850644628,223,6,348,1,6.858642093395692
35.40407255790418,-93.6232624070235,110,3,202,3,7.545104852168523
35.389816202143685,-93.31292823647937,216,2,212,-8,7.941743691836643
35.37476842300278,-93.00281795248604,215,3,202,1,7.545104852168523
35.35893112328242,-92.69294345831226,165,5,194,-5,7.040188830991998
35.342306302700166,-92.38331660007243,185,1,270,2,8.607715418818213
35.32489605719457,-92.07394916401157,242,4,163,1,7.261413878822431
35.306702578198234,-91.76485287382728,110,2,248,3,7.941743691836643
35.287728151879655,-91.45603938803058,64,1,270,0,8.607715418818213
35.267975158354666,-91.1475202973466,58,2,211,8,7.941743691836643
35.24744607086801,-90.83930712215704,69,0,0,-2,11.522875795823397
35.22614345494542,-90.53141130998551,63,3,309,0,7.545104852168523
35.20406996751706,-90.2238442330271,67,1,0,1,8.607715418818213
35.181228356012866,-89.91661718572334,78,6,22,9,6.858642093395692
35.15762145743021,-89.60974138238417,116,1,309,-2,8.607715418818213
35.133252197374965,-89.30322795485758,164,2,149,-1,7.941743691836643
35.108123589076065,-88.99708795024836,181,8,8,-1,6.570477324756705
35.08223873237483,-88.69133232868695,157,3,0,10,7.545104852168523
35.055600812689285,-88.38597196114935,151,12,191,4,6.159167458950843
35.02821309995437,-88.08101762732912,223,4,321,-11,7.261413878822431
35.00007894753883,-87.77648001356226,251,3,129,0,7.545104852168523
34.97120179113923,-87.47236971080603,229,3,270,5,7.545104852168523
34.94158514765221,-87.16869721267216,230,10,80,-12,6.345071884011764
34.91123261402534,-86.86547291351546,257,2,329,19,7.941743691836643
34.880147866087675,-86.56270710657849,232,2,180,-1,7.941743691836643
34.84833465736046,-86.26040998219273,216,9,173,-10,6.451747248958747
34.81579681784894,-85.95859162603693,209,15,76,5,5.928550143214419
34.78253825281604,-85.65726201745318,457,4,75,-14,7.261413878822431
34.748562941538616,-85.35643102782107,281,6,0,21,6.858642093395692
34.71387493604712,-85.05610841899028,430,25,297,-6,5.376102417024408
34.67847835984931,-84.75630384177222,244,4,163,7,7.261413878822431
34.64237740663918,-84.45702683449062,421,13,161,-6,6.076901183003046
34.6055763389913,-84.15828682159147,596,10,334,0,6.345071884011764
34.568079487042105,-83.86009311231263,393,8,180,9,6.570477324756705
34.52989124715806,-83.56245489941293,426,5,122,12,7.040188830991998
34.4910160805923,-83.2653812579611,252,2,0,-4,7.941743691836643
34.451458512130046,-82.96888114418431,232,6,329,0,6.858642093395692
34.41122312872366,-82.67296339437648,240,2,248,4,7.941743691836643
34.37031457811835,-82.37763672386615,220,1,230,-1,8.607715418818213
34.32873756746896,-82.08290972604378,140,1,230,-9,8.607715418818213
34.28649686194891,-81.78879087144831,146,6,279,-9,6.858642093395692
34.243597283351946,-81.49528850691293,136,6,136,-10,6.858642093395692
34.20004370868739,-81.2024108547692,108,1,50,-5,8.607715418818213
34.15584106876986,-80.91016601211003,121,4,219,4,7.261413878822431
34.11099434680399,-80.61856195011046,42,1,310,7,8.607715418818213
34.0655085769651,-80.32760651340611,53,3,75,4,7.545104852168523
34.01938884297627,-80.03730741952884,46,4,241,1,7.261413878822431
33.97264027668298,-79.74767225839918,32,3,270,-6,7.545104852168523
33.9252680566256,-79.45870849187463,12,9,41,32,6.451747248958747
33.87727740661072,-79.17042345335385,26,10,90,-11,6.345071884011764
33.828673594281966,-78.88282434743573,16,16,352,-7,5.860997933550507
34.14183975355318,-118.74251675911928,277,3,310,0,7.545104852168523
34.1899509034403,-118.45317611974414,223,3,105,5,7.545104852168523
34.237435848381935,-118.16315291170416,870,35,311,10,4.970316820703456
34.28428932279152,-117.87245458461044,1079,19,318,-3,5.67858487499791
34.33050610742367,-117.58108871879293,1619,1,130,13,8.607715418818213
34.376081030826064,-117.2890630248836,1004,1,130,6,8.607715418818213
34.42100897078989,-116.9963853433434,953,3,310,4,7.545104852168523
34.465284855798174,-116.70306364393088,881,4,241,-3,7.261413878822431
34.508903666471056,-116.40910602511222,828,1,180,2,8.607715418818213
34.551860437007434,-116.11452071341289,556,1,90,9,8.607715418818213
34.594150256622186,-115.81931606270938,303,1,129,2,8.607715418818213
34.6357682709782,-115.52350055346156,548,3,202,-2,7.545104852168523
34.67670968361225,-115.22708279188473,641,1,309,-6,8.607715418818213
34.71696975735434,-114.93007150906104,555,1,51,-4,8.607715418818213
34.75654381573931,-114.63247555999052,313,0,0,-2,11.522875795823397
34.79542724441014,-114.33430392258076,375,1,270,1,8.607715418818213
34.83361549251212,-114.03556569657552,778,2,248,-2,7.941743691836643
34.87110407407703,-113.73627010242215,1165,4,141,12,7.261413878822431
34.907888569396626,-113.43642648007749,1445,14,132,4,6.000299329861114
34.943964626384485,-113.13604428775234,1732,2,90,3,7.941743691836643
34.97932796192554,-112.83513310059482,1685,4,241,4,7.261413878822431
35.013974363212355,-112.533702609312,1694,29,164,-9,5.203575778621866
35.04789968906752,-112.2317626187307,1768,4,255,-6,7.261413878822431
35.08109987125109,-111.9293230462972,1966,34,26,35,5.007651158298087
35.11357091575259,-111.62639392051626,2131,2,149,-3,7.941743691836643
35.14530890406642,-111.32298537932968,1865,2,292,1,7.941743691836643
35.176309994450165,-111.01910766843476,1557,4,329,4,7.261413878822431
35.20657042316487,-110.71477113954344,1457,1,51,6,8.607715418818213
35.23608650569645,-110.40998624858192,1713,2,292,-9,7.941743691836643
35.264854637957505,-110.1047635538318,1713,10,317,-1,6.345071884011764
35.29287129746881,-109.7991137140133,1747,3,309,-2,7.545104852168523
35.3201330445196,-109.49304748631114,1929,1,270,2,8.607715418818213
35.34663652330592,-109.18657572434364,1907,7,171,-9,6.70452216925573
35.37237846304632,-108.87970937607612,2161,1,51,5,8.607715418818213
35.39735567907403,-108.57245948167908,2447,9,143,-4,6.451747248958747
35.421565073905214,-108.2648371713326,2222,4,180,1,7.261413878822431
35.44500363828194,-107.9568536629771,2187,2,0,8,7.941743691836643
35.46766845218986,-107.64852026001232,2196,7,68,7,6.70452216925573
35.4895566858495,-107.339848348945,2525,4,0,10,7.261413878822431
35.51066560068043,-107.03084939698655,2255,4,0,0,7.261413878822431
35.53099255023796,-106.72153494960196,1702,4,212,-6,7.261413878822431
35.55053498112133,-106.41191662801104,1694,7,219,10,6.70452216925573
35.569290433853084,-106.10200612664362,1869,1,270,-3,8.607715418818213
35.58725654372876,-105.79181521054926,2291,7,199,-5,6.70452216925573
35.60443104163646,-105.48135571276391,2664,16,124,31,5.860997933550507
35.620811754845505,-105.17063953163412,2024,8,298,-6,6.570477324756705
35.63639660776403,-104.85967862810048,2003,1,51,8,8.607715418818213
35.651183622664405,-104.54848502294227,1797,2,68,0,7.941743691836643
35.66517092037628,-104.23707079398426,1413,1,270,7,8.607715418818213
35.67835672094701,-103.92544807326752,1615,5,317,-1,7.040188830991998
35.6907393442682,-103.61362904418633,1363,1,231,2,8.607715418818213
35.702317210668895,-103.3016259385918,1394,4,285,-4,7.261413878822431
35.71308884147407,-102.98945103386562,1293,7,170,-4,6.70452216925573
35.72305285952862,-102.6771166499637,1184,10,129,7,6.345071884011764
35.732207989686295,-102.36463514643334,1132,1,0,-3,8.607715418818213
35.74055305926302,-102.05201891940465,1135,2,292,6,7.941743691836643
35.7480869984546,-101.7392803985584,959,2,328,0,7.941743691836643
35.7548088407182,-101.42643204407246,903,13,318,-4,6.076901183003046
35.76071772311743,-101.11348634354822,864,2,292,7,7.941743691836643
35.765812886631025,-100.80045580891962,924,1,0,-12,8.607715418818213
35.770093676424224,-100.4873529733462,829,5,281,-7,7.040188830991998
35.773559542083504,-100.17419038809228,763,5,270,-4,7.040188830991998
35.776210037813804,-99.86098061939464,700,5,26,3,7.040188830991998
35.778044822598474,-99.54773624532024,654,13,246,3,6.076901183003046
35.77906366032152,-99.23446985261636,572,1,90,4,8.607715418818213
35.77926641985254,-98.92119403355504,568,0,0,-8,11.522875795823397
35.77865307509368,-98.60792138277384,518,0,0,-1,11.522875795823397
35.77722370498901,-98.29466449411524,469,6,225,9,6.858642093395692
35.77497849349633,-97.98143595746647,367,2,90,1,7.941743691836643
35.771917729520865,-97.66824835560172,321,1,0,-4,8.607715418818213
35.768041806811766,-97.35511426102946,379,2,0,-2,7.941743691836643
35.763351223820855,-97.04204623284583,281,1,51,6,8.607715418818213
35.75784658352375,-96.72905681359744,284,2,148,-1,7.941743691836643
35.751528593203915,-96.4161585261542,263,2,180,2,7.941743691836643
35.74439806419942,-96.10336387059566,225,6,0,-5,6.858642093395692
35.736455911612715,-95.7906853211115,214,1,129,0,8.607715418818213
35.727703153983704,-95.4781353229192,173,3,0,7,7.545104852168523
35.71814091292619,-95.16572628920038,213,4,32,1,7.261413878822431
35.70777041272823,-94.85347059805754,341,11,125,-1,6.248120224858334
35.69659297991645,-94.5413805894938,465,4,51,-6,7.261413878822431
35.68461004278471,-94.22946856241684,379,7,129,7,6.70452216925573
35.6718231308876,-93.9177467716692,369,17,122,0,5.7971052477000855
35.658233874498926,-93.60622742508696,373,17,102,14,5.7971052477000855
35.643844004035735,-93.2949226805882,394,21,309,-5,5.5701918233974546
35.62865534944835,-92.98384464329312,336,16,322,8,5.860997933550507
35.612669839576675,-92.6730053626778,452,4,75,2,7.261413878822431
35.59588950147325,-92.36241682976308,256,13,5,3,6.076901183003046
35.57831645969401,-92.05209097434005,253,6,315,-4,6.858642093395692
35.55995293555633,-91.74203966223388,214,2,32,2,7.941743691836643
35.54080124636612,-91.432274692608,85,6,324,-2,6.858642093395692
35.520863804613185,-91.12280779530904,68,1,231,3,8.607715418818213
35.500143117136595,-90.81365062825526,72,2,68,-2,7.941743691836643
35.47864178426003,-90.50481477486888,63,2,148,2,7.941743691836643
35.45636249889768,-90.1963117415543,69,1,90,-7,8.607715418818213
35.433308045631776,-89.88815295522306,111,2,212,-7,7.941743691836643
35.40948129976189,-89.58034976086728,94,4,255,-10,7.261413878822431
35.38488522632709,-89.27291341918232,118,1,90,-3,8.607715418818213
35.35952287910126,-88.96585510424008,144,2,212,1,7.941743691836643
35.33339739956267,-88.65918590121389,140,4,163,4,7.261413878822431
35.30651201583805,-88.35291680415622,128,1,180,-12,8.607715418818213
35.278870041622405,-88.04705871382993,190,11,149,11,6.248120224858334
35.25047487507471,-87.74162243559418,277,8,77,-12,6.570477324756705
35.22132999769093,-87.4366186773457,254,6,0,-2,6.858642093395692
35.19143897315433,-87.13205804751651,226,2,180,-6,7.941743691836643
35.160805446164616,-86.82795105312833,200,2,149,-4,7.941743691836643
35.12943314124598,-86.52430809790502,216,4,241,2,7.261413878822431
35.09732586153543,-86.22113948044303,279,4,343,-1,7.261413878822431
35.0644874875517,-85.91845539244098,194,2,270,2,7.941743691836643
35.030921975945866,-85.61626591698841,186,1,90,-7,8.607715418818213
34.99663335823429,-85.31458102691458,205,1,180,-6,8.607715418818213
34.96162573951488,-85.01341058319736,326,7,98,-4,6.70452216925573
34.92590329716699,-84.71276433343274,418,10,68,-6,6.345071884011764
34.8894702795366,-84.41265191036524,587,14,285,-5,6.000299329861114
34.85233100460666,-84.1130828304793,622,1,270,3,8.607715418818213
34.81448985865417,-83.814066492652,892,13,309,14,6.076901183003046
34.77595129489423,-83.51561217686708,651,27,316,-11,5.287654659051184
34.73671983211236,-83.21772904299038,312,10,12,31,6.345071884011764
34.69680005328544,-82.92042612960665,278,4,75,-7,7.261413878822431
34.65619660419242,-82.62371235291775,262,3,309,5,7.545104852168523
34.61491419201553,-82.32759650570215,242,12,86,-6,6.159167458950843
34.57295758393258,-82.03208725633532,221,3,51,2,7.545104852168523
34.530331605701434,-81.73719314787124,146,5,180,2,7.040188830991998
34.48704114023732,-81.44292259718443,107,6,279,-3,6.858642093395692
34.4430911261836,-81.14928389417227,143,10,275,-10,6.345071884011764
34.398486556477266,-80.85628520101737,93,3,285,-9,7.545104852168523
34.353232476909206,-80.56393455150943,99,3,202,7,7.545104852168523
34.307333984680724,-80.27223985042642,71,1,180,2,8.607715418818213
34.26079622695661,-79.98120887297411,56,5,102,-2,7.040188830991998
34.21362439941564,-79.69084926428405,33,5,248,-16,7.040188830991998
34.16582374479938,-79.40116853896896,20,1,230,14,8.607715418818213
34.117399551459734,-79.11217408073499,17,6,169,-3,6.858642093395692
34.06835715190617,-78.82387314205063,32,4,50,-3,7.261413878822431
34.018701921353426,-78.53627284387082,14,1,230,11,8.607715418818213
33.96843927626999,-78.24938017541642,-1,2,0,-4,7.941743691836643
34.33291351498082,-119.09046366658278,70,1,90,-2,8.607715418818213
34.382083881012136,-118.80110007156178,369,22,301,3,5.519132026132706
34.430628262942435,-118.51103889478443,446,21,149,9,5.5701918233974546
34.478541284805736,-118.2202875041822,926,9,211,-4,6.451747248958747
34.52581761585474,-117.92885340126352,893,3,75,14,7.545104852168523
34.57245197203747,-117.63674422076409,923,3,22,9,7.545104852168523
34.61843911747344,-117.34396773023872,797,2,329,2,7.941743691836643
34.66377386592844,-117.05053182959485,1090,4,119,-8,7.261413878822431
34.70845108228735,-116.75644455056631,1166,4,219,-3,7.261413878822431
34.75246568402403,-116.46171405612768,611,3,0,1,7.545104852168523
34.79581264266778,-116.1663486398476,404,5,122,-4,7.040188830991998
34.83848698526516,-115.87035672518176,563,1,270,-1,8.607715418818213
34.8804837958371,-115.5737468647042,1592,37,353,-89,4.897002021379538
34.92179821682964,-115.27652773927682,850,2,211,3,7.941743691836643
34.96242545055817,-114.97870815715686,758,1,129,8,8.607715418818213
35.00236076064403,-114.68029705304195,218,1,51,4,8.607715418818213
35.041599473442915,-114.38130348705258,911,21,284,10,5.5701918233974546
35.08013697946378,-114.08173664365148,902,6,216,-2,6.858642093395692
35.117968734778266,-113.78160583050014,1392,3,129,-17,7.545104852168523
35.15509026241868,-113.4809204772522,1567,2,112,1,7.941743691836643
35.191497153764914,-113.17969013428372,1619,5,248,11,7.040188830991998
35.22718506991846,-112.87792447136012,1578,3,158,-4,7.545104852168523
35.262149743063496,-112.57563327624035,1576,2,149,3,7.941743691836643
35.2963869778135,-112.2728264532178,2010,5,14,5,7.040188830991998
35.32989265254304,-111.9695140215988,2359,6,338,8,6.858642093395692
35.362662720704,-111.66570611411838,3281,31,54,-11,5.123080734108857
35.39469321212474,-111.36141297529385,1723,4,61,-2,7.261413878822431
35.42598023429222,-111.05664495971662,1420,1,270,7,8.607715418818213
35.45651997361566,-110.75141253028268,1534,1,0,-4,8.607715418818213
35.486308696671216,-110.44572625636197,1783,12,0,-15,6.159167458950843
35.51534275142667,-110.13959681190744,1905,6,270,-4,6.858642093395692
35.54361856844565,-109.83303497350452,1793,27,221,38,5.287654659051184
35.57113266207005,-109.52605161836118,2099,4,141,-3,7.261413878822431
35.59788163158056,-109.21865772223993,2315,3,129,-3,7.545104852168523
35.62386216233384,-108.91086435733196,2031,6,129,3,6.858642093395692
35.649071026875994,-108.60268269007484,2116,5,101,14,7.040188830991998
35.673505086031625,-108.29412397891412,2217,13,270,-6,6.076901183003046
35.69716128996728,-107.98519957201027,2053,4,39,-2,7.261413878822431
35.72003667922914,-107.6759209048918,2102,2,180,1,7.941743691836643
35.74212838575376,-107.36629949805548,2042,6,36,2,6.858642093395692
35.76343363385135,-107.05634695451528,2093,2,270,1,7.941743691836643
35.78394974116104,-106.74607495730064,2390,5,223,-3,7.040188830991998
35.80367411957715,-106.43549526690587,2622,7,190,13,6.70452216925573
35.82260427614602,-106.1246197186916,1849,2,248,-8,7.941743691836643
35.84073781393278,-105.8134602202398,2896,21,324,1,5.5701918233974546
35.85807243285722,-105.502028748664,2810,19,183,8,5.67858487499791
35.874605930498454,-105.19033734787584,2094,7,248,8,6.70452216925573
35.89033620286761,-104.87839812580953,2132,8,46,3,6.570477324756705
35.9052612451479,-104.56622325160616,1815,5,0,-2,7.040188830991998
35.91937915240191,-104.25382495275906,1758,4,163,-6,7.261413878822431
35.93268812024497,-103.94121551222194,1639,5,137,1,7.040188830991998
35.945186445484886,-103.62840726548193,1447,1,180,-1,8.607715418818213
35.956872526726784,-103.31541259759857,1445,0,0,-5,11.522875795823397
35.96774486494327,-103.00224394021124,1325,6,348,-21,6.858642093395692
35.977802064008976,-102.68891376851656,1230,2,148,2,7.941743691836643
35.98704283119945,-102.37543459821744,1194,2,292,7,7.941743691836643
35.99546597765386,-102.06181898244598,1121,1,180,18,8.607715418818213
36.00307041880116,-101.74807950866216,1065,2,68,-2,7.941743691836643
36.00985517474934,-101.43422879553,985,2,32,-1,7.941743691836643
36.015819370637864,-101.12027948977357,901,8,145,11,6.570477324756705
36.02096223695224,-100.80624426301438,867,11,44,13,6.248120224858334
36.02528310980149,-100.49213580859283,771,2,292,3,7.941743691836643
36.02878143115728,-100.17796683837524,811,1,51,14,8.607715418818213
36.03145674905544,-99.8637500795484,695,2,212,-2,7.941743691836643
36.03330871775916,-99.54949827140486,715,6,323,3,6.858642093395692
36.034337097883714,-99.23522416211944,647,4,118,-5,7.261413878822431
36.03454175648316,-98.92094050552038,517,4,17,-20,7.261413878822431
36.03392266709836,-98.60666005785656,516,5,121,0,7.040188830991998
36.03247990976637,-98.29239557456324,357,2,0,-2,7.941743691836643
36.03021367099178,-97.97815980702828,341,1,180,1,8.607715418818213
36.027124243679026,-97.663965499361,318,0,0,5,11.522875795823397
36.02321202702686,-97.34982538516596,294,4,105,4,7.261413878822431
36.0184775263839,-97.03575218432336,280,0,0,10,11.522875795823397
36.01292135306638,-96.7217585997789,267,6,296,0,6.858642093395692
36.00654422413758,-96.40785731434428,290,3,0,-1,7.545104852168523
35.99934696214947,-96.09406098751128,226,3,22,-5,7.545104852168523
35.99133049484643,-95.7803822522809,199,1,129,5,8.607715418818213
35.982495854831654,-95.46683371201,174,0,0,-1,11.522875795823397
35.972844179196215,-95.15342793727696,209,6,288,3,6.858642093395692
35.96237670911111,-94.84017746276918,316,5,79,-2,7.040188830991998
35.951094789382736,-94.52709478419357,382,4,118,-10,7.261413878822431
35.93899986797185,-94.2141923552123,474,6,12,-16,6.858642093395692
35.926093495476785,-93.90148258440614,483,6,108,0,6.858642093395692
35.91237732458094,-93.58897783226644,635,1,90,-13,8.607715418818213
35.897853109465004,-93.2766904082184,602,6,192,-6,6.858642093395692
35.88252270518464,-92.9646325676768,621,21,298,8,5.5701918233974546
35.866388067013645,-92.65281650913673,471,6,158,-1,6.858642093395692
35.84945124975354,-92.34125437130002,467,1,180,-1,8.607715418818213
35.8317144070097,-92.02995823024013,205,2,212,-8,7.941743691836643
35.8131797904348,-91.71894009660626,168,5,166,-6,7.040188830991998
35.793849748939905,-91.40821191286916,134,2,212,3,7.941743691836643
35.7737267278741,-91.09778555060906,76,1,0,-3,8.607715418818213
35.75281326817312,-90.78767280784848,75,1,129,3,8.607715418818213
35.73111200547704,-90.47788540643036,66,1,0,-2,8.607715418818213
35.7086256692189,-90.16843498944353,68,1,0,-3,8.607715418818213
35.68535708168356,-89.85933311869644,72,1,309,-4,8.607715418818213
35.661309157038346,-89.5505912722409,102,5,112,8,7.040188830991998
35.636484900335816,-89.24222084194648,108,3,309,2,7.545104852168523
35.610887406489404,-88.93423313112744,122,3,309,-3,7.545104852168523
35.584519859222645,-88.62663935222254,136,3,309,-15,7.545104852168523
35.55738552999284,-88.31945062452957,145,2,112,8,7.941743691836643
35.52948777688948,-88.01267797199493,173,10,63,19,6.345071884011764
35.50083004350888,-87.70633232105975,251,6,309,-7,6.858642093395692
35.47141585780511,-87.40042449856281,297,2,328,-3,7.941743691836643
35.44124883091836,-87.09496522970188,307,11,261,-5,6.248120224858334
35.41033265598141,-86.78996513605348,265,8,172,14,6.570477324756705
35.378671106905124,-86.48543473365224,313,17,55,-4,5.7971052477000855
35.34626803714343,-86.18138443113024,325,2,328,-2,7.941743691836643
35.31312737843916,-85.87782452791713,317,2,248,-5,7.941743691836643
35.2792531395509,-85.57476521250132,668,1,90,-3,8.607715418818213
35.24464940496231,-85.27221656075284,518,2,211,2,7.941743691836643
35.20932033357401,-84.97018853430824,314,22,113,14,5.519132026132706
35.17327015737977,-84.6686909790178,240,3,270,3,7.545104852168523
35.13650318012689,-84.36773362345536,623,32,313,24,5.083968235816121
35.09902377596233,-84.06732607749123,536,4,0,-4,7.261413878822431
35.06083638806496,-83.76747783092763,717,19,264,14,5.67858487499791
35.021945527265025,-83.46819825219781,1078,5,154,-2,7.040188830991998
34.98235577065145,-83.16949658712784,752,18,309,10,5.73642582948546
34.94207176016806,-82.87138195776186,305,22,334,1,5.519132026132706
34.90109820119932,-82.57386336125025,334,8,172,7,6.570477324756705
34.85943986114641,-82.27694966880075,287,5,26,-4,7.040188830991998
34.817101567994776,-81.9806496246925,207,7,161,-6,6.70452216925573
34.77408820887349,-81.68497184535235,181,1,0,1,8.607715418818213
34.730404728607624,-81.38992481849382,180,11,76,-1,6.248120224858334
34.686056128264205,-81.09551690231764,145,6,31,-6,6.858642093395692
34.6410474636927,-80.8017563247741,149,8,17,-5,6.570477324756705
34.59538384406071,-80.50865118288657,160,5,302,0,7.040188830991998
34.549070430385704,-80.2162094421354,101,3,90,-6,7.545104852168523
34.50211243406357,-79.9244389359024,37,1,270,0,8.607715418818213
34.45451511539468,-79.6333473649747,41,2,248,2,7.941743691836643
34.406283782108375,-79.34294229710764,30,4,141,-8,7.261413878822431
34.357423787886404,-79.05323116664614,23,4,61,31,7.261413878822431
34.307940530886256,-78.76422127420375,29,3,90,-7,7.545104852168523
34.25783945226496,-78.47591978639866,15,1,0,7,8.607715418818213
34.20712603470409,-78.18833373564604,18,4,39,-1,7.261413878822431
34.155805800936776,-77.9014700200059,7,3,22,-7,7.545104852168523
34.47152570013262,-119.72848678519595,288,11,198,13,6.248120224858334
34.522382355045345,-119.43983564060404,1027,22,160,37,5.519132026132706
34.572618938288265,-119.15046466003967,1087,11,197,-3,6.248120224858334
34.6222299210153,-118.86038098807371,1646,32,175,42,5.083968235816121
34.6712098169262,-118.56959190591408,1301,28,129,-19,5.2451216767435955
34.71955318376616,-118.27810483118286,736,1,90,0,8.607715418818213
34.76725462482674,-117.98592731763551,721,5,68,-28,7.040188830991998
34.81430879044707,-117.69306705482158,848,2,149,-17,7.941743691836643
34.86071037951463,-117.39953186768516,829,6,349,-6,6.858642093395692
34.90645414096482,-117.10532971610606,667,3,51,-5,7.545104852168523
34.95153487527881,-116.81046869437937,820,6,0,14,6.858642093395692
34.99594743597849,-116.51495703063406,552,2,31,-4,7.941743691836643
35.03968673111801,-116.21880308618948,332,2,248,1,7.941743691836643
35.08274772477122,-115.92201535484897,425,5,122,2,7.040188830991998
35.12512543851371,-115.62460246213102,899,2,180,3,7.941743691836643
35.16681495289929,-115.32657316443668,1507,3,231,-9,7.545104852168523
35.207811408929615,-115.02793634815312,1234,22,282,12,5.519132026132706
35.24811000951628,-114.72870102869332,1090,9,78,12,6.451747248958747
35.287706020934614,-114.428876349471,1123,14,332,-8,6.000299329861114
35.32659477426832,-114.12847158081142,1516,26,323,-22,5.331277149398757
35.36477166684402,-113.82749611879684,1178,4,255,2,7.261413878822431
35.40223216365488,-113.52595948404752,1493,6,158,5,6.858642093395692
35.43897179877268,-113.22387132043757,1705,2,90,4,7.941743691836643
35.47498617674726,-112.92124139374582,1831,4,62,-4,7.261413878822431
35.510270973992434,-112.618079590242,1776,2,32,6,7.941743691836643
35.5448219401578,-112.31439591520784,1793,4,285,-6,7.261413878822431
35.57863489948534,-112.01020049139396,1916,2,212,7,7.941743691836643
35.611705752150094,-111.705503557412,1844,2,212,5,7.941743691836643
35.644030475584024,-111.40031546606316,1528,4,39,-3,7.261413878822431
35.67560512578223,-111.09464668260256,1482,1,270,-2,8.607715418818213
35.70642583859062,-110.7885077829409,1670,2,180,-1,7.941743691836643
35.736488830974295,-110.48190945178284,1664,3,309,0,7.545104852168523
35.76579040226583,-110.17486248070357,1958,12,270,16,6.159167458950843
35.794326935392405,-109.86737776616349,1958,6,135,2,6.858642093395692
35.82209489808134,-109.55946630746216,1999,23,252,18,5.469880104866039
35.84909084404286,-109.25113920463215,2409,5,270,-3,7.040188830991998
35.87531141412961,-108.94240765627318,2436,9,96,-7,6.451747248958747
35.90075333747172,-108.6332829573282,1811,4,129,-12,7.261413878822431
35.92541343258723,-108.3237764968016,1865,2,180,-3,7.941743691836643
35.949288608466524,-108.01389975542094,1937,2,292,1,7.941743691836643
35.972375865630376,-107.70366430324331,2012,5,43,11,7.040188830991998
35.994672297160754,-107.3930817972071,2078,2,148,-9,7.941743691836643
36.01617508970367,-107.08216397863056,2178,5,346,-3,7.040188830991998
36.036881524443366,-106.7709226706585,2782,2,212,7,7.941743691836643
36.05678897804712,-106.45936977565842,2893,13,0,-20,6.076901183003046
36.07589492358008,-106.1475172725669,1788,4,17,8,7.261413878822431
36.09419693138932,-105.83537721418853,2278,17,46,9,5.7971052477000855
36.11169266995672,-105.52296172444804,2984,27,287,15,5.287654659051184
36.12837990671966,-105.21028299559792,2301,5,270,9,7.040188830991998
36.144256508859456,-104.897353285382,2127,4,309,-1,7.261413878822431
36.15932044405644,-104.5841849141582,1919,1,129,1,8.607715418818213
36.17356978121149,-104.27079026198034,1806,6,279,-2,6.858642093395692
36.18700269113329,-103.95718176564226,1762,1,129,2,8.607715418818213
36.19961744719095,-103.64337191568504,1660,1,270,2,8.607715418818213
36.21141242593127,-103.32937325336952,1506,4,255,4,7.261413878822431
36.22238610766054,-103.015198367616,1372,2,180,-6,7.941743691836643
36.23253707699013,-102.70085989191278,1280,4,0,-4,7.261413878822431
36.24186402334546,-102.38637050119578,1200,1,90,-11,8.607715418818213
36.2503657414383,-102.07174290870093,1115,11,95,21,6.248120224858334
36.25804113170175,-101.7569898627914,1055,0,0,-10,11.522875795823397
36.26488920068743,-101.4421241437619,983,3,0,-4,7.545104852168523
36.27090906142519,-101.1271585606218,937,3,270,4,7.545104852168523
36.276099933744256,-100.81210594785944,895,4,212,0,7.261413878822431
36.280461144556256,-100.49697916218936,807,2,32,0,7.941743691836643
36.28399212809956,-100.18179107928516,738,4,298,-4,7.261413878822431
36.286692426144704,-99.86655459049942,673,9,346,-4,6.451747248958747
36.28856168816107,-99.55128259957368,711,2,148,-6,7.941743691836643
36.28959967144427,-99.23598801933969,597,2,32,3,7.941743691836643
36.28980624120452,-98.92068376841486,572,7,292,22,6.70452216925573
36.28918137061562,-98.60538276789414,451,6,72,5,6.858642093395692
36.28772514082482,-98.29009793803966,371,3,270,-1,7.545104852168523
36.28543774092316,-97.97484219497142,372,4,220,-2,7.261413878822431
36.282319467876725,-97.65962844736048,342,1,231,5,8.607715418818213
36.2783707264187,-97.34446959312726,339,2,328,7,7.941743691836643
36.27359202890207,-97.02937851614676,288,1,309,5,8.607715418818213
36.267983995113504,-96.71436808296342,271,4,343,2,7.261413878822431
36.26154735204839,-96.39945113951708,252,4,180,5,7.261413878822431
36.25428293364686,-96.08464050788298,224,4,40,-3,7.261413878822431
36.24619168049165,-95.76994898302723,235,1,180,8,8.607715418818213
36.23727463946754,-95.45538932958036,234,0,0,-3,11.522875795823397
36.227532963382686,-95.1409742786308,217,4,298,18,7.261413878822431
36.21696791055243,-94.82671652454052,364,4,140,3,7.261413878822431
36.20558084434542,-94.51262872178452,353,1,180,10,8.607715418818213
36.19337323269301,-94.19872348181693,395,5,223,6,7.040188830991998
36.18034664756154,-93.88501336996468,428,2,32,-14,7.941743691836643
36.16650276438868,-93.5715109023516,455,6,12,22,6.858642093395692
36.15184336148369,-93.2582285428544,654,1,129,1,8.607715418818213
36.13637031939223,-92.94517870009244,333,6,261,2,6.858642093395692
36.12008562022636,-92.6323737244531,310,6,129,-9,6.858642093395692
36.10299134695988,-92.319825905155,414,4,51,-5,7.261413878822431
36.08508968268993,-92.00754746734982,170,3,0,9,7.545104852168523
36.06638290986504,-91.69555056926563,156,1,0,5,8.607715418818213
36.04687340948029,-91.38384729939236,154,3,202,7,7.545104852168523
36.026563660240505,-91.07244967371165,73,2,270,0,7.941743691836643
36.00545623769153,-90.76136963297216,76,1,51,2,8.607715418818213
35.98355381332057,-90.45061904001244,71,2,292,3,7.941743691836643
35.96085915362627,-90.1402096771321,72,1,90,-5,8.607715418818213
35.93737511915906,-89.83015324351317,77,1,129,4,8.607715418818213
35.91310466353226,-89.52046135269266,77,1,270,1,8.607715418818213
35.88805083240541,-89.21114553008789,99,1,309,-10,8.607715418818213
35.86221676243939,-88.90221721057557,114,1,231,1,8.607715418818213
35.83560568022507,-88.59368773612579,155,6,231,4,6.858642093395692
35.80822090118581,-88.28556835349207,180,9,328,11,6.451747248958747
35.78006582845446,-87.97787021195855,107,2,270,4,7.941743691836643
35.751143951725844,-87.67060436114524,208,7,141,0,6.70452216925573
35.721458846085554,-87.36378174887204,222,6,45,42,6.858642093395692
35.69101417081557,-87.05741321908275,258,21,341,-14,5.5701918233974546
35.6598136681778,-86.75150950982939,217,0,0,0,11.522875795823397
35.62786116217612,-86.44608125131809,237,3,309,8,7.545104852168523
35.59516055729797,-86.14113896401663,356,3,90,-4,7.545104852168523
35.561715837236136,-85.83669305682452,307,1,180,4,8.607715418818213
35.52753106359164,-85.53275382530624,569,5,90,1,7.040188830991998
35.492610374558474,-85.22933144998778,435,12,274,10,6.159167458950843
35.456957983591266,-84.92643599471717,233,5,282,-7,7.040188830991998
35.42057817805648,-84.6240774050891,266,6,136,6,6.858642093395692
35.38347531786802,-84.32226550693416,298,3,309,20,7.545104852168523
35.345653834108205,-84.02101000487265,1274,16,25,8,5.860997933550507
35.30711822763499,-83.72032048093324,1224,30,26,-5,5.162923839635655
35.26787306767597,-83.42020639323658,618,10,193,-7,6.345071884011764
35.227922990410576,-83.12067707474392,954,24,18,10,5.422256431435354
35.187272697540685,-82.82174173207054,857,17,187,-35,5.7971052477000855
35.14592695485086,-82.5234094443641,747,23,183,17,5.469880104866039
35.1038905907592,-82.22568916224773,321,2,329,-5,7.941743691836643
35.06116849485909,-81.92858970682761,271,4,105,3,7.261413878822431
35.01776561645322,-81.63211976876472,227,7,270,-4,6.70452216925573
34.973686963080524,-81.33628790741075,196,8,0,-6,6.570477324756705
34.92893759903671,-81.04110255000748,184,3,129,0,7.545104852168523
34.88352264388946,-80.7465719909494,180,4,285,5,7.261413878822431
34.837447270988726,-80.45270439110921,172,3,180,8,7.545104852168523
34.79071670597351,-80.15950777722541,77,2,329,6,7.941743691836643
34.74333622527523,-79.8669900413518,54,2,211,-1,7.941743691836643
34.69531115461905,-79.57515894036798,62,3,158,11,7.545104852168523
34.646646867523444,-79.28402209555058,50,5,292,-22,7.040188830991998
34.59734878379921,-78.99358699220404,33,7,39,10,6.70452216925573
34.54742236804835,-78.70386097935085,39,4,51,5,7.261413878822431
34.49687312816363,-78.41485126947995,9,3,180,5,7.545104852168523
34.4457066138296,-78.12656493835294,14,3,22,1,7.545104852168523
34.39392841502595,-77.83900892486697,2,4,149,5,7.261413878822431
34.605756588520904,-120.36714425544316,157,22,74,-11,5.519132026132706
34.658299367385936,-120.07925861832288,268,7,278,7,6.70452216925573
34.71022840926376,-119.79063112773856,1771,11,61,-9,6.248120224858334
34.761538036551535,-119.5012686941968,1593,12,64,-6,6.159167458950843
34.812222611426286,-119.21117836767256,1997,20,177,-6,5.623264340182601
34.8622765373642,-118.92036733751672,1512,26,291,-27,5.331277149398757
34.91169426066316,-118.62884293230589,1486,19,224,-1,5.67858487499791
34.96047027196688,-118.3366126196335,1000,1,90,-8,8.607715418818213
35.00859910779047,-118.04368400584168,770,1,231,5,8.607715418818213
35.056075352046726,-117.75006483569246,760,2,211,-5,7.941743691836643
35.10289363757186,-117.4557629919786,769,2,112,3,7.941743691836643
35.1490486476506,-117.1607864950722,897,4,255,7,7.261413878822431
35.194535117539175,-116.86514350241109,1004,5,180,0,7.040188830991998
35.23934783598605,-116.56884230792224,667,14,289,-11,6.000299329861114
35.28348164674916,-116.27189134138152,597,4,309,6,7.261413878822431
35.32693145010896,-115.97429916770906,547,1,90,9,8.607715418818213
35.36969220437659,-115.67607448620038,1242,1,90,3,8.607715418818213
35.41175892739606,-115.37722612969182,837,3,51,4,7.545104852168523
35.453126698040066,-115.07776306366095,1335,2,148,-8,7.941743691836643
35.49379065769791,-114.77769438526089,586,6,90,1,6.858642093395692
35.53374601175547,-114.47702932228808,1133,3,129,1,7.545104852168523
35.572988031065776,-114.1757772320845,1229,7,57,10,6.70452216925573
35.611512053409534,-113.8739476003724,1036,4,285,-10,7.261413878822431
35.64931348494474,-113.57155004002271,1441,3,129,1,7.545104852168523
35.6863878016446,-113.26859428975676,1538,21,212,-5,5.5701918233974546
35.72273055072264,-112.96509021278077,1911,6,348,0,6.858642093395692
35.75833735204442,-112.66104779535388,1727,5,292,-9,7.040188830991998
35.7932038995248,-112.35647714528965,1806,1,270,-3,8.607715418818213
35.827325962509946,-112.0513884903905,1939,4,321,4,7.261413878822431
35.860699387143164,-111.74579217681664,2118,6,90,6,6.858642093395692
35.8933200977138,-111.43969866738848,1256,12,238,12,6.159167458950843
35.92518409798816,-111.13311853982364,1673,2,180,-1,7.941743691836643
35.956287472521815,-110.82606248490892,1762,4,0,3,7.261413878822431
35.986626387952285,-110.51854130460754,1758,9,202,7,6.451747248958747
36.016197094271135,-110.21056591010203,1961,4,321,1,7.261413878822431
36.04499592607508,-109.90214731977412,1937,17,96,-16,5.7971052477000855
36.0730193037946,-109.5932966571214,1743,2,68,0,7.941743691836643
36.10026373489994,-109.28402514861212,2364,1,270,2,8.607715418818213
36.12672581508309,-108.9743441214789,2476,21,32,14,5.5701918233974546
36.15240222941528,-108.66426500145192,1745,5,292,-2,7.040188830991998
36.17728975347922,-108.35379931043282,1767,4,255,-5,7.261413878822431
36.20138525447476,-108.04295866411027,1876,1,270,2,8.607715418818213
36.224685692298166,-107.73175476951826,2085,3,180,3,7.545104852168523
36.24718812059322,-107.42019942253825,2083,11,212,-3,6.248120224858334
36.26888968777421,-107.1083045053464,2183,1,129,10,8.607715418818213
36.2897876380194,-106.79608198380728,2542,0,0,-1,11.522875795823397
36.309879312235005,-106.48354390481498,1913,3,338,4,7.545104852168523
36.3291621489883,-106.17070239358368,2053,4,148,-3,7.261413878822431
36.347633685409534,-105.85756965088842,2164,5,59,-7,7.040188830991998
36.36529155806199,-105.5441579502582,2354,22,348,8,5.519132026132706
36.38213350377952,-105.23047963512246,3036,9,353,8,6.451747248958747
36.39815736047069,-104.91654711591283,1995,1,180,1,8.607715418818213
36.41336106788949,-104.60237286712194,1853,1,180,-2,8.607715418818213
36.42774266837147,-104.28796942432068,1921,1,180,4,8.607715418818213
36.44130030753506,-103.97334938113592,1900,4,298,8,7.261413878822431
36.4540322349476,-103.65852538619056,1814,1,180,-10,8.607715418818213
36.46593680475524,-103.34351014000733,1600,4,118,-3,7.261413878822431
36.47701247627671,-103.02831639187912,1422,2,248,-1,7.941743691836643
36.48725781456007,-102.7129569367068,1294,1,129,-4,8.607715418818213
36.49667149090234,-102.3974446118072,1209,9,222,5,6.451747248958747
36.50525228333145,-102.08179229369304,1134,3,90,4,7.545104852168523
36.51299907705009,-101.76601289482691,1061,1,231,-9,8.607715418818213
36.51991086484144,-101.45011936035132,942,5,79,8,7.040188830991998
36.525986747435965,-101.13412466479716,880,2,180,6,7.941743691836643
36.53122593383949,-100.8180418087724,896,1,309,2,8.607715418818213
36.53562774162204,-100.50188381563348,862,3,203,-5,7.545104852168523
36.53919159716708,-100.1856637281416,776,7,112,16,6.70452216925573
36.541917035881525,-99.86939460510573,717,1,0,1,8.607715418818213
36.54380370236558,-99.55308951801518,626,6,244,-10,6.858642093395692
36.54485135054296,-99.2367615476636,639,7,171,16,6.70452216925573
36.54505984375106,-98.92042378076648,435,1,180,2,8.607715418818213
36.54442915479094,-98.60408930657503,434,2,148,0,7.941743691836643
36.54295936593734,-98.28777121348824,433,1,309,3,8.607715418818213
36.54065066890853,-97.97148258566526,395,5,334,4,7.040188830991998
36.53750336479607,-97.65523649964108,331,1,309,7,8.607715418818213
36.53351786395456,-97.33904602094704,304,1,231,-11,8.607715418818213
36.528694685851335,-97.02292420073856,274,1,0,0,8.607715418818213
36.52303445887658,-96.70688407243304,286,4,32,-9,7.261413878822431
36.51653792011344,-96.390938648359,245,0,0,-5,11.522875795823397
36.5092059150688,-96.07510091641988,245,2,248,2,7.941743691836643
36.50103939736478,-95.75938383677372,214,4,242,5,7.261413878822431
36.492039428391095,-95.44380033853167,217,2,328,9,7.941743691836643
36.48220717691864,-95.1283633164769,205,4,129,4,7.261413878822431
36.4715439186745,-94.81308562780654,300,4,197,4,7.261413878822431
36.460051035878976,-94.49798008889844,373,4,242,4,7.261413878822431
36.44773001674455,-94.18305947210484,390,1,0,-6,8.607715418818213
36.43458245493757,-93.86833650257525,348,7,189,-7,6.70452216925573
36.420610049002775,-93.55382385511037,356,2,148,-3,7.941743691836643
36.4058146017514,-93.23953415104889,406,7,112,12,6.70452216925573
36.39019801961288,-92.92547995518947,295,8,17,9,6.570477324756705
36.37376231195114,-92.61167377274936,198,0,0,0,11.522875795823397
36.35650959034558,-92.29812804636188,187,4,140,26,7.261413878822431
36.338442067837605,-91.98485515311432,282,2,148,5,7.941743691836643
36.319562058142914,-91.6718674016281,187,5,166,6,7.040188830991998
36.29987197483046,-91.359177029183,168,2,112,-6,7.941743691836643
36.2793743304686,-91.0467961988866,157,3,180,-10,7.545104852168523
36.2580717357388,-90.73473699689151,82,1,231,8,8.607715418818213
36.23596689851803,-90.42301142966078,130,1,309,2,8.607715418818213
36.21306262292996,-90.11163142128368,80,1,231,-5,8.607715418818213
36.18936180836621,-89.80060881084334,80,0,0,-10,11.522875795823397
36.16486744847772,-89.48995534983702,81,4,285,9,7.261413878822431
36.13958263013766,-89.17968269965087,97,3,0,4,7.545104852168523
36.1135105323761,-88.86980242909021,111,4,118,-2,7.261413878822431
36.08665442528726,-88.56032601196647,116,10,129,-9,6.345071884011764
36.05901766891042,-88.251264824742,150,11,12,14,6.248120224858334
36.03060371208488,-87.94263014423362,146,4,298,-5,7.261413878822431
36.00141609128006,-87.63443314537625,217,8,172,-3,6.570477324756705
35.97145842940128,-87.3266848990471,264,4,197,-4,7.261413878822431
35.9407344345724,-87.0193963699516,266,18,142,11,5.73642582948546
35.909247898895586,-86.71257841457177,267,12,118,18,6.159167458950843
35.87700269718975,-86.40624177917768,186,1,0,6,8.607715418818213
35.84400278570787,-86.10039709790271,268,21,78,-10,5.5701918233974546
35.81025220083432,-85.79505489088324,306,5,43,2,7.040188830991998
35.77575505776314,-85.49022556246322,442,11,36,-6,6.248120224858334
35.740515549158026,-85.18591939946421,541,1,270,3,8.607715418818213
35.70453794379458,-84.88214656952104,442,3,22,8,7.545104852168523
35.667826585186475,-84.57891711948376,301,3,129,11,7.545104852168523
35.63038589019557,-84.27624097388579,264,5,239,-2,7.040188830991998
35.59222034762717,-83.97412793347884,441,12,146,-23,6.159167458950843
35.55333451681164,-83.67258767383436,1089,14,208,-4,6.000299329861114
35.5137330261726,-83.37162974401191,1118,13,175,24,6.076901183003046
35.4734205717831,-83.07126356529434,1474,24,141,-12,5.422256431435354
35.432401915910404,-82.7714984299897,1299,16,356,-3,5.860997933550507
35.39068188555018,-82.47234350029991,770,11,270,-24,6.248120224858334
35.34826537095125,-82.17380780725584,319,8,124,6,6.570477324756705
35.30515732413144,-81.87590024971882,293,9,345,-12,6.451747248958747
35.26136275738556,-81.57862959344808,231,5,292,-11,7.040188830991998
35.216886741786354,-81.28200447023404,287,9,173,1,6.451747248958747
35.171734405679125,-80.98603337709676,187,6,72,-2,6.858642093395692
35.12591093317104,-80.69072467554943,234,4,321,-2,7.261413878822431
35.07942156261584,-80.39608659092633,146,2,270,0,7.941743691836643
35.03227158509489,-80.10212721177456,80,4,163,-2,7.261413878822431
34.984466342894976,-79.8088544893092,107,3,202,9,7.545104852168523
34.93601122798435,-79.51627623693125,101,5,194,-7,7.040188830991998
34.88691168048717,-79.22440012980738,75,1,180,-1,8.607715418818213
34.83717318715722,-78.93323370451144,48,0,0,-6,11.522875795823397
34.78680127985226,-78.64278435872617,30,5,318,0,7.040188830991998
34.73580153400873,-78.35305935100507,34,5,166,-8,7.040188830991998
34.68417956711845,-78.06406580059303,26,3,231,-4,7.545104852168523
34.63194103720777,-77.77581068730532,2,2,31,2,7.941743691836643
34.57909164131944,-77.48830085146379,16,1,129,5,8.607715418818213
34.843425995584745,-120.43143548630084,238,14,309,0,6.000299329861114
34.89643390703044,-120.14284802731486,497,25,12,-31,5.376102417024408
34.94882322697934,-119.85351043648494,741,10,318,1,6.345071884011764
35.00058820885978,-119.56342966400295,1009,10,340,-1,6.345071884011764
35.051723146102766,-119.2726128021429,208,3,51,5,7.545104852168523
35.10222237368601,-118.9810670851858,121,2,248,5,7.941743691836643
35.15208026968092,-118.68879988928562,1332,20,202,0,5.623264340182601
35.20129125680196,-118.3958187322754,1678,30,232,23,5.162923839635655
35.24984980395728,-118.10213127341196,1040,19,235,0,5.67858487499791
35.297750427800395,-117.80774531305964,857,6,348,8,6.858642093395692
35.34498769428156,-117.51266879231063,814,2,90,0,7.941743691836643
35.391556220198574,-117.21690979254298,1371,14,152,-7,6.000299329861114
35.43745067474576,-116.92047653491376,985,8,251,9,6.570477324756705
35.482665781060746,-116.62337737978817,1099,5,0,-11,7.040188830991998
35.527196317767824,-116.32562082610296,1541,29,313,-15,5.203575778621866
35.57103712051743,-116.02721551066408,579,2,248,5,7.941743691836643
35.61418308352057,-115.72817020737828,981,1,309,2,8.607715418818213
35.65662916107762,-115.428493826417,1201,34,106,8,5.007651158298087
35.698370369100424,-115.12819541331388,1087,18,51,13,5.73642582948546
35.73940178662713,-114.8272841479938,1032,2,328,-6,7.941743691836643
35.779718557328344,-114.5257693437345,760,12,34,-11,6.159167458950843
35.8193158910045,-114.2236604460594,1104,6,116,4,6.858642093395692
35.85818906507287,-113.9209670315624,1660,8,226,-20,6.570477324756705
35.89633342604362,-113.61769880666358,1246,23,0,27,5.469880104866039
35.9337443909842,-113.31386560629667,994,9,180,-3,6.451747248958747
35.97041744897081,-113.0094773925274,1953,5,121,9,7.040188830991998
36.006348162526265,-112.7045442531032,1771,2,148,0,7.941743691836643
36.041532169043386,-112.3990763999344,1853,1,309,0,8.607715418818213
36.07596518219295,-112.09308416750696,1586,26,296,-15,5.331277149398757
36.10964299331528,-111.78657801122698,1973,13,180,22,6.076901183003046
36.142561472794725,-111.47956850569712,1563,1,51,2,8.607715418818213
36.174716571415885,-111.17206634292572,1611,3,158,-6,7.545104852168523
36.20610432170115,-110.86408233046868,1673,14,82,22,6.000299329861114
36.23672083922796,-110.55562738950458,1918,4,40,10,7.261413878822431
36.26656232392576,-110.24671255284396,2053,5,270,1,7.040188830991998
36.29562506135111,-109.93734896287307,2171,15,206,12,5.928550143214419
36.3239054239404,-109.62754786943286,1631,2,328,3,7.941743691836643
36.351399872239256,-109.31732062763392,2023,5,90,0,7.040188830991998
36.37810495610783,-109.00667869560858,2390,10,43,-6,6.345071884011764
36.40401731590101,-108.69563363220053,1689,2,270,-8,7.941743691836643
36.42913368362301,-108.38419709459328,1799,2,270,-1,7.941743691836643
36.45345088405508,-108.0723808358785,1900,4,140,-3,7.261413878822431
36.476965835856106,-107.76019670256514,1947,4,255,-5,7.261413878822431
36.49967555263483,-107.44765663203071,1990,4,180,-9,7.261413878822431
36.52157714399315,-107.13477264991596,2167,6,279,12,6.858642093395692
36.54266781653983,-106.82155686746394,2188,9,345,14,6.451747248958747
36.56294487487355,-106.5080214788054,2338,4,309,-5,7.261413878822431
36.58240572253513,-106.19417875819131,2673,7,98,0,6.70452216925573
36.6010478629276,-105.88004105717464,2333,1,129,2,8.607715418818213
36.618868900204,-105.56562080174216,3220,33,356,-20,5.045514080099346
36.63586654012186,-105.25093048939888,2928,15,256,0,5.928550143214419
36.652038590863846,-104.93598268620572,2334,3,203,1,7.545104852168523
36.66738296382426,-104.62079002377313,1907,2,180,-2,7.941743691836643
36.68189767436017,-104.3053651962115,2024,5,79,-4,7.040188830991998
36.695580842507255,-103.9897209570412,2084,4,105,-3,7.261413878822431
36.70843069365935,-103.67387011606311,1847,1,309,17,8.607715418818213
36.72044555921162,-103.35782553619228,1586,5,14,-5,7.040188830991998
36.73162387716633,-103.04160013025648,1479,5,166,4,7.040188830991998
36.74196419270128,-102.72520685776148,1349,3,309,-5,7.545104852168523
36.751465158700135,-102.40865872162549,1240,1,180,7,8.607715418818213
36.76012553624431,-102.0919687648844,1154,2,270,0,7.941743691836643
36.76794419506621,-101.77515006737046,1045,1,0,-4,8.607715418818213
36.77492011396326,-101.458215742366,948,4,118,9,7.261413878822431
36.78105238117241,-101.14117893323495,884,1,309,-4,8.607715418818213
36.78634019470496,-100.82405281003396,772,3,0,-4,7.545104852168523
36.7907828626415,-100.50685056610554,756,5,317,-3,7.040188830991998
36.79437980338641,-100.18958541465564,727,6,108,-2,6.858642093395692
36.79713054588205,-99.87227058531754,672,4,320,-2,7.261413878822431
36.79903472978237,-99.55491932070484,553,2,0,-8,7.941743691836643
36.80009210558578,-99.23754487295572,488,2,270,-13,7.941743691836643
36.80030253472712,-98.92016050027031,547,3,90,-1,7.545104852168523
36.79966598962879,-98.60277946344462,405,2,0,-2,7.941743691836643
36.7981825537109,-98.28541502240208,362,1,180,-7,8.607715418818213
36.79585242136064,-97.96808043272613,341,3,157,-1,7.545104852168523
36.79267589786035,-97.6507889421954,328,2,68,2,7.941743691836643
36.78865339927511,-97.33355378732452,321,2,90,-16,7.941743691836643
36.78378545229934,-97.01638818991226,341,1,51,0,8.607715418818213
36.77807269406274,-96.69930535359984,327,5,281,8,7.040188830991998
36.771515871895815,-96.38231846044128,317,3,157,-1,7.545104852168523
36.76411584305493,-96.06544066748872,237,4,328,-3,7.261413878822431
36.755873574407374,-95.74868510339417,257,4,118,4,7.261413878822431
36.74679014207656,-95.43206486503064,234,2,328,-3,7.941743691836643
36.7368667310474,-95.1155930141346,238,1,231,-5,8.607715418818213
36.72610463473271,-94.79928257397198,265,1,129,-2,8.607715418818213
36.71450525450042,-94.48314652602986,352,5,101,-7,7.040188830991998
36.70207009916226,-94.16719780673628,401,3,231,0,7.545104852168523
36.68880078442423,-93.85144930420978,418,4,298,0,7.261413878822431
36.674699032299394,-93.5359138550413,278,0,0,0,11.522875795823397
36.65976667048306,-93.22060424111,261,15,256,11,5.928550143214419
36.64400563169141,-92.90553318643543,339,25,29,5,5.376102417024408
36.62741795296361,-92.59071335406747,265,9,51,-10,6.451747248958747
36.610005774928055,-92.27615734301664,192,4,309,0,7.261413878822431
36.59177134103341,-91.96187768522589,331,0,0,1,11.522875795823397
36.57271699674489,-91.64788684258616,261,4,163,0,7.261413878822431
36.55284518870649,-91.3341972039976,210,6,309,-8,6.858642093395692
36.53215846386968,-91.02082108247728,187,7,285,9,6.70452216925573
36.5106594685892,-90.7077707123162,87,1,270,4,8.607715418818213
36.48835094768686,-90.39505824628628,87,3,23,-3,7.545104852168523
36.46523574348363,-90.08269575289938,85,1,90,-1,8.607715418818213
36.44131679480111,-89.77069521371946,82,1,180,-2,8.607715418818213
36.41659713593283,-89.45906852072949,92,4,105,3,7.261413878822431
36.39107989558629,-89.1478274737544,113,4,285,0,7.261413878822431
36.36476829579637,-88.83698377794141,123,1,231,-2,8.607715418818213
36.33766565081104,-88.52654904129867,153,4,40,-12,7.261413878822431
36.30977536594998,-88.21653477229383,129,5,180,-3,7.040188830991998
36.28110093643693,-87.90695237751304,174,4,40,-21,7.261413878822431
36.251645946206985,-87.59781315938201,215,2,248,-1,7.941743691836643
36.22141406668878,-87.28912831394948,198,3,309,-10,7.545104852168523
36.19040905556346,-86.98090892873435,175,10,305,17,6.345071884011764
36.15863475550049,-86.67316598063718,143,1,90,0,8.607715418818213
36.12609509287152,-86.36591033391684,207,6,64,-11,6.858642093395692
36.092794076443006,-86.05915273823277,228,6,279,-4,6.858642093395692
36.05873579604873,-85.7529038267536,200,1,180,2,8.607715418818213
36.023924421242704,-85.44717411433292,301,4,242,1,7.261413878822431
35.98836419993368,-85.14197399575214,566,8,97,-10,6.570477324756705
35.95205945700189,-84.83731374403109,578,4,321,0,7.261413878822431
35.915014592899176,-84.53320350880693,299,6,180,-11,6.858642093395692
35.87723408223314,-84.22965331478117,346,11,321,-2,6.248120224858334
35.838722472336386,-83.9266730602354,347,8,205,-30,6.570477324756705
35.799484381821614,-83.62427251561549,340,24,64,3,5.422256431435354
35.75952449912362,-83.32246132218472,549,19,295,-5,5.67858487499791
35.71884758102897,-83.02124899074562,701,12,306,-6,6.159167458950843
35.67745845119412,-82.72064490043037,671,16,201,-15,5.860997933550507
35.635361998653345,-82.42065829755991,713,5,166,-2,7.040188830991998
35.59256317631668,-82.1212982945714,464,7,278,3,6.70452216925573
35.549066999459306,-81.82257386901378,381,9,281,1,6.451747248958747
35.50487854420295,-81.52449386261127,328,3,231,-8,7.545104852168523
35.46000294599041,-81.22706698039431,259,8,46,7,6.570477324756705
35.41444539805364,-80.93030178989778,228,5,223,9,7.040188830991998
35.36821114987684,-80.6342067204256,183,1,90,-2,8.607715418818213
35.32130550565481,-80.33879006238169,183,9,84,-14,6.451747248958747
35.27373382274785,-80.04405996666652,141,5,292,4,7.040188830991998
35.2255015101337,-79.7500244441385,176,2,90,-5,7.941743691836643
35.17661402685761,-79.45669136513987,135,1,270,-3,8.607715418818213
35.12707688048104,-79.16406845908611,117,1,309,-3,8.607715418818213
35.07689562553019,-78.8721633141183,31,4,180,-4,7.261413878822431
35.02607586194461,-78.58098337681766,47,4,163,-10,7.261413878822431
34.974623233527204,-78.29053595198125,48,2,0,-10,7.941743691836643
34.92254342639592,-78.00082820245828,33,7,90,7,6.70452216925573
34.86984216743824,-77.71186714904583,19,4,255,2,7.261413878822431
34.816525222768824,-77.42365967044323,10,4,197,13,7.261413878822431
35.08098117701564,-120.49648368077348,166,5,248,10,7.040188830991998
35.134456656037,-120.20718759183558,493,15,180,9,5.928550143214419
35.18730867924475,-119.91713295056532,791,9,276,11,6.451747248958747
35.239531430271626,-119.62632674685672,535,6,36,-11,6.858642093395692
35.291119132971154,-119.33477611535749,90,1,90,7,8.607715418818213
35.34206605298672,-119.04248833541274,120,1,90,1,8.607715418818213
35.39236649932366,-118.74947083094784,491,8,277,12,6.570477324756705
35.442014825923955,-118.45573117029002,1378,14,121,12,6.000299329861114
35.491005433242705,-118.16127706592768,1560,19,220,0,5.67858487499791
35.539332769825506,-117.8661163742061,920,4,242,3,7.261413878822431
35.58699133388599,-117.57025709495969,957,6,45,4,6.858642093395692
35.63397567488278,-117.27370737107849,515,4,17,-8,7.261413878822431
35.68028039509509,-116.97647548800995,961,4,51,6,7.261413878822431
35.725900151195845,-116.67856987319382,518,2,270,2,7.941743691836643
35.770829655821935,-116.37999909542992,378,5,180,1,7.040188830991998
35.8150636791404,-116.0807718641788,776,12,238,15,6.159167458950843
35.85859705040989,-115.78089702879385,916,3,0,8,7.545104852168523
35.901424659536374,-115.4803835776845,1481,7,90,-2,6.70452216925573
35.94354145862235,-115.17924063741104,791,1,51,-1,8.607715418818213
35.98494246350876,-114.87747747170886,888,5,166,-2,7.040188830991998
36.02562275530832,-114.57510348044369,888,15,41,-9,5.928550143214419
36.06557748192996,-114.27212819849588,389,8,35,-6,6.570477324756705
36.1048018595929,-113.968561294575,404,6,309,2,6.858642093395692
36.14329117432996,-113.6644125699631,1855,0,0,0,11.522875795823397
36.18104078347865,-113.35969195718788,1175,24,153,-49,5.422256431435354
36.2180461171598,-113.05440951862472,1224,55,95,8,4.2584271754160925
36.254302679742096,-112.74857544502824,930,23,295,20,5.469880104866039
36.28980605129216,-112.44220005399298,2065,7,320,-14,6.70452216925573
36.324551889009086,-112.13529378834396,2650,9,173,25,6.451747248958747
36.35853592864229,-111.82786721445665,1802,4,40,1,7.261413878822431
36.39175398589212,-111.51993102050706,1808,6,244,8,6.858642093395692
36.42420195779223,-111.21149601465248,1794,3,0,-3,7.545104852168523
36.45587582407244,-110.90257312314262,1832,3,309,-16,7.545104852168523
36.48677164850172,-110.59317338836252,2166,6,279,-7,6.858642093395692
36.51688558021014,-110.28330796680706,2106,4,320,-11,7.261413878822431
36.54621385498878,-109.97298812698811,1790,5,248,-11,7.040188830991998
36.57475279656702,-109.66222524727505,1708,3,309,6,7.545104852168523
36.60249881786598,-109.35103081366908,1799,2,292,1,7.941743691836643
36.62944842222751,-109.03941641751264,1766,8,257,4,6.570477324756705
36.65559820461795,-108.72739375313463,1598,3,231,-12,7.545104852168523
36.68094485280535,-108.41497461543244,1658,2,180,-15,7.941743691836643
36.70548514850984,-108.10217089739164,1649,4,148,2,7.261413878822431
36.7292159685262,-107.78899458754512,1759,2,292,-8,7.941743691836643
36.75213428581745,-107.47545776737212,1986,2,90,-8,7.941743691836643
36.77423717057932,-107.16157260863882,2159,7,152,-7,6.70452216925573
36.79552179127425,-106.8473513706819,2463,10,21,6,6.345071884011764
36.81598541563449,-106.5328063976363,2425,12,221,-12,6.159167458950843
36.83562541163352,-106.21795011560856,2819,14,117,-1,6.000299329861114
36.85443924842491,-105.9027950297976,2439,1,231,-3,8.607715418818213
36.87242449724823,-105.5873537215642,2302,1,270,3,8.607715418818213
36.88957883230095,-105.27163884545126,2880,14,134,1,6.000299329861114
36.90590003157615,-104.95566312615593,2495,7,148,-13,6.70452216925573
36.92138597766476,-104.639439355456,2245,14,126,-7,6.000299329861114
36.93603465852259,-104.32298038909212,2373,4,148,-11,7.261413878822431
36.94984416820067,-104.0062991436076,2261,3,231,-3,7.545104852168523
36.9628127075391,-103.6894085931481,1825,2,112,-7,7.941743691836643
36.97493858482318,-103.37232176622275,1476,9,101,8,6.451747248958747
36.98622021640215,-103.0550517424292,1400,4,180,2,7.261413878822431
36.996656127269205,-102.73761164914418,1321,3,270,0,7.545104852168523
37.00624495160294,-102.42001465818224,1219,2,90,-11,7.941743691836643
37.01498543326948,-102.1022739824243,1117,2,112,1,7.941743691836643
37.022876426285215,-101.78440287241868,1065,1,180,8,8.607715418818213
37.0299168952394,-101.46641461295656,989,2,0,-1,7.941743691836643
37.03610591567657,-101.14832251962412,917,3,68,2,7.545104852168523
37.041442674438414,-100.83013993533386,837,1,90,14,8.607715418818213
37.04592646996475,-100.5118802268373,768,2,270,1,7.941743691836643
37.049556712553546,-100.1935567812215,698,3,157,15,7.545104852168523
37.05233292457944,-99.8751830023915,588,0,0,-6,11.522875795823397
37.05425474067114,-99.55677230754148,539,5,90,11,7.040188830991998
37.055321907846974,-99.23833812361676,579,4,320,-4,7.261413878822431
37.05553428560884,-98.91989388376903,474,1,0,-4,8.607715418818213
37.05489184599445,-98.60145302380762,446,2,0,-1,7.941743691836643
37.05339467358765,-98.28302897864845,388,4,105,-6,7.261413878822431
37.05104296548706,-97.96463517876418,413,3,270,-9,7.545104852168523
37.04783703123283,-97.64628504663696,357,5,112,-4,7.040188830991998
37.0437772926917,-97.32799199321678,346,1,90,4,8.607715418818213
37.03886428390047,-97.0097694143879,326,1,129,-5,8.607715418818213
37.0330986508678,-96.69163068744524,367,1,231,6,8.607715418818213
37.02648115133482,-96.37358916758367,291,4,255,3,7.261413878822431
37.01901265449453,-96.05565818440246,277,2,68,-2,7.941743691836643
37.01069414067014,-95.73785103842684,275,2,0,-10,7.941743691836643
37.00152670095282,-95.42018099764962,271,2,148,-2,7.941743691836643
36.99151153679898,-95.102661294095,254,5,153,-11,7.040188830991998
36.98064995958746,-94.78530512040618,265,5,14,-5,7.040188830991998
36.968943390136936,-94.46812562646028,340,5,207,1,7.040188830991998
36.95639335818401,-94.15113591601175,375,4,197,-1,7.261413878822431
36.94300150182213,-93.8343490433667,426,1,180,2,8.607715418818213
36.92876956690223,-93.51777801009072,386,7,332,-8,6.70452216925573
36.91369940639506,-93.20143576175172,350,17,261,-1,5.7971052477000855
36.89779297971592,-92.88533518470034,376,8,335,14,6.570477324756705
36.88105235201252,-92.56948910288936,322,9,270,15,6.451747248958747
36.863479693416,-92.25391027473476,309,1,51,19,8.607715418818213
36.84507727825624,-91.93861139001989,366,6,157,-10,6.858642093395692
36.82584748424154,-91.62360506684465,277,3,51,8,7.545104852168523
36.805792791603736,-91.30890384862158,281,9,16,0,6.451747248958747
36.78491578220905,-90.99452020112078,213,3,51,-8,7.545104852168523
36.76321913863559,-90.68046650956482,156,8,145,-5,6.570477324756705
36.74070564321796,-90.36675507577591,98,5,101,6,7.040188830991998
36.71737817705982,-90.05339811537638,103,2,270,-2,7.941743691836643
36.693239719015104,-89.74040775504436,88,3,180,-10,7.545104852168523
36.66829334463875,-89.42779602982581,87,1,309,2,8.607715418818213
36.64254222510728,-89.11557488050438,91,1,51,4,8.607715418818213
36.61598962611068,-88.80375615103057,140,4,255,4,7.261413878822431
36.58863890671567,-88.49235158601104,162,5,90,-1,7.040188830991998
36.56049351820176,-88.18137282825974,158,4,231,-6,7.261413878822431
36.531557002870485,-87.87083141641145,111,7,320,2,6.70452216925573
36.50183299282905,-87.5607387825992,162,13,78,-1,6.076901183003046
36.47132520874864,-87.25110625019626,171,1,0,8,8.607715418818213
36.44003745859917,-86.94194503162363,213,1,270,6,8.607715418818213
36.40797363636027,-86.63326622622404,192,16,231,26,5.860997933550507
36.37513772071026,-86.32508081820282,169,1,180,-1,8.607715418818213
36.34153377369361,-86.01739967463682,213,10,287,-2,6.345071884011764
36.3071659393677,-85.71023354355154,180,4,328,-4,7.261413878822431
36.27203844243002,-85.40359305206728,310,3,338,9,7.545104852168523
36.23615558682665,-85.09748870461463,508,18,345,-20,5.73642582948546
36.19952175434276,-84.79193088121974,452,4,242,-1,7.261413878822431
36.1621414031762,-84.4869298358598,526,17,24,-18,5.7971052477000855
36.1240190664952,-84.18249569488876,321,13,190,17,6.076901183003046
36.085159350980746,-83.87863845553376,338,2,148,-3,7.941743691836643
36.0455669353549,-83.57536798446208,400,19,337,-1,5.67858487499791
36.0052465688958,-83.2726940164189,291,0,0,0,11.522875795823397
35.96420306994023,-82.97062615293592,687,30,356,30,5.162923839635655
35.92244132437493,-82.66917386111037,652,4,148,-14,7.261413878822431
35.879966284117025,-82.36834647245472,860,6,279,9,6.858642093395692
35.83678296558514,-82.06815318181675,637,16,80,-31,5.860997933550507
35.79289644816151,-81.76860304636948,392,6,180,-4,6.858642093395692
35.748311872646404,-81.46970498467105,342,10,214,11,6.345071884011764
35.70303443970546,-81.17146777579386,296,6,202,4,6.858642093395692
35.657069408311045,-80.87390005852265,279,7,190,2,6.70452216925573
35.61042209417814,-80.57701033062109,242,8,118,-6,6.570477324756705
35.56309786819625,-80.2808069481662,221,6,108,5,6.858642093395692
35.51510215485742,-79.98529812495019,132,9,166,6,6.451747248958747
35.466440430681835,-79.6904919319489,153,2,270,-1,7.941743691836643
35.417118222641406,-79.3963962968562,86,5,154,1,7.040188830991998
35.367141106582444,-79.10301900368384,110,4,163,1,7.261413878822431
35.31651470564808,-78.81036769242561,61,1,309,-4,8.607715418818213
35.26524468870127,-78.51844985878523,62,1,129,9,8.607715418818213
35.21333676874916,-78.22727285396702,53,3,51,-5,7.545104852168523
35.160796701369414,-77.93684388452849,46,4,105,2,7.261413878822431
35.10763028313983,-77.64717001229396,31,1,180,7,8.607715418818213
35.05384335007113,-77.35825815432806,12,5,138,3,7.040188830991998
34.9994417760443,-77.07011508296841,19,5,26,-10,7.040188830991998
34.88881838065161,-76.49616166638299,3,2,0,2,7.941743691836643
35.31842057098219,-120.56229729683815,731,15,31,-30,5.928550143214419
35.37236608525438,-120.27228573281542,607,13,0,12,6.076901183003046
35.42568326963956,-119.9815070512114,756,1,270,-6,8.607715418818213
35.47836623713333,-119.68996828161896,140,2,0,2,7.941743691836643
35.530409141165336,-119.39767660111605,91,1,0,-1,8.607715418818213
35.58180617719352,-119.10463933422857,202,1,129,6,8.607715418818213
35.632551584301964,-118.81086395283153,880,15,56,-26,5.928550143214419
35.68263964680143,-118.51635807598716,1410,12,191,28,6.159167458950843
35.73206469583191,-118.22112946971916,1655,37,256,-6,4.897002021379538
35.7808211109664,-117.925186046722,1140,35,167,-8,4.970316820703456
35.82890332181497,-117.62853586600484,697,3,309,-8,7.545104852168523
35.87630580962857,-117.33118713246851,667,4,141,3,7.261413878822431
35.92302310890135,-117.03314819641572,991,6,0,0,6.858642093395692
35.969049808971086,-116.7344275529925,-67,2,68,1,7.941743691836643
36.01438055561658,-116.43503384156148,819,1,270,3,8.607715418818213
36.059010052651296,-116.1349758450054,853,7,248,7,6.70452216925573
36.10293306351208,-115.83426248896072,1001,2,248,-9,7.941743691836643
36.14614441284268,-115.53290284098068,1889,21,123,-31,5.5701918233974546
36.18863898807047,-115.23090610962718,708,1,231,3,8.607715418818213
36.23041174097587,-114.9282816434914,713,12,153,-4,6.159167458950843
36.271457689253765,-114.6250389301422,741,5,79,-10,7.040188830991998
36.31177191806524,-114.32118759500288,606,2,212,-6,7.941743691836643
36.35134958157959,-114.01673740015484,575,12,68,3,6.159167458950843
36.390185904505145,-113.7116982430692,1959,13,282,-56,6.076901183003046
36.42827618360808,-113.40608015526551,1615,3,231,9,7.545104852168523
36.4656157892184,-113.09989330089736,1783,4,105,10,7.261413878822431
36.50220016672194,-112.7931479752657,1690,2,248,2,7.941743691836643
36.538024838037785,-112.48585460325904,1842,38,28,-24,4.860913441019714
36.573085403079766,-112.17802373772132,2667,8,251,9,6.570477324756705
36.60737754120139,-111.86966605774737,1484,1,231,3,8.607715418818213
36.64089701262321,-111.56079236690604,1923,5,346,6,7.040188830991998
36.67363965984151,-111.25141359139222,1822,3,0,9,7.545104852168523
36.70560140901772,-110.94154077810695,1799,8,188,3,6.570477324756705
36.736778271347255,-110.63118509266718,2097,3,157,4,7.545104852168523
36.76716634440722,-110.320357817345,1867,6,143,-3,6.858642093395692
36.79676181348173,-110.00907034893775,1589,1,90,1,8.607715418818213
36.825560952864194,-109.69733419656885,1531,2,270,5,7.941743691836643
36.853560127135566,-109.38516097942082,1693,4,285,8,7.261413878822431
36.88075579241759,-109.07256242440135,1780,4,40,-3,7.261413878822431
36.907144497600434,-108.75955036374276,1540,4,320,-5,7.261413878822431
36.93272288554341,-108.44613673253636,1913,12,169,-4,6.159167458950843
36.95748769424838,-108.1323335662032,1784,3,23,2,7.545104852168523
36.98143575800481,-107.81815299790104,2080,14,246,-17,6.000299329861114
37.00456400850541,-107.50360725587042,1908,4,75,-2,7.261413878822431
37.026869475932095,-107.1887086607198,2101,31,275,-35,5.123080734108857
37.04834929001101,-106.873469622652,2446,23,206,8,5.469880104866039
37.069000681035966,-106.55790263863288,2931,16,67,8,5.860997933550507
37.088820980859616,-106.24202028950408,2751,14,185,-6,6.000299329861114
37.10780762385169,-105.92583523704126,2359,1,270,7,8.607715418818213
37.12595814782329,-105.60936022095945,2343,4,129,-2,7.261413878822431
37.14327019491685,-105.29260805586736,2810,10,253,0,6.345071884011764
37.1597415124609,-104.97559162817234,2357,19,244,-13,5.67858487499791
37.17536995378927,-104.65832389293776,2044,5,137,12,7.040188830991998
37.19015347902352,-104.3408178706948,1762,3,157,-4,7.545104852168523
37.20409015581883,-104.02308664421058,1674,6,157,4,6.858642093395692
37.21717816007194,-103.70514335521462,1726,3,203,6,7.545104852168523
37.22941577659124,-103.38700120108555,1740,4,75,0,7.261413878822431
37.24080139972826,-103.06867343150051,1579,3,309,0,7.545104852168523
37.25133353396975,-102.750173345049,1418,3,337,-1,7.545104852168523
37.26101079449055,-102.43151428581356,1268,0,0,8,11.522875795823397
37.2698319076663,-102.1127096399196,1141,2,180,2,7.941743691836643
37.27779571154572,-101.79377283205648,1047,2,328,0,7.941743691836643
37.28490115628221,-101.47471732197238,974,1,129,-10,8.607715418818213
37.29114730452426,-101.15555660094472,921,6,279,9,6.858642093395692
37.296533331764536,-100.83630418822968,876,2,90,-1,7.941743691836643
37.30105852664723,-100.51697362749164,838,1,129,2,8.607715418818213
37.30472229123343,-100.19757848321667,769,1,270,2,8.607715418818213
37.30752414122449,-99.87813233711084,759,4,163,9,7.261413878822431
37.30946370614289,-99.55864878448732,616,1,52,4,8.607715418818213
37.31054072947087,-99.23914143064373,663,1,180,-5,8.607715418818213
37.31075506874628,-98.91962388723262,582,4,62,-10,7.261413878822431
37.310106695615865,-98.6001097686277,484,3,0,0,7.545104852168523
37.308595695846016,-98.28061268828804,491,5,223,8,7.040188830991998
37.30622226929045,-97.96114625512296,428,2,270,4,7.941743691836643
37.30298672981567,-97.64172406986012,394,5,248,7,7.040188830991998
37.29888950518345,-97.32235972141918,396,0,0,1,11.522875795823397
37.293931136891054,-97.00306678329356,363,2,32,6,7.941743691836643
37.28811227996886,-96.68385880994312,377,4,242,-1,7.261413878822431
37.28143370273592,-96.36474933319955,328,3,248,4,7.545104852168523
37.273896286513406,-96.04575185868794,292,4,220,-2,7.261413878822431
37.26550102529623,-95.72687986226556,233,1,0,2,8.607715418818213
37.25624902538311,-95.4081467864819,275,3,0,2,7.545104852168523
37.246141504965465,-95.08956603706103,251,3,248,7,7.545104852168523
37.235179793675215,-94.77115097940946,275,0,0,9,11.522875795823397
37.223365332092186,-94.45291493515111,298,1,0,2,8.607715418818213
37.210699671211074,-94.13487117869266,335,4,75,-4,7.261413878822431
37.1971844718689,-93.81703293382056,386,3,292,-3,7.545104852168523
37.18282150413294,-93.49941337033246,361,1,90,2,8.607715418818213
37.167612646649744,-93.1820256007051,376,2,212,-6,7.941743691836643
37.15155988595605,-92.86488267680085,458,5,137,17,7.040188830991998
37.134665315751576,-92.54799758661478,393,5,101,4,7.040188830991998
37.11693113613473,-92.2313832510646,408,13,5,2,6.076901183003046
37.09835965280157,-91.91505252082504,376,7,148,3,6.70452216925573
37.07895327620861,-91.59901817320905,334,3,203,0,7.545104852168523
37.05871452070036,-91.28329290909728,354,3,112,-10,7.545104852168523
37.03764600360192,-90.96788934991788,241,8,172,5,6.570477324756705
37.01575044427752,-90.65282003467829,174,2,270,-11,7.941743691836643
36.993030663155686,-90.33809741705056,109,0,0,0,11.522875795823397
36.96948958072169,-90.02373386251224,119,2,212,4,7.941743691836643
36.94513021647811,-89.7097416455438,92,2,270,0,7.941743691836643
36.91995568787423,-89.39613294688445,99,2,112,-6,7.941743691836643
36.89396920920494,-89.08291985084774,133,2,148,1,7.941743691836643
36.86717409048026,-88.77011434269822,135,1,129,-4,8.607715418818213
36.83957373626589,-88.45772830609025,135,4,220,-2,7.261413878822431
36.811171644496014,-88.14577352057054,107,0,0,0,11.522875795823397
36.78197140525882,-87.83426165914535,172,6,99,-1,6.858642093395692
36.75197669955598,-87.5232042859132,159,2,148,-2,7.941743691836643
36.72119129803666,-87.21261285376447,179,4,0,4,7.261413878822431
36.68961905970707,-86.90249870214849,165,3,180,1,7.545104852168523
36.65726393061654,-86.59287305490918,218,3,180,-3,7.545104852168523
36.62412994252069,-86.28374701818974,249,5,68,-2,7.040188830991998
36.59022121152309,-85.97513157840733,237,5,26,4,7.040188830991998
36.55554193669592,-85.66703760029824,248,30,42,-13,5.162923839635655
36.5200963986808,-85.35947582503404,320,7,350,6,6.70452216925573
36.48388895827043,-85.05245686840924,484,16,176,-9,5.860997933550507
36.44692405497245,-84.74599121910096,400,27,339,32,5.287654659051184
36.409206205555954,-84.44008923700063,461,4,105,-1,7.261413878822431
36.37074000258188,-84.13476115161836,353,1,0,0,8.607715418818213
36.331530112918166,-83.83001706055984,339,1,51,-4,8.607715418818213
36.291581276240585,-83.5258669280759,320,15,312,28,5.928550143214419
36.25089830352018,-83.22232058368522,390,4,17,5,7.261413878822431
36.20948607549825,-82.9193877208694,373,6,108,-2,6.858642093395692
36.1673495411499,-82.61707789584105,436,3,180,-2,7.545104852168523
36.12449371613694,-82.31540052638415,1240,30,313,2,5.162923839635655
36.08092368125112,-82.01436489076697,1149,19,103,-9,5.67858487499791
36.03664458084868,-81.7139801267268,431,14,166,-14,6.000299329861114
35.99166162127706,-81.41425523052642,432,15,32,5,5.928550143214419
35.945980069294706,-81.115199056082,335,5,259,1,7.040188830991998
35.899605250484775,-80.81682031416155,271,2,180,-4,7.941743691836643
35.852542547663845,-80.51912757165391,218,7,190,7,6.70452216925573
35.804797399286215,-80.22212925090729,213,5,166,12,7.040188830991998
35.756375297845054,-79.92583362913706,159,20,103,16,5.623264340182601
35.70728178827072,-79.63024883790183,166,4,180,-6,7.261413878822431
35.65752246632772,-79.33538286264738,167,4,321,-6,7.261413878822431
35.607102977010555,-79.04124354231735,54,2,32,1,7.941743691836643
35.55602901293982,-78.74783856903015,101,3,90,-3,7.545104852168523
35.50430631275883,-78.45517548782118,57,7,19,-1,6.70452216925573
35.45194065953209,-78.16326169644923,46,3,90,0,7.545104852168523
35.398937879145926,-77.87210444526643,33,4,163,11,7.261413878822431
35.34530383871242,-77.58171083715062,23,6,64,-1,6.858642093395692
35.29104444497714,-77.29208782749896,4,4,0,5,7.261413878822431
35.236165642731585,-77.00324222428227,9,1,270,0,8.607715418818213
35.18067341323086,-76.7151806881582,3,1,180,-2,8.607715418818213
35.50069732547887,-120.91883610906812,275,12,68,-8,6.159167458950843
35.555742591918985,-120.62888493718036,302,3,0,3,7.545104852168523
35.610160642223214,-120.33815101595503,379,2,180,-4,7.941743691836643
35.663945478867085,-120.0466412644284,226,1,129,0,8.607715418818213
35.717091143352505,-119.75436275186811,77,2,90,-1,7.941743691836643
35.76959171782345,-119.46132269781909,65,4,197,-1,7.261413878822431
35.82144132668586,-119.1675284720869,127,1,270,5,8.607715418818213
35.8726341382316,-118.87298759465791,333,5,334,-3,7.040188830991998
35.92316436626549,-118.57770773555497,2163,21,339,1,5.5701918233974546
35.9730262717342,-118.28169671462742,2271,24,322,-3,5.422256431435354
36.022214164357045,-117.98496250127508,1399,18,339,13,5.73642582948546
36.07072240425711,-117.68751321410458,1590,7,248,-8,6.70452216925573
36.11854540359219,-117.38935712051756,843,18,124,47,5.73642582948546
36.16567762818473,-117.09050263622991,3002,37,228,30,4.897002021379538
36.2121135991498,-116.79095832472098,-83,1,231,9,8.607715418818213
36.25784789452029,-116.49073289661231,744,2,0,-1,7.941743691836643
36.30287515086838,-116.18983520897532,794,3,0,-2,7.545104852168523
36.3471900649225,-115.88827426456643,1809,10,154,-3,6.345071884011764
36.39078739517865,-115.58605921099048,1817,9,0,-6,6.451747248958747
36.43366196350564,-115.28319933979064,1116,2,212,6,7.941743691836643
36.47580865674263,-114.97970408546502,929,4,75,-2,7.261413878822431
36.51722242828873,-114.67558302440932,608,3,309,1,7.545104852168523
36.55789829968322,-114.37084587378556,514,12,108,6,6.159167458950843
36.59783136217566,-114.06550249031564,1803,22,69,8,5.519132026132706
36.63701677828513,-113.75956286900114,1321,19,101,42,5.67858487499791
36.67544978334711,-113.45303714176744,1525,4,242,-1,7.261413878822431
36.71312568704757,-113.14593557603344,1507,4,17,-1,7.261413878822431
36.750039874943134,-112.83826857320604,1496,2,68,-13,7.941743691836643
36.78618780996618,-112.53004666709997,1582,1,51,3,8.607715418818213
36.82156503391423,-112.22128052228268,2147,13,290,4,6.076901183003046
36.856167168922354,-111.911980932345,1957,3,337,7,7.545104852168523
36.88998991891791,-111.60215881809718,1125,29,243,37,5.203575778621866
36.9230290710564,-111.29182522569134,1372,32,153,18,5.083968235816121
36.95528049713773,-110.98099132467031,1378,13,180,20,6.076901183003046
36.98674015500179,-110.66966840594364,1848,10,317,-16,6.345071884011764
37.01740408990226,-110.357867879691,1589,1,90,-13,8.607715418818213
37.04726843585817,-110.04560127319412,1597,7,32,-14,6.70452216925573
37.07632941698174,-109.73288022859768,1457,2,32,-6,7.941743691836643
37.10458334878188,-109.41971650059996,1534,3,270,-2,7.545104852168523
37.13202663944246,-109.10612195407424,1395,4,40,1,7.261413878822431
37.15865579107426,-108.7921085616219,1777,6,288,-2,6.858642093395692
37.18446740093992,-108.47768840105832,2136,4,163,2,7.261413878822431
37.20945816265081,-108.16287365283252,2186,4,255,1,7.261413878822431
37.233624867335074,-107.84767659738174,2089,5,292,5,7.040188830991998
37.25696440477614,-107.5321096124227,2185,5,180,-8,7.040188830991998
37.27947376452045,-107.21618517018004,2493,7,225,9,6.70452216925573
37.30115003695408,-106.8999158345542,2536,3,270,4,7.545104852168523
37.32199041434708,-106.58331425822958,3054,0,0,0,11.522875795823397
37.34199219186494,-106.26639317972494,2652,4,0,1,7.261413878822431
37.36115276854654,-105.94916542038756,2312,1,308,-1,8.607715418818213
37.379469648247465,-105.6316438813327,2357,1,180,-14,8.607715418818213
37.396940440548335,-105.31384154033032,2683,7,248,-3,6.70452216925573
37.41356286162736,-104.99577144864084,2725,15,292,1,5.928550143214419
37.42933473509631,-104.67744672780172,2144,16,201,-2,5.860997933550507
37.44425399279957,-104.3588805663669,1749,1,52,-4,8.607715418818213
37.45831867557524,-104.04008621660124,1654,3,308,-2,7.545104852168523
37.471526933978126,-103.72107699113162,1454,1,180,2,8.607715418818213
37.48387702896368,-103.40186625955732,1490,27,226,29,5.287654659051184
37.49536733253274,-103.0824674450214,1475,3,23,3,7.545104852168523
37.5059963283362,-102.7628940207457,1402,3,232,-6,7.545104852168523
37.51576261223934,-102.44315950653146,1254,3,337,0,7.545104852168523
37.524664892845394,-102.12327746522784,1136,3,68,-1,7.545104852168523
37.5327019919778,-101.80326149917089,1033,1,52,3,8.607715418818213
37.53987284512089,-101.48312524659532,954,1,128,-4,8.607715418818213
37.54617650181858,-101.16288237802132,923,4,298,-2,7.261413878822431
37.55161212603087,-100.84254659261909,894,3,203,6,7.545104852168523
37.556178996447535,-100.52213161455336,839,4,285,4,7.261413878822431
37.559876506759416,-100.2016511893108,817,6,203,-3,6.858642093395692
37.5627041658862,-99.88111908001216,762,3,112,3,7.545104852168523
37.56466159816142,-99.56054906371256,717,1,232,0,8.607715418818213
37.5657485434738,-99.2399549276918,682,1,270,8,8.607715418818213
37.56596485736519,-98.91935046573757,635,2,180,3,7.941743691836643
37.565310511085166,-98.59874947442414,574,3,248,-3,7.545104852168523
37.56378559160169,-98.27816574938925,513,2,328,10,7.941743691836643
37.56139030156843,-97.9576130816113,474,3,308,2,7.545104852168523
37.55812495924837,-97.63710525369017,401,1,90,4,8.607715418818213
37.553989998394,-97.3166560361336,387,1,232,-2,8.607715418818213
37.54898596808396,-96.9962791836523,364,1,52,6,8.607715418818213
37.54311353251659,-96.67598843146574,449,1,0,5,8.607715418818213
37.53637347076014,-96.35579749162174,342,5,112,1,7.040188830991998
37.52876667646012,-96.0357200493322,322,1,0,-1,8.607715418818213
37.52029415750411,-95.71576975932727,265,5,248,7,7.040188830991998
37.51095703564393,-95.39596024223096,309,0,0,0,11.522875795823397
37.50075654607588,-95.07630508095995,277,1,0,-2,8.607715418818213
37.48969403697888,-94.75681781714904,295,4,320,-1,7.261413878822431
37.47777096901163,-94.43751194760436,300,3,180,-2,7.545104852168523
37.46498891476836,-94.11840092078808,305,4,220,-5,7.261413878822431
37.4513495581941,-93.79949813333587,276,3,68,-8,7.545104852168523
37.43685469395992,-93.48081692660992,314,3,52,13,7.545104852168523
37.42150622679832,-93.16237058328964,330,2,212,-1,7.941743691836643
37.40530617079952,-92.84417232400236,440,1,0,-7,8.607715418818213
37.3882566486694,-92.5262353039959,411,9,164,4,6.451747248958747
37.37035989094903,-92.2085726098555,430,6,232,-7,6.858642093395692
37.35161823519711,-91.89119725626652,357,7,350,-1,6.70452216925573
37.332034125135394,-91.57412218282572,319,3,292,5,7.545104852168523
37.31161010975824,-91.25736025090234,356,4,298,-4,7.261413878822431
37.29034884240631,-90.94092424055113,237,5,207,16,7.040188830991998
37.26825307980601,-90.62482684747914,236,12,77,2,6.159167458950843
37.24532568107442,-90.309080680068,226,3,309,-1,7.545104852168523
37.22156960669125,-89.99369825645304,153,11,260,-7,6.248120224858334
37.19698791743821,-89.6786920016615,99,4,129,-4,7.261413878822431
37.171583773306494,-89.36407424481051,122,7,51,-28,6.70452216925573
37.14536043237355,-89.04985721636717,98,1,51,-9,8.607715418818213
37.11832124964971,-88.73605304547125,115,5,121,-19,7.040188830991998
37.09046967589536,-88.42267375732257,121,8,216,2,6.570477324756705
37.061809256409866,-88.10973127063372,118,6,129,19,6.858642093395692
37.03234362979308,-87.79723739514966,148,3,292,-5,7.545104852168523
37.00207652667982,-87.48520382923506,232,2,68,0,7.941743691836643
36.971011768448975,-87.17364215753041,218,13,185,-2,6.076901183003046
36.93915326590752,-86.86256384867796,158,6,261,-5,6.858642093395692
36.9065050179507,-86.55198025311816,178,3,51,6,7.545104852168523
36.87307111019914,-86.2419026009575,181,5,27,-3,7.040188830991998
36.83885571361398,-85.93234199990845,236,10,107,3,6.345071884011764
36.80386308309068,-85.62330943330191,292,19,259,-18,5.67858487499791
36.76809755603291,-85.31481575817311,218,18,213,1,5.73642582948546
36.73156355090707,-85.00687170342104,329,8,304,14,6.570477324756705
36.694265565778416,-84.69948786804194,338,16,250,7,5.860997933550507
36.65620817683008,-84.39267471943731,399,13,142,-3,6.076901183003046
36.6173960368657,-84.08644259179646,296,6,143,2,6.858642093395692
36.577833873796486,-83.7808016845539,555,19,267,22,5.67858487499791
36.53752648911407,-83.47576206092165,428,1,270,20,8.607715418818213
36.49647875634979,-83.17133364649648,504,14,340,-41,6.000299329861114
36.45469561952143,-82.86752622794198,363,9,23,24,6.451747248958747
36.41218209156853,-82.56434945174561,557,13,154,-15,6.076901183003046
36.36894325277692,-82.26181282305005,523,4,231,1,7.261413878822431
36.32498424919379,-81.95992570455914,661,4,180,-6,7.261413878822431
36.28031029103383,-81.65869731551788,1057,22,71,6,5.519132026132706
36.234926651077856,-81.35813673076588,525,27,76,-14,5.287654659051184
36.18883866306429,-81.05825287986438,286,1,309,-4,8.607715418818213
36.142051720074974,-80.75905454629564,285,6,22,-1,6.858642093395692
36.094571272915765,-80.46055036673498,242,4,118,5,7.261413878822431
36.046402828493065,-80.16274883039398,262,7,270,7,6.70452216925573
35.997551948187144,-79.86565827843489,258,7,112,-5,6.70452216925573
35.94802424622314,-79.56928690345516,198,4,163,-4,7.261413878822431
35.897825388040374,-79.27364274904149,155,2,68,2,7.941743691836643
35.846961088661324,-78.97873370939239,68,0,0,0,11.522875795823397
35.79543711106047,-78.6845675290086,130,7,51,6,6.70452216925573
35.7432592645345,-78.39115180245058,95,3,51,-4,7.545104852168523
35.69043340307402,-78.09849397416153,46,1,309,-7,8.607715418818213
35.63696542373819,-77.80660133835566,39,4,62,-6,7.261413878822431
35.58286126503265,-77.51548103897038,27,3,158,-4,7.545104852168523
35.52812690529156,-77.22514006968116,11,3,338,1,7.545104852168523
35.41679168551036,-76.64682334530445,13,3,180,-1,7.545104852168523
35.36020296679411,-76.35886082725118,0,1,309,4,8.607715418818213
35.73742047235003,-120.98692690023223,275,10,0,-5,6.345071884011764
35.79294563001055,-120.69625535188256,331,12,146,-20,6.159167458950843
35.8478387506667,-120.40479215443624,446,3,0,-4,7.545104852168523
35.902093764251966,-120.11254426372696,344,16,352,16,5.860997933550507
35.95570463990277,-119.8195187886512,59,1,231,-5,8.607715418818213
36.00866538759995,-119.5257229912372,57,1,270,6,8.607715418818213
36.06097005981511,-119.23116428664991,98,0,0,1,11.522875795823397
36.112612753161,-118.93585024313128,237,9,227,-2,6.451747248958747
36.16358761004524,-118.63978858187429,1697,30,283,-31,5.162923839635655
36.21388882032663,-118.3429871768302,2033,25,197,-39,5.376102417024408
36.26351062297301,-118.04545405444745,1389,9,96,14,6.451747248958747
36.31244730771999,-117.74719739334184,1476,4,51,1,7.261413878822431
36.36069321672988,-117.4482255238965,512,2,270,-4,7.941743691836643
36.40824274624938,-117.14854692779107,1604,6,180,-9,6.858642093395692
36.45509034826589,-116.8481702374594,31,7,270,0,6.70452216925573
36.50123053216093,-116.5471042354745,701,2,328,-3,7.941743691836643
36.546657866360185,-116.24535785386054,742,3,180,5,7.545104852168523
36.591366979978936,-115.94294017333095,1108,4,255,12,7.261413878822431
36.63535256446231,-115.63986042245205,952,5,292,9,7.040188830991998
36.67860937521901,-115.33612797673152,1320,4,285,4,7.261413878822431
36.72113223324794,-115.03175235763176,1279,5,68,-6,7.040188830991998
36.76291602675653,-114.72674323150672,666,18,304,-20,5.73642582948546
36.80395571276996,-114.42111040846297,768,3,129,6,7.545104852168523
36.8442463187302,-114.1148638411438,569,6,116,10,6.858642093395692
36.88378294408388,-113.80801362343658,1135,31,76,40,5.123080734108857
36.9225607618583,-113.50056998910314,1175,7,152,-14,6.70452216925573
36.96057502022408,-113.192543310333,1393,1,231,5,8.607715418818213
36.99782104404394,-112.8839440962193,1818,14,266,11,6.000299329861114
37.0342942364064,-112.574782991158,1909,4,255,-5,7.261413878822431
37.0699900801435,-112.26507077316975,1960,16,200,23,5.860997933550507
37.10490413933139,-111.95481835214514,1423,10,167,3,6.345071884011764
37.13903206077308,-111.64403676801348,1596,4,105,-12,7.261413878822431
37.17236957546209,-111.33273718883542,1219,15,157,-24,5.928550143214419
37.204912500026175,-111.02093090881974,2013,25,84,-40,5.376102417024408
37.23665673815015,-110.70862934626508,1356,16,36,-26,5.860997933550507
37.26759828197677,-110.39584404142695,1180,1,180,-3,8.607715418818213
37.29773321348478,-110.08258665431087,1624,24,344,27,5.422256431435354
37.32705770584311,-109.76886896239223,1658,6,90,6,6.858642093395692
37.35556802474022,-109.45470285826364,1397,24,357,-2,5.422256431435354
37.383260529687966,-109.14010034721116,1591,18,345,6,5.73642582948546
37.41013167529854,-108.8250735447197,2015,7,82,12,6.70452216925573
37.436178012534114,-108.50963467390903,2088,3,203,-6,7.545104852168523
37.46139618992783,-108.19379606290173,2775,7,262,9,6.70452216925573
37.48578295477559,-107.87757014212374,2523,15,270,-17,5.928550143214419
37.509335154297546,-107.56096944153953,3127,52,56,-45,4.367877673475378
37.532049736768585,-107.24400658782244,2762,8,62,6,6.570477324756705
37.5539237526169,-106.9266943014625,3364,12,169,-9,6.159167458950843
37.57495435548974,-106.60904539381256,3142,2,148,16,7.941743691836643
37.59513880328583,-106.2910727640747,2494,7,122,7,6.70452216925573
37.61447445915334,-105.97278939622858,2316,1,0,-3,8.607715418818213
37.6329587924528,-105.65420835590326,2311,2,270,4,7.941743691836643
37.65058937968436,-105.33534278719456,2933,6,90,-8,6.858642093395692
37.66736390537838,-105.01620590942969,2095,6,81,-20,6.858642093395692
37.68328016294892,-104.696811013881,1830,6,128,-6,6.858642093395692
37.69833605550937,-104.37717146043134,1763,1,180,-3,8.607715418818213
37.71252959664976,-104.05730067419232,1591,9,157,3,6.451747248958747
37.72585891117458,-103.73721214207832,1465,4,162,3,7.261413878822431
37.73832223580145,-103.41691940933808,1371,28,65,10,5.2451216767435955
37.74991791981918,-103.09643607604612,1335,4,212,2,7.261413878822431
37.76064442570534,-102.77577579355643,1325,3,248,1,7.545104852168523
37.77050032970244,-102.45495226092068,1268,5,166,-14,7.040188830991998
37.77948432235272,-102.13397922127318,1144,0,0,1,11.522875795823397
37.7875952089904,-101.8128704581854,1032,2,0,4,7.941743691836643
37.79483191019197,-101.4916397919922,990,4,62,-1,7.261413878822431
37.80119346218321,-101.17030107609236,920,4,0,2,7.261413878822431
37.80667901720323,-100.84886819322598,880,2,180,-14,7.941743691836643
37.81128784382501,-100.52735505173128,844,2,180,-5,7.941743691836643
37.81501932723225,-100.2057755817836,821,1,308,-5,8.607715418818213
37.817872969452246,-99.88414373161872,761,1,0,-1,8.607715418818213
37.81984838954464,-99.56247346374374,694,4,62,-1,7.261413878822431
37.82094532374583,-99.2407787511378,662,3,292,-11,7.545104852168523
37.821163625569135,-98.9190735734455,619,4,90,5,7.261413878822431
37.8205032658603,-98.59737191316545,571,1,270,4,8.607715418818213
37.818964332808655,-98.27568775183693,523,4,75,0,7.261413878822431
37.81654703191353,-97.95403506622723,470,2,148,0,7.941743691836643
37.81325168590638,-97.6324278245224,438,2,148,0,7.941743691836643
37.8090787346283,-97.31087998252389,420,5,259,-5,7.040188830991998
37.80402873486328,-96.98940547985391,405,4,90,10,7.261413878822431
37.79810236012728,-96.6680182361726,448,2,0,2,7.941743691836643
37.79130040041313,-96.3467321474086,347,1,52,-5,8.607715418818213
37.78362376189176,-96.0255610820068,309,1,52,4,8.607715418818213
37.77507346656966,-95.7045188771952,318,1,308,-5,8.607715418818213
37.76565065190322,-95.38361933527356,310,3,112,-6,7.545104852168523
37.75535657036991,-95.06287621992657,324,0,0,2,11.522875795823397
37.74419258899678,-94.74230325256408,291,1,0,-8,8.607715418818213
37.732160188846805,-94.42191410869049,256,4,32,0,7.261413878822431
37.7192609644632,-94.10172241430618,296,2,90,-9,7.941743691836643
37.705496623272346,-93.7817417423434,298,7,152,-1,6.70452216925573
37.69086898494584,-93.46198560913852,331,5,270,7,7.040188830991998
37.67537998072181,-93.14246747094334,331,6,99,-6,6.858642093395692
37.659031652686686,-92.82320072047791,321,4,0,7,7.261413878822431
37.64182615301719,-92.5041986835264,352,4,18,10,7.261413878822431
37.62376574318382,-92.1854746155788,351,5,27,4,7.040188830991998
37.604852793116166,-91.86704169852044,366,7,170,-7,6.70452216925573
37.58508978033044,-91.54891303737108,405,7,58,-5,6.70452216925573
37.56447928902059,-91.23110165707573,385,1,180,2,8.607715418818213
37.543024009112855,-90.91362049934926,272,6,337,-4,6.858642093395692
37.52072673528511,-90.59648241957652,365,9,328,2,6.451747248958747
37.497590365951616,-90.27970018376952,327,4,75,-6,7.261413878822431
37.47361790221358,-89.96328646558374,167,19,41,5,5.67858487499791
37.44881244677691,-89.64725384339516,177,5,137,0,7.040188830991998
37.4231772028374,-89.3316147974393,262,7,122,-8,6.70452216925573
37.39671547293454,-89.016381707014,141,4,52,-11,7.261413878822431
37.36943065777478,-88.70156684774733,151,12,224,-12,6.159167458950843
37.3413262550248,-88.38718238893189,182,5,301,-6,7.040188830991998
37.312405858076055,-88.07324039092677,192,7,90,-8,6.70452216925573
37.282673154781314,-87.75975280262854,132,4,148,-2,7.261413878822431
37.25213192616399,-87.44673145901194,123,0,0,-1,11.522875795823397
37.22078604510141,-87.13418807874187,137,10,145,3,6.345071884011764
37.18863947498284,-86.82213426185712,163,8,124,2,6.570477324756705
37.15569626834311,-86.51058148752695,212,6,12,4,6.858642093395692
37.12196056547295,-86.1995411118814,198,4,0,-3,7.261413878822431
37.08743659300708,-85.88902436591569,221,1,270,0,8.607715418818213
37.052128662490624,-85.57904235346972,224,9,203,15,6.451747248958747
37.01604116892526,-85.26960604928297,253,4,75,5,7.261413878822431
36.97917858929589,-84.96072629712535,271,15,284,19,5.928550143214419
36.94154548107873,-84.65241380800435,276,7,220,-7,6.70452216925573
36.90314648073198,-84.344679158449,359,18,35,-24,5.73642582948546
36.86398630217,-84.03753278887041,341,6,51,8,6.858642093395692
36.82406973522188,-83.73098500199968,496,35,345,-2,4.970316820703456
36.78340164407551,-83.42504596140272,912,23,238,20,5.469880104866039
36.74198696570811,-83.11972569007224,817,22,30,-29,5.519132026132706
36.69983070830419,-82.81503406909695,396,1,129,4,8.607715418818213
36.65693794966183,-82.51098083640751,858,17,264,-17,5.7971052477000855
36.61331383558847,-82.2075755855994,572,12,242,29,6.159167458950843
36.56896357828701,-81.9048277648321,1041,21,263,2,5.5701918233974546
36.52389245473307,-81.60274667580458,983,16,188,-23,5.860997933550507
36.478105805044855,-81.30134147280639,873,11,70,5,6.248120224858334
36.43160903084583,-81.00062116184411,891,12,355,-1,6.159167458950843
36.38440759362187,-80.70059459984242,328,11,105,11,6.248120224858334
36.336507013073415,-80.40127049391955,308,7,180,8,6.70452216925573
36.28791286546348,-80.10265740073602,241,1,51,-1,8.607715418818213
36.23863078196282,-79.8047637259163,232,5,166,-1,7.040188830991998
36.18866644699271,-79.50759772354255,202,1,180,7,8.607715418818213
36.13802559656653,-79.21116749571955,220,1,90,0,8.607715418818213
36.08671401663092,-78.91548099221015,133,5,223,3,7.040188830991998
36.034737541407296,-78.62054601013998,112,5,137,0,7.040188830991998
35.98210205173465,-78.3263701937711,109,4,285,5,7.261413878822431
35.928813473414564,-78.03296103434272,56,9,41,6,6.451747248958747
35.874877775558886,-77.74032586997895,34,3,158,4,7.545104852168523
35.82030096894145,-77.44847188566155,16,3,0,2,7.545104852168523
35.76508910435394,-77.15740611326733,12,3,180,11,7.545104852168523
35.70924827096733,-76.86713543166863,21,4,105,1,7.261413878822431
35.652784594699,-76.57766656689586,6,1,270,-3,8.607715418818213
35.59570423658693,-76.28900609236074,9,2,0,1,7.941743691836643
35.538013391171,-76.00116042913928,-2,0,0,5,11.522875795823397
35.91738211357408,-121.3464073580382,660,7,292,22,6.70452216925573
35.97402042479796,-121.05581616885333,426,11,121,-2,6.248120224858334
36.03002805066343,-120.76441744117164,484,16,150,21,5.860997933550507
36.08539880996935,-120.47221801169266,455,13,244,6,6.076901183003046
36.14012655922589,-120.17922487291573,151,1,0,2,8.607715418818213
36.194205194316574,-119.8854451732972,68,4,75,-8,7.261413878822431
36.2476286521659,-119.59088621734324,68,1,0,10,8.607715418818213
36.30039091241259,-119.29555546563796,104,5,101,-3,7.040188830991998
36.35248599908685,-118.99946053480456,463,21,180,19,5.5701918233974546
36.40390798229159,-118.70260919739884,2064,7,40,13,6.70452216925573
36.45465097988607,-118.40500938173471,2303,31,265,-33,5.123080734108857
36.50470915917184,-118.10666917163915,1867,32,147,-10,5.083968235816121
36.55407673857952,-117.80759680613691,2617,30,241,25,5.162923839635655
36.60274798935591,-117.50780067906317,1929,8,145,-6,6.570477324756705
36.6507172372504,-117.20728933860374,30,2,270,0,7.941743691836643
36.69797886419996,-116.90607148676165,1057,15,263,-41,5.928550143214419
36.74452731001136,-116.6041559787493,873,1,129,-4,8.607715418818213
36.7903570740404,-116.3015518223056,1045,1,180,-3,8.607715418818213
36.835462716866495,-115.99826817693716,1002,3,129,1,7.545104852168523
36.87983886196212,-115.69431435308306,1385,18,151,-20,5.73642582948546
36.92348019735611,-115.38969981120246,1491,36,312,-5,4.933452268831491
36.96638147728956,-115.08443416078464,1677,24,77,-1,5.422256431435354
37.00853752386381,-114.77852715928104,1298,28,16,3,5.2451216767435955
37.04994322867905,-114.47198871095864,1150,4,51,37,7.261413878822431
37.09059355446297,-114.16482886567452,1049,4,51,6,7.261413878822431
37.13048353668813,-113.85705781757164,1717,9,114,-6,6.451747248958747
37.16960828517741,-113.548685903695,1029,18,146,5,5.73642582948546
37.20796298569599,-113.23972360252864,1109,0,0,3,11.522875795823397
37.245542901529504,-112.93018153245308,2049,12,279,13,6.159167458950843
37.2823433750469,-112.62007045012346,1771,42,302,-16,4.719199989486241
37.31835982924705,-112.3094012487684,2016,17,286,4,5.7971052477000855
37.35358776928835,-111.99818495640964,1717,25,18,-65,5.376102417024408
37.38802278399999,-111.686432734003,1777,2,32,-11,7.941743691836643
37.4216605473741,-111.37415587350084,1796,10,292,-1,6.345071884011764
37.454496820037626,-111.06136579583632,1580,7,225,-12,6.70452216925573
37.486527450703065,-110.7480740488303,1124,0,0,0,11.522875795823397
37.51774837759693,-110.4342923050212,1654,5,270,-3,7.040188830991998
37.548155629865,-110.12003235941847,1988,17,289,-23,5.7971052477000855
37.57774532895357,-109.80530612718088,2176,15,203,-13,5.928550143214419
37.6065136899653,-109.49012564121962,1820,2,270,-2,7.941743691836643
37.63445702298907,-109.1745030497282,1791,8,283,2,6.570477324756705
37.6615717344028,-108.85845061363902,2018,2,270,-1,7.941743691836643
37.68785432814824,-108.5419807040088,2452,4,75,-4,7.261413878822431
37.7133014069767,-108.22510579933312,2845,20,193,1,5.623264340182601
37.73790967366521,-107.9078384827919,3256,15,270,16,5.928550143214419
37.76167593220158,-107.59019143942702,3854,4,198,-17,7.261413878822431
37.784597088938206,-107.27217745325314,3209,11,132,-4,6.248120224858334
37.80667015371304,-106.95380940430395,2686,6,12,3,6.858642093395692
37.827892240937565,-106.63510026561458,3461,17,24,-18,5.7971052477000855
37.84826057065035,-106.31606310014249,2623,7,208,-2,6.70452216925573
37.86777246953579,-105.99671105762803,2305,3,0,8,7.545104852168523
37.88642537190715,-105.67705737139715,2349,1,308,-1,8.607715418818213
37.90421682065298,-105.35711535510724,2557,2,0,-1,7.941743691836643
37.921144468146544,-105.03689839943864,3329,22,340,-23,5.519132026132706
37.93720607711702,-104.716419968734,1768,4,52,-6,7.261413878822431
37.952399521482434,-104.39569359758676,1574,5,14,-6,7.040188830991998
37.96672278714309,-104.07473288738188,1399,1,270,-3,8.607715418818213
37.98017397273528,-103.75355150278992,1314,2,180,-2,7.941743691836643
37.99275129034442,-103.4321631682181,1253,2,328,8,7.941743691836643
38.00445306617731,-103.11058166421908,1207,5,27,6,7.040188830991998
38.01527774119256,-102.78882082386124,1181,2,90,0,7.941743691836643
38.02522387168924,-102.46689452906196,1138,4,270,-2,7.261413878822431
38.03429012985286,-102.14481670688671,1036,1,90,12,8.607715418818213
38.042475304258296,-101.82260132581663,1032,5,121,3,7.040188830991998
38.049778300329486,-101.50026239198657,1029,2,0,1,7.941743691836643
38.05619814075527,-101.17781394539684,930,1,180,2,8.607715418818213
38.06173396586127,-100.8552700561011,869,2,212,4,7.941743691836643
38.0663850339371,-100.53264482037268,819,1,308,2,8.607715418818213
38.070150721519305,-100.20995235685248,803,0,0,0,11.522875795823397
38.07303052362924,-99.88720680268094,702,6,0,4,6.858642093395692
38.07502405396562,-99.56442230961687,710,2,180,-7,7.941743691836643
38.07613104505246,-99.24161304014594,641,1,52,-8,8.607715418818213
38.076351348340985,-98.91879316358131,610,2,180,-1,7.941743691836643
38.07568493426651,-98.59597685215978,558,3,291,14,7.545104852168523
38.07413189225983,-98.27317827713534,522,1,180,4,8.607715418818213
38.071692430712886,-97.95041160487398,477,1,128,2,8.607715418818213
38.06836687689925,-97.62769099295156,450,1,90,1,8.607715418818213
38.064155676848976,-97.30503058625813,457,5,281,-1,7.040188830991998
38.0590593951783,-96.98244451311122,429,3,180,-2,7.545104852168523
38.0530787148742,-96.659946881381,446,3,111,2,7.545104852168523
38.04621443703376,-96.33755177462982,427,2,180,0,7.941743691836643
38.038467480559135,-96.0152732482692,324,4,140,5,7.261413878822431
38.02983888180759,-95.69312532573656,330,4,320,0,7.261413878822431
38.02032979419762,-95.3711219946948,329,1,232,-3,8.607715418818213
38.00994148777093,-95.0492772032569,294,20,322,2,5.623264340182601
37.99867534871097,-94.72760485623864,254,4,320,-2,7.261413878822431
37.98653287881827,-94.40611881144152,244,1,180,-10,8.607715418818213
37.97351569494298,-94.084832875969,253,4,52,4,7.261413878822431
37.95962552837511,-93.76376080257782,256,7,140,-4,6.70452216925573
37.944864224193005,-93.4429162860675,313,2,212,7,7.941743691836643
37.92923374057041,-93.12231295971011,298,5,239,-8,7.040188830991998
37.91273614804292,-92.8019643917226,344,5,316,-5,7.040188830991998
37.89537362873416,-92.4818840817841,270,5,27,-1,7.040188830991998
37.87714847554239,-92.1620854576005,229,8,118,-2,6.570477324756705
37.8580630912883,-91.84258187151816,313,3,68,3,7.545104852168523
37.83811998782444,-91.5233865971892,308,11,239,1,6.248120224858334
37.81732178510703,-91.20451282629026,290,14,326,9,6.000299329861114
37.795671210231234,-90.8859736652966,331,4,320,3,7.261413878822431
37.7731710964298,-90.56778213231377,413,4,62,-11,7.261413878822431
37.74982438203688,-90.24995115396813,276,4,148,-1,7.261413878822431
37.72563410941703,-89.93249356235872,140,3,308,6,7.545104852168523
37.70060342386044,-89.61542209207137,181,9,114,-16,6.451747248958747
37.67473557244547,-89.29874937725738,169,2,328,-11,7.941743691836643
37.648033902868896,-88.98248794877776,155,6,52,12,6.858642093395692
37.62050186224518,-88.6666502314147,119,4,118,2,7.261413878822431
37.59214299587525,-88.35124854115183,167,11,255,8,6.248120224858334
37.56296094598607,-88.03629508252406,121,5,180,2,7.040188830991998
37.53295945044167,-87.72180194603881,129,4,308,11,7.261413878822431
37.50214234142649,-87.40778110566929,115,7,340,4,6.70452216925573
37.470513544102495,-87.09424441642108,156,18,349,-4,5.73642582948546
37.43807707524021,-86.78120361197307,167,9,66,-12,6.451747248958747
37.40483704182551,-86.46867030239326,167,1,308,3,8.607715418818213
37.37079763964238,-86.1566559719308,230,7,170,-17,6.70452216925573
37.33596315183323,-85.84517197688434,200,5,166,5,7.040188830991998
37.30033794743734,-85.53422954354794,191,8,197,14,6.570477324756705
37.2639264799087,-85.2238397662345,293,3,112,7,7.545104852168523
37.22673328561408,-84.91401360537778,248,6,168,-5,6.858642093395692
37.18876298231245,-84.60476188571272,329,5,43,-7,7.040188830991998
37.15002026761665,-84.2960952945351,289,17,105,-7,5.7971052477000855
37.11050991743855,-83.98802438004017,411,0,0,-12,11.522875795823397
37.070236784418285,-83.68055954974072,414,22,305,-36,5.519132026132706
37.02920579633907,-83.37371106896447,529,27,166,11,5.287654659051184
36.98742195452828,-83.06748905943104,536,32,189,-3,5.083968235816121
36.94489033224596,-82.76190349790807,763,18,87,-11,5.73642582948546
36.901616073061525,-82.45696421494667,766,6,90,-8,6.858642093395692
36.857604389220135,-82.15268089369575,786,6,81,-12,6.858642093395692
36.81286055999908,-81.84906306879495,655,16,219,23,5.860997933550507
36.76738993005583,-81.54612012534606,788,5,239,20,7.040188830991998
36.721197907768186,-81.243861297962,851,8,134,10,6.570477324756705
36.67428996356786,-80.94229566989344,773,6,296,-14,6.858642093395692
36.62667162826826,-80.64143217223209,441,18,76,-22,5.73642582948546
36.578348491387466,-80.34127958319013,408,4,180,-9,7.261413878822431
36.529326199467405,-80.04184652745522,298,14,355,9,6.000299329861114
36.47961045439008,-79.74314147562023,185,6,143,-7,6.858642093395692
36.4292070116918,-79.4451727436869,178,3,270,7,7.545104852168523
36.378121678876255,-79.14794849264261,188,6,72,-3,6.858642093395692
36.32636031372752,-78.85147672810949,194,3,129,-2,7.545104852168523
36.27392882262353,-78.55576530006448,134,6,231,10,6.858642093395692
36.22083315885124,-78.26082190263006,101,3,338,-5,7.545104852168523
36.16707932092403,-77.96665407393385,84,4,148,5,7.261413878822431
36.11267335090252,-77.67326919603661,37,2,0,0,7.941743691836643
36.057621332719016,-77.38067449492706,30,4,17,-3,7.261413878822431
36.00192939050719,-77.08887704058262,21,5,270,10,7.040188830991998
35.94560368693703,-76.79788374709496,12,2,292,0,7.941743691836643
35.88865042155633,-76.50770137285873,4,1,0,7,8.607715418818213
35.83107582913909,-76.21833652082263,10,3,309,-4,7.545104852168523
35.772886178041965,-75.92979563880137,10,6,51,-1,6.858642093395692
36.15336733413866,-121.4168289649945,1489,22,12,-8,5.519132026132706
36.21049548857765,-121.12551300190292,101,1,180,-3,8.607715418818213
36.26698819396524,-120.8333802582264,544,18,259,15,5.73642582948546
36.32283919464288,-120.5404376042416,1237,13,175,-3,6.076901183003046
36.37804227280065,-120.24669206895628,88,1,51,0,8.607715418818213
36.43259125016571,-119.95215084029329,61,2,112,2,7.941743691836643
36.486479989696925,-119.656821265209,83,2,328,6,7.941743691836643
36.53970239728512,-119.360710849745,110,1,180,-2,8.607715418818213
36.59225242345803,-119.06382725901167,954,20,167,-16,5.623264340182601
36.6441240650891,-118.76617831710269,2610,4,197,6,7.261413878822431
36.69531136710955,-118.46777200693896,3646,15,118,15,5.928550143214419
36.7458084242223,-118.16861647004136,1196,5,68,0,7.040188830991998
36.79560938261771,-117.86872000623065,425,2,180,-5,7.941743691836643
36.84470844168943,-117.56809107325375,1863,23,337,18,5.469880104866039
36.89309985574997,-117.26673828633604,458,7,262,6,6.70452216925573
36.940777935744784,-116.96467041765732,1609,9,259,-10,6.451747248958747
36.98773705096434,-116.6618963957522,1260,3,231,-1,7.545104852168523
37.03397163075263,-116.35842530483298,1677,3,180,-13,7.545104852168523
37.07947616621176,-116.05426638403458,1255,1,90,-4,8.607715418818213
37.12424521190127,-115.74942902658113,1451,4,298,1,7.261413878822431
37.16827338753131,-115.44392277887307,1181,2,148,6,7.941743691836643
37.21155537964885,-115.13775733949475,1153,17,148,-4,5.7971052477000855
37.2540859433156,-114.83094255814146,1699,21,12,-2,5.5701918233974546
37.29585990377685,-114.52348843446582,1490,23,74,11,5.469880104866039
37.33687215812031,-114.21540511684324,1654,12,132,-1,6.159167458950843
37.37711767692365,-113.90670290105582,1504,27,283,1,5.287654659051184
37.41659150588998,-113.59739222889488,1650,13,321,1,6.076901183003046
37.455288767469945,-113.28748368668148,1586,6,12,-9,6.858642093395692
37.4932046624698,-112.97698800370536,2649,10,244,-16,6.345071884011764
37.53033447164412,-112.6659160505821,2603,14,150,2,6.000299329861114
37.56667355727206,-112.3542788375286,2776,22,351,12,5.519132026132706
37.60221736471651,-112.04208751255688,1891,4,255,2,7.261413878822431
37.63696142396464,-111.729353359587,2283,4,212,2,7.261413878822431
37.67090135114919,-111.41608779647868,1633,11,260,2,6.248120224858334
37.70403285004916,-111.1023023729828,1711,17,119,-17,5.7971052477000855
37.73635171356907,-110.7880087686126,1444,3,180,10,7.545104852168523
37.76785382519578,-110.47321879043596,1210,15,347,7,5.928550143214419
37.798535160431605,-110.15794437078844,1812,5,224,5,7.040188830991998
37.82839178820309,-109.84219756490886,2322,27,173,-13,5.287654659051184
37.85741987224418,-109.52599054849765,2627,27,85,2,5.287654659051184
37.88561567245274,-109.20933561519894,2103,2,180,-3,7.941743691836643
37.91297554621971,-108.8922451740078,2349,6,217,0,6.858642093395692
37.93949594972984,-108.57473174660328,1972,5,0,1,7.040188830991998
37.96517343923276,-108.25680796460884,2576,7,238,0,6.70452216925573
37.990004672283966,-107.93848656678108,3463,33,232,5,5.045514080099346
38.0139864089543,-107.6197803961284,3663,24,175,8,5.422256431435354
38.03711551300737,-107.30070239696114,2807,26,314,-24,5.331277149398757
38.05938895304383,-106.9812656118743,3460,20,236,21,5.623264340182601
38.0808038036118,-106.6614831786648,3148,6,23,2,6.858642093395692
38.10135724628232,-106.34136832718502,2616,18,278,8,5.73642582948546
38.12104657068945,-106.020934376134,2386,4,148,-4,7.261413878822431
38.13986917553365,-105.70019472978878,3372,7,160,18,6.70452216925573
38.15782256954833,-105.37916287467696,2522,6,323,7,6.858642093395692
38.17490437242805,-105.05785237619348,2202,22,64,-7,5.519132026132706
38.19111231571839,-104.73627687516272,1539,3,291,1,7.545104852168523
38.20644424366629,-104.41445008434876,1419,4,0,1,7.261413878822431
38.22089811403029,-104.09238578491568,1424,3,23,-5,7.545104852168523
38.23447199885032,-103.77009782284016,1325,2,270,-1,7.941743691836643
38.24716408517588,-103.44760010527897,1296,5,270,10,7.040188830991998
38.25897267575264,-103.12490659689333,1323,2,128,4,7.941743691836643
38.2698961896664,-102.80203131613304,1202,2,0,-1,7.941743691836643
38.27993316294424,-102.47898833148255,1146,8,249,8,6.570477324756705
38.28908224911209,-102.15579175767154,1181,1,270,-6,8.607715418818213
38.29734221970863,-101.8324557518528,1117,5,136,-4,7.040188830991998
38.30471196475468,-101.50899450974998,1043,2,90,-1,7.941743691836643
38.3111904931781,-101.18542226177776,956,6,270,9,6.858642093395692
38.31677693319349,-100.86175326913728,901,3,308,-3,7.545104852168523
38.32147053263665,-100.53800181988947,877,3,180,2,7.545104852168523
38.32527065925348,-100.21418222500938,794,3,232,4,7.545104852168523
38.32817680094293,-99.89030881442368,709,1,180,-3,8.607715418818213
38.33018856595397,-99.56639593303498,679,4,327,0,7.261413878822431
38.33130568303633,-99.24245793673506,665,4,140,-3,7.261413878822431
38.33152800154492,-98.91850918841033,590,1,90,-3,8.607715418818213
38.33085549149783,-98.5945640539422,550,3,52,-4,7.545104852168523
38.329288243587946,-98.2706368982055,509,2,33,4,7.941743691836643
38.3268264691479,-97.94674208106724,472,2,90,-1,7.941743691836643
38.32347050006884,-97.62289395338932,460,3,180,-10,7.545104852168523
38.31922078867255,-97.29910685303754,441,2,327,-2,7.941743691836643
38.3140779075376,-96.97539510090006,424,1,270,-2,8.607715418818213
38.30804254927897,-96.65177299691794,442,10,281,-5,6.345071884011764
38.30111552628225,-96.32825481613084,419,5,281,1,7.040188830991998
38.293297770391575,-96.00485480474045,341,4,90,3,7.261413878822431
38.28459033255248,-95.68158717619464,346,0,0,2,11.522875795823397
38.274994382409325,-95.35846610729514,303,1,270,-6,8.607715418818213
38.26451120785804,-95.035505734331,310,3,291,8,7.545104852168523
38.25314221455428,-94.71272014924132,243,4,75,1,7.261413878822431
38.24088892537749,-94.39012339580918,239,1,0,2,8.607715418818213
38.22775297985135,-94.06772946588984,280,5,111,-8,7.040188830991998
38.213736133521,-93.7455522956756,251,2,270,-2,7.941743691836643
38.19884025728764,-93.42360576199982,215,0,0,0,11.522875795823397
38.1830673367008,-93.10190367868276,267,3,203,-12,7.545104852168523
38.16641947120931,-92.78045979292132,250,10,159,2,6.345071884011764
38.14889887337101,-92.45928778172558,272,2,212,-3,7.941743691836643
38.130507868022185,-92.13840124840374,270,5,44,-2,7.040188830991998
38.11124889140736,-91.81781371909833,265,5,301,-13,7.040188830991998
38.09112449027005,-91.49753863937548,296,9,294,5,6.451747248958747
38.07013732090508,-91.17758937086953,193,7,40,7,6.70452216925573
38.04829014817346,-90.85797918798494,251,7,180,1,6.70452216925573
38.02558584448048,-90.53872127465748,277,1,52,-5,8.607715418818213
38.002027388717686,-90.21982872117658,116,3,68,19,7.545104852168523
37.97761786516968,-89.90131452107067,172,2,180,9,7.941743691836643
37.95236046238666,-89.58319156805729,144,5,180,-2,7.040188830991998
37.92625847202324,-89.2654726530594,143,11,105,-7,6.248120224858334
37.89931528764488,-88.94817046128988,123,3,0,2,7.545104852168523
37.87153440350242,-88.63129756940516,137,3,52,5,7.545104852168523
37.842919413275816,-88.31486644273006,115,1,270,-1,8.607715418818213
37.81347400878801,-87.9988894325544,114,2,270,0,7.941743691836643
37.783201978689895,-87.68337877350335,129,3,128,-1,7.545104852168523
37.75210720711712,-87.36834658098208,158,3,52,2,7.545104852168523
37.72019367232009,-87.0538048486962,124,1,308,-6,8.607715418818213
37.687465445267854,-86.73976544624884,175,5,239,7,7.040188830991998
37.65392668822689,-86.42624011681501,200,7,98,1,6.70452216925573
37.61958165331592,-86.11324047489455,208,4,75,10,7.261413878822431
37.58443468103779,-85.80077800414394,222,3,248,4,7.545104852168523
37.54849019878914,-85.48886405528779,161,5,301,5,7.040188830991998
37.51175271934934,-85.17750984411072,232,11,294,-7,6.248120224858334
37.47422683934931,-84.86672644952979,342,4,105,12,7.261413878822431
37.43591723772155,-84.55652481174799,306,5,59,-10,7.040188830991998
37.39682867413222,-84.2469157304892,390,19,3,-4,5.67858487499791
37.35696598739644,-83.93790986331474,362,1,308,25,8.607715418818213
37.31633409387773,-83.62951772402164,293,19,193,27,5.67858487499791
37.274937985872846,-83.32174968112255,372,17,129,-37,5.7971052477000855
37.23278272998271,-83.01461595640774,330,12,203,-18,6.159167458950843
37.18987346547071,-82.70812662358838,451,28,23,-10,5.2451216767435955
37.1462154026095,-82.40229160702165,508,28,7,-1,5.2451216767435955
37.10181382101686,-82.0971206805168,653,6,0,-6,6.858642093395692
37.05667406798227,-81.79262346622231,756,7,170,1,6.70452216925573
37.01080155678453,-81.4888094335935,1066,9,148,-6,6.451747248958747
36.96420176500212,-81.18568789844012,697,4,320,-2,7.261413878822431
36.91688023281669,-80.88326802205356,663,10,56,-12,6.345071884011764
36.86884256131097,-80.58155881041286,758,7,140,8,6.70452216925573
36.82009441076213,-80.28056911346911,490,6,81,5,6.858642093395692
36.77064149893135,-79.98030762450729,310,4,105,-17,7.261413878822431
36.720489599350586,-79.6807828795848,286,7,140,-5,6.70452216925573
36.669644539607695,-79.382003257046,211,8,325,11,6.570477324756705
36.61811219963053,-79.08397697711176,118,2,212,-4,7.941743691836643
36.56589850997104,-78.78671210154302,153,2,0,3,7.941743691836643
36.51300945009041,-78.49021653337735,108,3,180,-3,7.545104852168523
36.45945104664592,-78.19449801673775,109,2,212,11,7.941743691836643
36.40522937178038,-77.89956413671217,108,1,0,0,8.607715418818213
36.35035054141518,-77.60542231930293,42,3,180,-5,7.545104852168523
36.29482071354767,-77.31207983144468,26,3,270,-19,7.545104852168523
36.23864608655355,-77.01954378108992,27,2,180,4,7.941743691836643
36.12438742043725,-76.43691863076413,10,6,108,1,6.858642093395692
36.330968787400685,-121.77928861611022,438,29,334,-20,5.203575778621866
36.389223291784695,-121.48807409069326,1252,17,204,8,5.7971052477000855
36.446843943125614,-121.19602664195308,969,26,238,-12,5.331277149398757
36.50382437413105,-120.90315301204645,890,26,268,-5,5.331277149398757
36.56015825377957,-120.6094601045787,344,20,225,6,5.623264340182601
36.61583928902844,-120.31495498488194,51,1,270,7,8.607715418818213
36.67086122652897,-120.01964488022678,67,0,0,5,11.522875795823397
36.72521785434854,-119.72353717996786,99,1,180,-3,8.607715418818213
36.77890300369843,-119.42663943562049,142,1,51,9,8.607715418818213
36.831910550666834,-119.12895936086764,1231,28,299,-32,5.2451216767435955
36.884234417955945,-118.8305048314965,2027,34,104,-6,5.007651158298087
36.935868576622575,-118.53128388526244,3476,37,142,-45,4.897002021379538
36.98680704782124,-118.23130472167986,1178,2,68,-1,7.941743691836643
37.03704390454877,-117.93057570173892,2080,23,315,13,5.469880104866039
37.086573273389725,-117.62910534754648,1522,16,260,-51,5.860997933550507
37.13538933626174,-117.3269023418906,1676,6,116,1,6.858642093395692
37.18348633215941,-117.02397552772784,1202,2,328,3,7.941743691836643
37.23085855889626,-116.72033390759188,1732,9,138,0,6.451747248958747
37.27750037484389,-116.41598664292324,2011,3,203,0,7.545104852168523
37.32340620066658,-116.11094305331864,2025,6,180,1,6.858642093395692
37.36857052105139,-115.80521261569994,1850,7,152,-27,6.70452216925573
37.41298788643188,-115.49880496340138,1327,1,270,1,8.607715418818213
37.456652914705074,-115.19172988517506,1109,3,248,-2,7.545104852168523
37.4995602929401,-114.88399732411362,1454,4,255,5,7.261413878822431
37.54170477907799,-114.57561737649,1270,1,270,1,8.607715418818213
37.58308120362123,-114.26660029051386,1824,12,152,-2,6.159167458950843
37.62368447131215,-113.95695646500413,1872,13,0,-4,6.076901183003046
37.663509562799184,-113.64669644797762,1591,5,180,-9,7.040188830991998
37.7025515362898,-113.33583093515358,1744,2,90,1,7.941743691836643
37.74080552918904,-113.02437076837388,1788,9,331,1,6.451747248958747
37.77826675972281,-112.71232693393914,3002,18,145,7,5.73642582948546
37.81493052854459,-112.39971056086056,2011,2,148,8,7.941743691836643
37.85079222032469,-112.08653291902786,2339,7,285,-2,6.70452216925573
37.88584730532084,-111.77280541729353,2435,19,170,1,5.67858487499791
37.92009134092927,-111.4585396014734,2107,12,95,19,6.159167458950843
37.953519973214895,-111.14374715226478,1953,1,0,-2,8.607715418818213
37.98612893841989,-110.8284398830815,2243,19,208,0,5.67858487499791
38.01791406444939,-110.5126297378076,1361,17,192,69,5.7971052477000855
38.04887127233334,-110.19632878846949,1903,74,142,546,3.3665921367348663
38.0789965776633,-109.8795492328279,1702,2,270,-8,7.941743691836643
38.10828609200361,-109.56230339189035,1876,19,225,-1,5.67858487499791
38.13673602427536,-109.2446037073448,1907,7,83,6,6.70452216925573
38.16434268211256,-108.92646273891596,1692,21,144,1,5.5701918233974546
38.19110247318925,-108.6078931616452,1730,5,316,10,7.040188830991998
38.217011906516696,-108.28890776309514,2016,8,303,11,6.570477324756705
38.24206759370988,-107.9695194404806,2786,4,342,16,7.261413878822431
38.26626625022191,-107.64974119772695,2843,16,234,-21,5.860997933550507
38.289604696545744,-107.32958614245752,2999,9,294,-4,6.451747248958747
38.31207985938231,-107.0090674829116,3066,4,0,2,7.261413878822431
38.33368877277395,-106.68819852479484,2878,12,6,12,6.159167458950843
38.354428579202434,-106.3669926680634,2996,22,35,12,5.519132026132706
38.37429653065081,-106.04546340364423,2621,4,90,0,7.261413878822431
38.39328998962792,-105.723624310093,2295,19,259,-3,5.67858487499791
38.4114064301552,-105.4014890501914,2224,25,336,14,5.376102417024408
38.428643438714616,-105.07907136748696,1654,3,111,2,7.545104852168523
38.4449987151573,-104.75638508277598,1742,12,266,2,6.159167458950843
38.46047007357197,-104.43344409053329,1505,3,69,3,7.545104852168523
38.47505544311242,-104.11026235528976,1582,1,0,-4,8.607715418818213
38.488752868783685,-103.78685390796126,1419,1,180,8,8.607715418818213
38.50156051218582,-103.46323284213004,1387,1,90,3,8.607715418818213
38.51347665221514,-103.13941331028228,1397,3,232,1,7.545104852168523
38.524499685722034,-102.81540952000354,1306,0,0,-4,11.522875795823397
38.53462812812503,-102.49123573013507,1206,3,69,5,7.545104852168523
38.54386061398031,-102.16690624689328,1222,4,320,1,7.261413878822431
38.55219589750675,-101.84243541995556,1137,0,0,4,11.522875795823397
38.55963285306533,-101.51783763851452,1051,3,23,-4,7.545104852168523
38.566170475593296,-101.19312732730418,976,2,128,4,7.941743691836643
38.57180788099204,-100.86831894260024,912,2,308,-2,7.941743691836643
38.57654430646881,-100.5434269681976,866,2,232,-7,7.941743691836643
38.5803791108318,-100.21846591136811,788,2,232,-5,7.941743691836643
38.58331177473843,-99.89345029880118,759,0,0,5,11.522875795823397
38.58534190089657,-99.56839467253025,659,2,213,5,7.941743691836643
38.58646921421854,-99.2433135858482,641,3,157,-5,7.545104852168523
38.58669356192781,-98.91822159921485,594,3,203,6,7.545104852168523
38.58601491361825,-98.5931332761585,565,5,44,-9,7.040188830991998
38.584433361265965,-98.26806317917618,552,1,0,-1,8.607715418818213
38.58194911919357,-97.94302586563389,445,2,128,-2,7.941743691836643
38.57856252398707,-97.61803588367096,406,2,128,-3,7.941743691836643
38.57427403436533,-97.29310776811108,458,5,259,-6,7.040188830991998
38.56908423100237,-96.9682560363828,461,3,128,-2,7.545104852168523
38.56299381630235,-96.643495184453,456,1,270,-3,8.607715418818213
38.55600361412776,-96.31883968277552,369,2,147,2,7.941743691836643
38.54811456948086,-95.99430397225863,348,2,90,0,7.941743691836643
38.53932774813863,-95.66990246025355,328,5,232,-1,7.040188830991998
38.52964433624168,-95.34564951656758,322,1,270,-2,8.607715418818213
38.51906563983716,-95.02155946950371,263,1,270,-1,8.607715418818213
38.50759308437641,-94.6976466019308,294,2,308,4,7.941743691836643
38.49522821416742,-94.3739251473858,245,2,33,0,7.941743691836643
38.48197269178301,-94.05040928621128,241,2,213,9,7.941743691836643
38.4678282974244,-93.72711314173152,260,0,0,0,11.522875795823396
38.45279692824182,-93.40405077646824,285,2,128,-4,7.941743691836643
38.43688059761152,-93.08123618840052,327,3,308,-3,7.545104852168523
38.42008143437073,-92.75868330726928,304,4,342,0,7.261413878822431
38.40240168201056,-92.43640599093072,261,3,23,-3,7.545104852168523
38.3838436978279,-92.11441802175962,239,10,296,-1,6.345071884011764
38.36440995203661,-91.79273310310572,219,2,128,-12,7.941743691836643
38.34410302683905,-91.4713648558049,263,7,308,15,6.70452216925573
38.322925615458544,-91.15032681474764,191,4,232,2,7.261413878822431
38.3008805211334,-90.82963242550667,191,7,20,1,6.70452216925573
38.27797065607356,-90.509295041026,168,3,337,-7,7.545104852168523
38.25419904038052,-90.18932791837302,221,1,90,6,8.607715418818213
38.22956880093125,-89.86974421555584,125,0,0,0,11.522875795823397
38.20408317022732,-89.55055698840742,160,0,0,-7,11.522875795823397
38.17774548520974,-89.2317791875384,158,7,320,-10,6.70452216925573
38.15055918604055,-88.91342365535986,127,4,62,-1,7.261413878822431
38.12252781485227,-88.59550312317816,137,7,45,5,6.70452216925573
38.09365501446583,-88.27803020836265,117,1,308,1,8.607715418818213
38.06394452707824,-87.96101741158809,150,8,123,7,6.570477324756705
38.03340019292064,-87.64447711415272,153,1,0,-16,8.607715418818213
38.00202594888799,-87.32842157537353,122,4,52,3,7.261413878822431
37.96982582714151,-87.01286293005931,127,1,308,21,8.607715418818213
37.93680395368425,-86.69781318606302,155,15,207,-11,5.928550143214419
37.90296454691173,-86.38328422191397,169,7,0,0,6.70452216925573
37.86831191613777,-86.06928778453097,228,2,90,-4,7.941743691836643
37.832850460097326,-85.7558354870168,137,1,52,2,8.607715418818213
37.79658466542682,-85.44293880653503,197,16,39,-25,5.860997933550507
37.75951910512338,-85.13060908226956,230,5,317,-4,7.040188830991998
37.72165843698373,-84.81885751346724,292,2,180,-4,7.941743691836643
37.68300740202411,-84.50769515756421,287,13,241,-15,6.076901183003046
37.64357082288215,-84.19713292839599,300,1,232,-5,8.607715418818213
37.6033536022016,-83.8871815944917,376,9,318,8,6.451747248958747
37.56236072100129,-83.57785177745251,292,11,260,-20,6.248120224858334
37.52059723702922,-83.26915395041429,314,17,232,19,5.7971052477000855
37.47806828310276,-82.96109843659438,452,21,117,14,5.5701918233974546
37.43477906543617,-82.65369540792251,355,21,40,-41,5.5701918233974546
37.39073486195651,-82.3469548837557,459,24,310,-19,5.422256431435354
37.34594102060872,-82.04088672967639,563,31,114,-21,5.123080734108857
37.30040295765129,-81.7355006563742,631,14,79,0,6.000299329861114
37.25412615594333,-81.43080621861027,803,7,220,-24,6.70452216925573
37.20711616322398,-81.1268128142639,731,10,124,-3,6.345071884011764
37.15937859038547,-80.82352968346098,834,11,174,-3,6.248120224858334
37.11091910974064,-80.52096590778352,647,8,172,-15,6.570477324756705
37.06174345328569,-80.21913040955951,752,26,307,17,5.331277149398757
37.01185741095988,-79.91803195123245,399,4,231,-9,7.261413878822431
36.96126682890215,-79.61767913480969,270,4,105,-2,7.261413878822431
36.90997760770651,-79.31808040138851,211,7,200,-2,6.70452216925573
36.85799570067656,-79.01924403075955,163,5,259,-10,7.040188830991998
36.805327112080334,-78.72117814108572,129,2,148,4,7.941743691836643
36.75197789540636,-78.42389068865637,133,1,309,16,8.607715418818213
36.69795415162166,-78.12738946771526,111,2,292,-3,7.941743691836643
36.64326202743287,-77.83168211036106,103,6,129,-6,6.858642093395692
36.58790771355108,-77.53677608651937,50,1,180,-9,8.607715418818213
36.53189744296128,-77.24267870398526,31,2,90,-6,7.941743691836643
36.475237489197376,-76.94939710853443,11,5,194,-6,7.040188830991998
36.41793416462345,-76.65693828410225,15,6,296,3,6.858642093395692
36.35999381872212,-76.36530905302925,9,2,148,-5,7.941743691836643
36.30142283639072,-76.07451607637135,3,1,51,-4,8.607715418818213
36.24222763624604,-75.7845658542739,0,5,194,6,7.040188830991998
36.56619381149199,-121.85209532767176,213,16,25,7,5.860997933550507
36.62494820394745,-121.56015216656805,27,2,148,1,7.941743691836643
36.68306404098624,-121.2673664900796,228,4,40,-3,7.261413878822431
36.74053487893634,-120.97374507038376,805,16,141,6,5.860997933550507
36.79735431049213,-120.67929484413658,88,4,148,1,7.261413878822431
36.85351596644916,-120.3840229127818,46,0,0,0,11.522875795823397
36.90901351744693,-120.08793654279276,76,1,0,-4,8.607715418818213
36.96384067571876,-119.7910431658452,129,2,0,-8,7.941743691836643
37.01799119684764,-119.49335037892074,535,21,263,2,5.5701918233974546
37.071458881527874,-119.19486594433867,2014,16,159,-2,5.860997933550507
37.12423757733089,-118.89559778971524,2518,10,244,8,6.345071884011764
37.17632118047516,-118.59555400784907,3413,24,19,7,5.422256431435354
37.22770363759857,-118.29474285653158,1205,1,90,-6,8.607715418818213
37.27837894753296,-117.99317275828112,2142,10,112,12,6.345071884011764
37.32834116307945,-117.69085229999952,1879,10,215,-8,6.345071884011764
37.37758439278393,-117.38779023255049,1552,5,14,-8,7.040188830991998
37.42610280271164,-117.0839954702582,1470,13,286,-11,6.076901183003046
37.47389061821976,-116.77947709032588,1757,2,32,3,7.941743691836643
37.52094212572726,-116.47424433217256,1556,3,232,0,7.545104852168523
37.567251674480815,-116.16830659668786,1704,2,270,-2,7.941743691836643
37.612813678315845,-115.86167344540384,1516,4,270,8,7.261413878822431
37.65762261741166,-115.5543545995832,1978,15,351,10,5.928550143214419
37.70167304003972,-115.24635993922284,1520,12,150,3,6.159167458950843
37.74495956430382,-114.937699501973,1834,6,270,-14,6.858642093395692
37.78747687987129,-114.6283834819706,1651,3,23,3,7.545104852168523
37.82921974969416,-114.31842222858675,1675,6,217,5,6.858642093395692
37.870183011718986,-114.00782624508862,1998,13,135,1,6.076901183003046
37.91036158058462,-113.69660618721404,1593,1,128,-3,8.607715418818213
37.94975044930654,-113.38477286166012,1567,1,128,-6,8.607715418818213
37.98834469094678,-113.0723372244849,1883,14,293,-2,6.000299329861114
38.02613946026836,-112.75931037942208,1801,3,180,-2,7.545104852168523
38.06312999537315,-112.4457035761094,2294,4,75,15,7.261413878822431
38.099311619321966,-112.13152820823008,2818,11,114,15,6.248120224858334
38.13467974173599,-111.81679581156828,2758,7,232,0,6.70452216925573
38.16922986037821,-111.50151806197836,3427,6,52,2,6.858642093395692
38.20295756271393,-111.1857067732687,1875,11,66,25,6.248120224858334
38.23585852744933,-110.86937389500036,1528,2,32,6,7.941743691836643
38.26792852604667,-110.55253151020136,1399,12,242,-46,6.159167458950843
38.29916342421559,-110.23519183299724,1752,3,128,0,7.545104852168523
38.32955918337884,-109.91736720615847,1475,4,320,-9,7.261413878822431
38.35911186211196,-109.599070098566,1820,2,0,-11,7.941743691836643
38.38781761755535,-109.2803131025955,3048,5,259,-8,7.040188830991998
38.41567270679812,-108.96110893142172,2177,26,220,0,5.331277149398757
38.44267348823243,-108.64147041624378,2054,7,220,-7,6.70452216925573
38.4688164228774,-108.32141050343296,2511,6,308,15,6.858642093395692
38.49409807567156,-108.00094225160416,1786,24,270,19,5.422256431435354
38.51851511673304,-107.68007882861252,2633,8,264,-17,6.570477324756705
38.54206432258615,-107.35883350847656,3021,12,279,-6,6.159167458950843
38.564742577353975,-107.03721966822997,2667,15,153,3,5.928550143214419
38.5865468739154,-106.715250784703,3005,16,227,-11,5.860997933550507
38.6074743150264,-106.39294043123591,3523,16,100,4,5.860997933550507
38.627522114404,-106.07030227432594,2257,2,33,11,7.941743691836643
38.646687597772576,-105.74735007021002,2812,7,285,-9,6.70452216925573
38.66496820387153,-105.42409766138503,2591,6,180,13,6.858642093395692
38.68236148542337,-105.10055897306805,2931,7,232,-2,6.70452216925573
38.69886511006165,-104.77674800959836,1759,0,0,1,11.522875795823397
38.71447686121787,-104.45267885078395,1752,3,249,4,7.545104852168523
38.72919463896693,-104.12836564819452,1790,4,105,5,7.261413878822431
38.74301646082969,-103.80382262140355,1614,4,180,5,7.261413878822431
38.75594046253321,-103.47906405418198,1534,3,291,-5,7.545104852168523
38.76796489872674,-103.1541042906458,1457,3,0,4,7.545104852168523
38.77908814365381,-102.82895773136062,1321,2,327,0,7.941743691836643
38.78930869177957,-102.50363882940523,1377,2,327,4,7.941743691836643
38.7986251583727,-102.17816208639768,1221,8,52,3,6.570477324756705
38.80703628004164,-101.85254204848586,1146,2,180,2,7.941743691836643
38.81454091522457,-101.5267933023059,1076,1,270,-1,8.607715418818213
38.821138044632846,-101.20093047091127,954,0,0,-8,11.522875795823397
38.82682677164741,-100.87496820967516,849,2,270,2,7.941743691836643
38.83160632266789,-100.5489212021692,801,4,180,1,7.261413878822431
38.83547604741419,-100.222804156022,753,6,279,3,6.858642093395692
38.83843541918006,-99.89663179875951,711,3,249,0,7.545104852168523
38.84048403503874,-99.57041887363114,662,2,128,8,7.941743691836643
38.84162161600038,-99.24418013542429,604,3,337,9,7.545104852168523
38.84184800712105,-98.91793034627035,576,2,90,2,7.941743691836643
38.8411631775632,-98.59168427144554,526,1,180,9,8.607715418818213
38.83956722060783,-98.26545667516888,543,2,232,0,7.941743691836643
38.83706035361799,-97.9392623164016,465,4,75,3,7.261413878822431
38.83364291795382,-97.61311594465006,379,2,327,1,7.941743691836643
38.829315378839205,-97.28703229577556,365,5,111,18,7.040188830991998
38.82407832518006,-96.96102608781445,395,3,0,0,7.545104852168523
38.81793246933464,-96.63511201681088,433,4,270,12,7.261413878822431
38.81087864683568,-96.30930475266616,453,1,0,5,8.607715418818213
38.80291781606483,-95.98361893500687,356,2,147,1,7.941743691836643
38.79405105787985,-95.65806916907526,347,1,90,-2,8.607715418818213
38.7842795751944,-95.33267002164452,333,2,128,3,7.941743691836643
38.77360469251124,-95.00743601696249,305,3,203,0,7.545104852168523
38.76202785540878,-94.68238163272572,321,2,33,7,7.941743691836643
38.7495506299819,-94.35752129608764,294,0,0,-2,11.522875795823397
38.73617470223709,-94.03286937970311,261,4,75,-3,7.261413878822431
38.72190187744262,-93.7084401978124,236,1,0,2,8.607715418818213
38.70673407943416,-93.38424800236687,265,1,180,0,8.607715418818213
38.69067334987653,-93.06030697919958,266,2,128,-2,7.941743691836643
38.67372184748209,-92.7366312442429,275,1,90,-6,8.607715418818213
38.655881847186464,-92.41323483979602,239,5,224,3,7.040188830991998
38.63715573928221,-92.09013173084442,229,5,346,-7,7.040188830991998
38.617546028511136,-91.76733580143414,269,4,220,2,7.261413878822431
38.59705533311608,-91.44486085110276,228,6,180,-9,6.858642093395692
38.575686383852855,-91.12272059136956,170,10,316,-5,6.345071884011764
38.553442022963,-90.80092864228688,202,7,213,-13,6.70452216925573
38.53032520310838,-90.47949852905512,162,3,249,-7,7.545104852168523
38.50633898626848,-90.15844367870255,164,13,102,-15,6.076901183003046
38.481486542600834,-89.83777741683319,134,5,90,-1,7.040188830991998
38.45577114926616,-89.51751296444296,136,0,0,-4,11.522875795823397
38.42919618921844,-89.19766343480738,155,4,242,1,7.261413878822431
38.401765149961406,-88.87824183044145,171,3,203,6,7.545104852168523
38.3734816222719,-88.55926104013376,121,2,33,25,7.941743691836643
38.344349298891565,-88.24073383605611,140,3,69,2,7.545104852168523
38.31437197318739,-87.92267287095015,114,2,0,1,7.941743691836643
38.28355353778254,-87.60509067539239,130,1,270,5,8.607715418818213
38.25189798315803,-87.28799965513848,152,7,200,7,6.70452216925573
38.21940939622679,-86.9714120885483,161,4,255,4,7.261413878822431
38.18609195888059,-86.65534012409256,167,2,128,3,7.941743691836643
38.151949946511394,-86.33979577794194,198,13,350,-18,6.076901183003046
38.11698772650795,-86.02479093163971,189,6,253,14,6.858642093395692
38.08120975672858,-85.7103373298583,181,7,270,-17,6.70452216925573
38.04462058395153,-85.39644657824081,212,12,30,2,6.159167458950843
38.0072248423038,-85.08313014132776,216,19,143,12,5.67858487499791
37.96902725166941,-84.77039934056963,267,5,259,-17,7.040188830991998
37.93003261607861,-84.45826535242556,300,0,0,-4,11.522875795823397
37.89024582207854,-84.14673920654847,273,1,128,4,8.607715418818213
37.84967183708705,-83.83583178405696,197,3,157,6,7.545104852168523
37.808315707730216,-83.52555381589369,327,6,157,-4,6.858642093395692
37.76618255816507,-83.2159158812708,341,13,26,-18,6.076901183003046
37.72327758838839,-82.90692840620181,254,16,224,-6,5.860997933550507
37.67960607253273,-82.59860166212023,318,21,9,-41,5.5701918233974546
37.63517335715071,-82.29094576458444,325,21,268,1,5.5701918233974546
37.58998485948871,-81.98397067206847,557,29,160,-15,5.203575778621866
37.54404606575105,-81.67768618483859,511,15,4,36,5.928550143214419
37.49736252935549,-81.372101943915,686,19,148,11,5.67858487499791
37.44993986918153,-81.06722743011798,687,3,0,13,7.545104852168523
37.40178376781206,-80.76307196319839,551,4,105,4,7.261413878822431
37.35289996976974,-80.4596447010511,737,9,196,21,6.451747248958747
37.3032942797491,-80.15695463901139,781,26,202,20,5.331277149398757
37.25297256084504,-79.85501060923285,313,16,216,-12,5.860997933550507
37.20194073277915,-79.55382128014635,229,13,286,-6,6.076901183003046
37.150204770124674,-79.25339515599883,189,8,118,-1,6.570477324756705
37.09777070053084,-78.95374057647123,157,1,270,7,8.607715418818213
37.044644602947855,-78.65486571637427,166,5,166,1,7.040188830991998
36.99083260585334,-78.35677858542101,141,4,197,-3,7.261413878822431
36.93634088548115,-78.0594870280751,138,1,231,10,8.607715418818213
36.88117566405329,-77.76299872347367,94,2,248,7,7.941743691836643
36.82534320801619,-77.46732118542315,50,2,292,9,7.941743691836643
36.76884982628185,-77.17246176246736,40,3,180,1,7.545104852168523
36.71170186847487,-76.87842763802595,27,2,32,-12,7.941743691836643
36.65390572318599,-76.5852258306023,21,4,105,3,7.261413878822431
36.59546781623347,-76.29286319405908,9,4,105,3,7.261413878822431
36.860540260131,-121.63307278517996,74,4,220,-4,7.261413878822431
36.91915400722421,-121.33954210882858,113,6,252,-10,6.858642093395692
36.97711796913631,-121.045165962739,226,7,200,8,6.70452216925573
37.03442566134005,-120.7499513163088,29,1,270,7,8.607715418818213
37.09107063752401,-120.45390530685168,47,1,0,1,8.607715418818213
37.14704649136321,-120.15703523987013,92,1,180,-2,8.607715418818213
37.202346858297126,-119.85934858925766,462,15,245,-2,5.928550143214419
37.25696541731447,-119.5608529974302,1005,9,222,-11,6.451747248958747
37.31089589274353,-119.26155627538355,2211,4,17,6,7.261413878822431
37.364132056047694,-118.9614664026776,2633,20,278,13,5.623264340182601
37.41666772762472,-118.6605915273436,2517,37,151,-38,4.897002021379538
37.46849677860942,-118.35893996571578,1295,2,212,0,7.941743691836643
37.51961313267832,-118.05652020218363,2482,23,145,26,5.469880104866039
37.57001076785568,-117.75334088886568,1926,12,52,10,6.159167458950843
37.61968371831983,-117.44941084520228,1911,21,285,-2,5.5701918233974546
37.6686260762088,-117.14473905746684,1662,4,242,6,7.261413878822431
37.71683199342423,-116.839334678195,2001,24,16,-5,5.422256431435354
37.7642956834328,-116.53320702552932,1742,5,270,0,7.040188830991998
37.8110114230637,-116.22636558248044,1828,5,101,2,7.040188830991998
37.85697355430158,-115.91881999610248,1823,6,180,10,6.858642093395692
37.90217648607368,-115.61058007658258,2627,31,81,-34,5.123080734108857
37.94661469603004,-115.30165579624362,1515,1,308,-5,8.607715418818213
37.99028273231595,-114.9920572884598,1611,7,122,-7,6.70452216925573
38.033175215335234,-114.68179484648424,1662,4,75,9,7.261413878822431
38.075286839503725,-114.3708789221882,1883,4,220,2,7.261413878822431
38.11661237499125,-114.05932012471182,2315,13,235,-3,6.076901183003046
38.15714666945159,-113.74712921902564,2042,6,143,6,6.858642093395692
38.19688464973893,-113.43431712440304,1881,4,270,-11,7.261413878822431
38.23582132360998,-113.1208949128032,1535,2,232,-7,7.941743691836643
38.27395178141017,-112.80687380716492,1776,6,107,-11,6.858642093395692
38.31127119774342,-112.49226517961073,2963,2,308,13,7.941743691836643
38.34777483312388,-112.17708054956218,1831,9,264,-32,6.451747248958747
38.383458035608754,-111.86133158176584,2650,4,118,3,7.261413878822431
38.41831624241104,-111.54503008423087,2572,13,266,15,6.076901183003046
38.45234498149095,-111.22818800607811,1794,25,334,-10,5.376102417024408
38.48553987312508,-110.91081743530174,1455,5,101,-3,7.040188830991998
38.51789663145223,-110.5929305964434,1555,5,180,6,7.040188830991998
38.54941106599444,-110.27453984818032,1538,2,52,-3,7.941743691836643
38.58007908315263,-109.9556576808274,1316,24,270,85,5.422256431435354
38.60989668767535,-109.636296713755,1592,6,142,15,6.858642093395692
38.63885998409979,-109.31646969272236,2127,4,140,-6,7.261413878822431
38.66696517816397,-108.9961894871291,1464,8,90,7,6.570477324756705
38.69420857818896,-108.67546908718458,2625,6,348,-2,6.858642093395692
38.72058659643012,-108.35432160099752,1920,12,349,34,6.159167458950843
38.74609575039639,-108.03276025158654,1545,1,270,-5,8.607715418818213
38.77073266413669,-107.71079837381347,1688,9,288,-5,6.451747248958747
38.79449406949216,-107.38844941124091,3262,30,195,26,5.162923839635655
38.81737680731378,-107.06572691291557,2958,46,350,-31,4.579544420491962
38.8393778286437,-106.74264453007926,3078,19,210,16,5.67858487499791
38.86049419586011,-106.41921601280964,3329,21,230,0,5.5701918233974546
38.88072308378437,-106.09545520659194,2648,5,128,1,7.040188830991998
38.900061780749255,-105.7713760488244,2875,4,213,8,7.261413878822431
38.91850768962831,-105.44699256525928,2579,14,274,12,6.000299329861114
38.93605832882447,-105.12231886638148,2821,12,322,8,6.159167458950843
38.95271133321784,-104.7973691437272,1990,3,249,-1,7.545104852168523
38.96846445507177,-104.472157666145,2012,1,180,-2,8.607715418818213
38.98331556489622,-104.14669877600168,1944,14,41,42,6.000299329861114
38.997262652268,-103.82100688533522,1726,2,33,0,7.941743691836643
39.01030382660697,-103.4950964719579,1586,0,0,-7,11.522875795823397
39.02243731790792,-103.16898207551164,1555,3,157,7,7.545104852168523
39.033661477427,-102.84267829347868,1491,3,69,-5,7.545104852168523
39.04397477832273,-102.51619977715012,1354,3,128,1,7.545104852168523
39.05337581625057,-102.18956122755526,1273,1,0,1,8.607715418818213
39.061863309910834,-101.86277739135456,1144,7,226,23,6.70452216925573
39.06943610154932,-101.53586305669926,1051,5,101,2,7.040188830991998
39.0760931574105,-101.20883304906025,997,5,52,-6,7.040188830991998
39.0818335681425,-100.8817022270298,922,4,63,1,7.261413878822431
39.08665654915385,-100.55448547809873,877,2,232,-5,7.941743691836643
39.0905614409218,-100.2271977144121,813,0,0,2,11.522875795823397
39.0935477092512,-99.89985386850697,712,5,90,7,7.040188830991998
39.095614945484925,-99.57246888903464,643,5,291,-10,7.040188830991998
39.09676286666454,-99.24505773647157,563,2,128,1,7.941743691836643
39.096991315641816,-98.91763537882066,547,4,0,-11,7.261413878822431
39.09630026114047,-98.59021678730798,517,3,157,3,7.545104852168523
39.09468979776864,-98.26281693207616,456,4,270,-3,7.261413878822431
39.09216014598145,-97.93545077787915,438,3,23,-8,7.545104852168523
39.08871165199443,-97.60813327978089,398,3,0,2,7.545104852168523
39.08434478764703,-97.28087937886094,400,4,162,-2,7.261413878822431
39.07906015021702,-96.9537039979308,368,2,90,-12,7.941743691836643
39.07285846218575,-96.62662203726347,389,7,255,-7,6.70452216925573
39.06574057095414,-96.29964837033994,368,5,14,6,7.040188830991998
39.05770744851019,-95.97279783961524,318,4,147,-1,7.261413878822431
39.04876019104778,-95.6460852523076,273,3,23,6,7.545104852168523
39.03890001853745,-95.31952537621336,255,4,243,1,7.261413878822431
39.02812827424924,-94.99313293555116,297,6,240,0,6.858642093395692
39.01644642422836,-94.66692260683772,314,4,342,-5,7.261413878822431
39.00385605672351,-94.34090901479894,273,5,270,0,7.040188830991998
38.990358881569065,-94.01510672831846,248,4,221,-2,7.261413878822431
38.97595672952114,-93.68953025642712,266,2,0,0,7.941743691836643
38.96065155154808,-93.3641940443358,202,0,0,0,11.522875795823397
38.94444541807641,-93.03911246951436,239,7,115,5,6.70452216925573
38.92734051819216,-92.71429983781962,203,4,18,11,7.261413878822431
38.909339158799085,-92.38977037967452,201,1,90,7,8.607715418818213
38.89044376373346,-92.0655382463015,277,0,0,5,11.522875795823397
38.87065687283722,-91.74161750601226,247,6,120,-2,6.858642093395692
38.8499811409893,-91.41802214055625,245,11,95,1,6.248120224858334
38.82841933709653,-91.0947660415304,225,2,0,3,7.941743691836643
38.80597434304458,-90.7718630068524,162,6,12,-7,6.858642093395692
38.78264915261009,-90.44932673729896,133,1,90,7,8.607715418818213
38.75844687033434,-90.12717083311236,126,5,90,3,7.040188830991998
38.733370710360056,-89.80540879067598,145,2,147,0,7.941743691836643
38.70742399523156,-89.48405399926169,142,1,180,-4,8.607715418818213
38.68061015465974,-89.1631197378502,152,3,308,-1,7.545104852168523
38.65293272425244,-88.84261917202655,163,1,90,-6,8.607715418818213
38.62439534421138,-88.52256535095212,145,2,213,1,7.941743691836643
38.59500175799675,-88.20297120441475,128,2,128,6,7.941743691836643
38.56475581096007,-87.88384953995832,130,2,0,-1,7.941743691836643
38.53366144894699,-87.56521304009328,122,3,308,8,7.545104852168523
38.5017227168703,-87.24707425958921,160,3,69,-5,7.545104852168523
38.46894375725492,-86.92944562285055,154,7,213,11,6.70452216925573
38.43532880875539,-86.61233942137675,177,6,0,8,6.858642093395692
38.4008822046475,-86.29576781130741,256,2,147,-7,7.941743691836643
38.3656083712944,-85.9797428110537,252,5,101,-6,7.040188830991998
38.32951182658909,-85.66427629901641,132,3,180,2,7.545104852168523
38.29259717837387,-85.34938001139142,223,4,212,0,7.261413878822431
38.25486912283799,-85.03506554006343,272,5,180,-7,7.040188830991998
38.216332442894696,-84.72134433058787,258,5,281,-2,7.040188830991998
38.1769920065388,-84.40822768026176,273,4,62,-3,7.261413878822431
38.13685276518573,-84.0957267362837,279,2,90,2,7.941743691836643
38.09591975199324,-83.78385249400314,273,6,279,0,6.858642093395692
38.05419808016713,-83.472615795259,306,21,247,11,5.5701918233974546
38.01169294125188,-83.16202732680766,305,12,11,53,6.159167458950843
37.96840960340708,-82.85209761884025,311,15,52,13,5.928550143214419
37.92435340967143,-82.54283704358912,202,23,340,16,5.469880104866039
37.87952977621477,-82.23425581402304,305,28,50,48,5.2451216767435955
37.83394419057948,-81.92636398263109,317,2,328,52,7.941743691836643
37.78760220991263,-81.61917144029442,693,26,24,-13,5.331277149398757
37.74050945918926,-81.31268791524589,640,9,313,-1,6.451747248958747
37.69267162942872,-81.0069229721164,913,23,337,0,5.469880104866039
37.64409447590442,-80.70188601106794,501,15,322,46,5.928550143214419
37.5947838163485,-80.39758626701193,726,6,270,2,6.858642093395692
37.5447455291522,-80.09403280891277,647,16,134,-3,5.860997933550507
37.49398555156307,-79.79123453917508,318,2,212,0,7.941743691836643
37.44250987788013,-79.4892001931142,284,4,232,-16,7.261413878822431
37.39032455764766,-79.18793833850869,246,1,128,-9,8.607715418818213
37.33743569384897,-78.88745737523392,230,3,292,5,7.545104852168523
37.28384944110095,-78.58776553497553,207,1,270,-2,8.607715418818213
37.229572003850215,-78.2888708810218,152,6,99,-1,6.858642093395692
37.17460963457211,-77.99078130813338,88,1,309,5,8.607715418818213
37.1189686319732,-77.6935045424896,65,4,298,5,7.261413878822431
37.06265533919818,-77.3970481417096,48,2,180,-1,7.941743691836643
37.00567614204226,-77.10141949494714,31,2,148,-1,7.941743691836643
36.94803746716976,-76.8066258230578,30,9,196,-16,6.451747248958747
36.88974578033957,-76.51267417883699,8,4,197,2,7.261413878822431
36.83080758463874,-76.21957144732733,6,1,180,7,8.607715418818213
37.03623522453794,-122.0002659862702,198,16,150,-8,5.860997933550507
37.095997621300405,-121.70684570321592,211,7,190,-6,6.70452216925573
37.15511203882301,-121.4125632252468,526,9,120,9,6.451747248958747
37.21357187787113,-121.11742538342268,191,12,72,-7,6.159167458950843
37.27137057574216,-120.82143917954129,25,5,270,-2,7.040188830991998
37.32850160805554,-120.52461178651326,53,3,68,-8,7.545104852168523
37.38495849055208,-120.22695054866742,179,4,212,12,7.261413878822431
37.44073478090041,-119.92846298198398,687,7,212,3,6.70452216925573
37.4958240805111,-119.62915677425478,1564,4,242,17,7.261413878822431
37.550220036356514,-119.32903978516865,2499,14,0,-5,6.000299329861114
37.60391634279614,-119.02812004632058,2954,22,348,4,5.519132026132706
37.65690674340633,-118.72640576114352,2108,1,232,-5,8.607715418818213
37.709185032813366,-118.42390530476132,1430,7,190,13,6.70452216925573
37.760745058529146,-118.1206272237612,1545,1,90,7,8.607715418818213
37.81158072278834,-117.81658023588514,2435,17,282,-8,5.7971052477000855
37.86168598438623,-117.51177322963864,1544,12,145,-30,6.159167458950843
37.91105486051602,-117.20621526381554,1722,4,232,9,7.261413878822431
37.95968142860474,-116.89991556693828,1762,16,232,-5,5.860997933550507
38.00755982814677,-116.59288353661223,1816,2,328,24,7.941743691836643
38.0546842625337,-116.28512873879336,1795,0,0,9,11.522875795823396
38.10104900087983,-115.97666090696816,1513,3,69,-4,7.545104852168523
38.14664837984181,-115.66748994124536,2663,7,170,-36,6.70452216925573
38.19147680543175,-115.3576259073582,1673,8,77,2,6.570477324756705
38.235528754822354,-115.0470790355772,1701,2,52,4,7.941743691836643
38.278798778143305,-114.7358597195323,1792,2,232,8,7.941743691836643
38.32128150026745,-114.4239785149442,2026,6,337,0,6.858642093395692
38.362971622585896,-114.11144613826444,1867,1,180,-13,8.607715418818213
38.403863924770846,-113.79827346522382,1836,4,90,-5,7.261413878822431
38.44395326652496,-113.48447152928888,1617,2,90,-15,7.941743691836643
38.48323458931614,-113.17005152002643,1789,1,180,3,8.607715418818213
38.52170291809657,-112.85502478137592,1800,4,298,6,7.261413878822431
38.559353363005,-112.53940280982972,2422,13,299,22,6.076901183003046
38.596181121050826,-112.2231972525216,1713,7,20,-12,6.70452216925573
38.63218147777923,-111.90641990522312,2475,26,119,6,5.331277149398757
38.6673498089157,-111.5890827102491,2820,8,162,14,6.570477324756705
38.70168158198942,-111.27119775427153,1844,2,308,9,7.941743691836643
38.7351723579337,-110.95277726604336,1755,8,198,-1,6.570477324756705
38.76781779266298,-110.6338336140322,1927,2,90,-5,7.941743691836643
38.79961363862457,-110.31437930396474,1321,5,270,-7,7.040188830991998
38.83055574632486,-109.99442697628308,1340,5,60,10,7.040188830991998
38.86064006582783,-109.67398940351316,1471,2,327,5,7.941743691836643
38.88986264822584,-109.35307948754706,1289,2,308,-1,7.941743691836643
38.91821964708078,-109.0317102568398,2088,10,244,-9,6.345071884011764
38.94570731983483,-108.70989486352173,2380,10,330,-2,6.345071884011764
38.97232202918988,-108.38764658042864,1504,4,255,1,7.261413878822431
38.99806024445429,-108.06497879804984,3179,19,132,34,5.67858487499791
39.02291854285618,-107.74190502139666,3007,0,0,0,11.522875795823397
39.046893610822,-107.41843886679256,2216,10,304,-8,6.345071884011764
39.0699822452197,-107.09459405858657,3090,23,68,-15,5.469880104866039
39.0921813545652,-106.77038442579196,3303,27,57,-13,5.287654659051184
39.113487960191485,-106.44582389865212,4279,30,123,-1,5.162923839635655
39.1338991973792,-106.12092650513512,3336,16,145,6,5.860997933550507
39.15341231644788,-105.79570636736013,2871,5,224,8,7.040188830991998
39.17202468380709,-105.47017769795636,2705,2,128,-9,7.941743691836643
39.1897337829665,-105.1443547963583,2258,13,65,-1,6.076901183003046
39.2065372155039,-104.81825204503842,2239,20,87,9,5.623264340182601
39.22243270199091,-104.4918839056805,2093,5,90,-5,7.040188830991998
39.23741808287488,-104.16526491529564,1876,2,147,2,7.941743691836643
39.25149131931708,-103.83840968228392,1738,4,319,-6,7.261413878822431
39.26465049398556,-103.51133288244394,1672,5,224,-5,7.040188830991998
39.2768938118031,-103.18404925493338,1560,1,90,2,8.607715418818213
39.28821960064859,-102.85657359818306,1433,3,180,5,7.545104852168523
39.29862631201188,-102.52892076576742,1324,2,128,6,7.941743691836643
39.30811252160152,-102.2011056622346,1242,0,0,0,11.522875795823397
39.31667692990457,-101.87314323889863,1155,2,52,-1,7.941743691836643
39.32431836269826,-101.5450484895972,1090,2,128,1,7.941743691836643
39.33103577151312,-101.21683644641762,1012,3,69,-6,7.545104852168523
39.336828234046784,-100.88852217539466,947,2,308,-8,7.941743691836643
39.341694954528776,-100.56012077218284,863,2,308,-6,7.941743691836643
39.34563526403528,-100.2316473577068,743,3,157,3,7.545104852168523
39.34864862075412,-99.9031170737926,665,1,270,-5,8.607715418818213
39.35073461019953,-99.5745450787836,616,5,101,-4,7.040188830991998
39.35189294537653,-99.2459465431438,578,11,311,12,6.248120224858334
39.35212346689467,-98.9173366450522,537,4,221,-1,7.261413878822431
39.35142614303152,-98.58873056599136,499,4,270,-4,7.261413878822431
39.34980106974498,-98.2601434863334,446,2,0,1,7.941743691836643
39.34724847063548,-97.93159058092698,424,1,180,10,8.607715418818213
39.343768696857,-97.60308701468831,452,3,232,-4,7.545104852168523
39.33936222697793,-97.27464793819964,395,3,249,-2,7.545104852168523
39.33402966679129,-96.94628848331844,398,4,180,0,7.261413878822431
39.327771749074735,-96.61802375880067,354,2,147,11,7.941743691836643
39.3205893333004,-96.28986884594136,327,5,281,6,7.040188830991998
39.31248340529497,-95.96183879423543,343,6,142,-8,6.858642093395692
39.30345507685027,-95.6339486170626,333,4,41,1,7.261413878822431
39.29350558528444,-95.30621328739888,356,2,327,6,7.941743691836643
39.282636292954464,-94.97864773355812,332,2,232,2,7.941743691836643
39.2708486867202,-94.65126683496692,313,1,0,-6,8.607715418818213
39.258144377360345,-94.32408541797528,261,3,128,0,7.545104852168523
39.24452509894101,-93.9971182517067,226,9,288,0,6.451747248958747
39.22999270813735,-93.67038004395027,207,9,337,25,6.451747248958747
39.2145491835086,-93.34388543709784,218,1,270,-6,8.607715418818213
39.19819662472764,-93.01764900412869,238,3,69,-2,7.545104852168523
39.18093725176504,-92.69168524464504,226,5,166,3,7.040188830991998
39.16277340402888,-92.36600858096082,261,6,287,9,6.858642093395692
39.14370753946077,-92.0406333542461,268,4,90,-5,7.261413878822431
39.123742233588736,-91.71557382072996,248,2,147,1,7.941743691836643
39.10288017853779,-91.39084414796444,224,1,270,6,8.607715418818213
39.081124181999314,-91.06645841115149,189,6,0,3,6.858642093395692
39.05847716615953,-90.7424305895356,133,0,0,7,11.522875795823397
39.03494216658837,-90.4187745628642,180,6,23,-11,6.858642093395692
39.01052233108935,-90.09550410791792,189,1,180,2,8.607715418818213
38.98522091851167,-89.77263289511275,183,2,213,-3,7.941743691836643
38.95904129752501,-89.4501744851762,178,2,270,-14,7.941743691836643
38.93198694535862,-89.12814232589906,165,1,270,-3,8.607715418818213
38.90406144650489,-88.8065497489646,178,1,0,2,8.607715418818213
38.87526849138938,-88.4854099668572,158,4,147,8,7.261413878822431
38.845611875007286,-88.16473606985127,151,3,249,1,7.545104852168523
38.81509549552825,-87.84454102308266,134,2,232,5,7.941743691836643
38.78372335287007,-87.52483766370338,128,1,90,0,8.607715418818213
38.75149954724261,-87.2056386981213,137,2,308,-7,7.941743691836643
38.71842827766284,-86.8869566993256,193,4,297,0,7.261413878822431
38.68451384044226,-86.56880410429928,233,8,84,2,6.570477324756705
38.64976062764779,-86.25119321151973,255,5,180,0,7.040188830991998
38.61417312553706,-85.93413617854804,284,7,180,6,6.70452216925573
38.57775591296959,-85.61764501970782,206,4,90,-3,7.261413878822431
38.54051365979458,-85.30173160385436,189,2,0,2,7.941743691836643
38.50245112521676,-84.98640765223449,142,3,308,-2,7.545104852168523
38.463573156141386,-84.67168473643777,237,12,270,6,6.159167458950843
38.423884685499445,-84.35757427643921,243,4,140,2,7.261413878822431
38.38339073055416,-84.04408753873385,245,11,335,11,6.248120224858334
38.3420963911903,-83.73123563456333,252,5,69,2,7.040188830991998
38.30000684818692,-83.41902951823484,348,15,153,0,5.928550143214419
38.25712736147519,-83.10747998553164,227,16,149,-2,5.860997933550507
38.21346326838207,-82.79659767221602,249,4,75,31,7.261413878822431
38.1690199818612,-82.48639305262382,282,16,103,-16,5.860997933550507
38.12380298871206,-82.17687643835043,293,19,115,-8,5.67858487499791
38.07781784778851,-81.86805797702792,344,21,342,3,5.5701918233974546
38.03107018819787,-81.55994765119276,486,18,194,9,5.73642582948546
37.983565707491685,-81.25255527724384,587,20,128,-13,5.623264340182601
37.93531016984909,-80.94589050448971,844,2,212,-4,7.941743691836643
37.88630940425414,-80.63996281428481,749,15,308,-2,5.928550143214419
37.83656930266803,-80.33478151925365,874,19,357,0,5.67858487499791
37.786095818197175,-80.03035576260218,427,11,59,-27,6.248120224858334
37.73489496325843,-79.72669451751544,461,17,232,11,5.7971052477000855
37.68297280774235,-79.42380658664058,251,10,124,-6,6.345071884011764
37.63033547717537,-79.12170060165401,233,15,322,0,5.928550143214419
37.57698915088236,-78.82038502291181,116,5,239,10,7.040188830991998
37.52294006014996,-78.5198681391821,169,7,238,6,6.70452216925573
37.46819448639217,-78.22015806745827,107,3,203,1,7.545104852168523
37.41275875931876,-77.9212627528516,76,4,128,-13,7.261413878822431
37.35663925510772,-77.62318996856224,87,5,79,3,7.040188830991998
37.29984239458252,-77.32594731592684,17,4,140,7,7.261413878822431
37.24237464139507,-77.0295422245418,7,2,90,1,7.941743691836643
37.125452514928185,-76.43927358646248,13,5,0,8,7.040188830991998
37.27104783407661,-122.07564966655023,405,18,329,-5,5.73642582948546
37.33131841925877,-121.78148084455096,90,4,285,-1,7.261413878822431
37.390936304068816,-121.48643973397812,657,4,220,7,7.261413878822431
37.44989481005689,-121.19053319468446,205,16,326,-36,5.860997933550507
37.50818729537448,-120.89376826049208,26,4,298,5,7.261413878822431
37.56580715659303,-120.5961521396033,70,1,0,10,8.607715418818213
37.6227478305318,-120.29769221493966,448,16,224,1,5.860997933550507
37.679002796093926,-119.99839604440766,924,1,90,20,8.607715418818213
37.73456557611001,-119.69827136108954,1867,17,208,-15,5.7971052477000855
37.789429739188,-119.39732607335748,2756,15,316,-1,5.928550143214419
37.84358890156935,-119.09556826490984,2333,13,94,8,6.076901183003046
37.89703672898908,-118.79300619472814,2239,5,68,1,7.040188830991998
37.94976693854037,-118.48964829695288,2289,9,209,-2,6.451747248958747
38.001773300541664,-118.18550318067756,1749,4,198,11,7.261413878822431
38.05304964040557,-117.88057962965884,1449,12,265,-16,6.159167458950843
38.10358984050887,-117.57488660194213,1451,3,203,5,7.545104852168523
38.15338784206207,-117.2684332294013,1743,0,0,2,11.522875795823397
38.20243764697808,-116.9612288171912,2216,23,334,-11,5.469880104866039
38.25073331973846,-116.6532828431122,1777,1,180,-2,8.607715418818213
38.29826898925629,-116.3446049568854,1724,2,90,10,7.941743691836643
38.345038850734895,-116.03520497933803,1786,6,270,3,6.858642093395692
38.39103716752081,-115.72509290149785,1444,4,270,2,7.261413878822431
38.43625827295035,-115.41427888359571,2343,5,249,-28,7.040188830991998
38.4806965721884,-115.10277325397618,1591,4,118,2,7.261413878822431
38.52434654405828,-114.79058650791455,1864,2,270,-6,7.941743691836643
38.567202742861696,-114.47772930634092,1997,3,291,0,7.545104852168523
38.609259800187566,-114.16421247446976,1748,2,308,-4,7.941743691836643
38.65051242670841,-113.8500470003356,1859,2,327,4,7.941743691836643
38.690955413963394,-113.5352440332336,1850,10,52,23,6.345071884011764
38.7305836361268,-113.2198148820658,1387,9,232,3,6.451747248958747
38.76939205176036,-112.90377101359203,1480,1,180,6,8.607715418818213
38.80737570554888,-112.58712405058624,1486,4,75,-10,7.261413878822431
38.84452973001765,-112.2698857698977,2903,27,51,-37,5.287654659051184
38.88084934723037,-111.95206810041805,1585,2,90,3,7.941743691836643
38.91632987046653,-111.63368312095352,2082,26,98,-2,5.331277149398757
38.950966705877256,-111.3147430580038,2186,8,111,0,6.570477324756705
38.984755354117965,-110.995260283447,1815,6,128,-4,6.858642093395692
39.01769141195722,-110.67524731213224,1747,2,308,-3,7.941743691836643
39.04977057386016,-110.35471679937976,1396,10,347,21,6.345071884011764
39.08098863354559,-110.03368153839033,1529,12,208,13,6.159167458950843
39.11134148551554,-109.7121544575636,2359,9,246,-12,6.451747248958747
39.140825126556166,-109.39014861772786,1537,4,104,3,7.261413878822431
39.1694356572088,-109.06767720928104,1532,12,18,-2,6.159167458950843
39.197169283210016,-108.74475354924508,1403,3,111,-4,7.545104852168523
39.224022316899855,-108.42139107823463,1989,22,150,7,5.519132026132706
39.2499911785968,-108.09760335734164,1903,7,104,-12,6.70452216925573
39.27507239793862,-107.77340406493713,2276,18,90,-3,5.73642582948546
39.29926261518802,-107.44880699339215,2847,10,180,17,6.345071884011764
39.32255858250208,-107.12382604571982,2375,20,114,-4,5.623264340182601
39.34495716516439,-106.79847523213935,3071,37,236,-26,4.897002021379538
39.366455342779055,-106.47276866656532,3374,42,106,-44,4.719199989486241
39.38705021042551,-106.1467205630232,3556,19,286,-9,5.67858487499791
39.4067389797731,-105.82034523199384,2969,4,90,1,7.261413878822431
39.42551898015494,-105.49365707668908,2761,24,133,-22,5.422256431435354
39.44338765959961,-105.1666705892604,2189,32,141,-2,5.083968235816121
39.46034258582032,-104.83940034694378,1918,9,72,-13,6.451747248958747
39.47638144716046,-104.51186100814247,1928,5,270,-1,7.040188830991998
39.49150205349494,-104.18406730845092,1788,4,147,-6,7.261413878822431
39.50570233708633,-103.856034056622,1598,3,291,12,7.545104852168523
39.51898035339537,-103.52777613048065,1647,1,180,2,8.607715418818213
39.53133428184493,-103.19930847278668,1507,4,90,1,7.261413878822431
39.54276242653695,-102.8706460870494,1389,2,90,8,7.941743691836643
39.55326321692175,-102.5418040332972,1275,3,111,-2,7.545104852168523
39.56283520841891,-102.21279742380524,1185,5,224,-2,7.040188830991998
39.57147708298953,-101.88364141878397,1138,0,0,2,11.522875795823397
39.57918764965925,-101.55435122203188,1064,2,327,6,7.941743691836643
39.585965844991335,-101.22494207655562,1007,2,308,5,7.941743691836643
39.59181073350998,-100.89542926016055,926,2,128,3,7.941743691836643
39.59672150807282,-100.5658280810152,841,6,308,-4,6.858642093395692
39.600697490192914,-100.23615387319286,794,5,308,-4,7.040188830991998
39.60373813030954,-99.90642199219344,667,3,111,-2,7.545104852168523
39.6058430080076,-99.57664781044934,649,2,147,14,7.941743691836643
39.60701183218577,-99.24684671281852,594,3,157,1,7.545104852168523
39.607244441172845,-98.91703409206792,546,1,270,2,8.607715418818213
39.60654080279231,-98.58722534435113,520,6,81,1,6.858642093395692
39.60490101437534,-98.25743586468349,482,0,0,0,11.522875795823397
39.60232530272184,-97.92768104241776,454,4,198,-5,7.261413878822431
39.598814024009634,-97.5979762567246,410,2,270,-9,7.941743691836643
39.59436766365224,-97.26833687208013,388,2,213,-1,7.941743691836643
39.58898683610489,-96.9387782337652,421,4,221,6,7.261413878822431
39.58267228461907,-96.6093156633788,395,6,73,3,6.858642093395692
39.575424880946166,-96.2799644543694,408,2,180,-6,7.941743691836643
39.56724562498989,-95.95073986758776,401,0,0,-2,11.522875795823397
39.55813564440819,-95.62165712686397,337,2,232,-3,7.941743691836643
39.54809619416488,-95.29273141461252,343,3,337,4,7.545104852168523
39.53712865603136,-94.96397786746844,309,8,26,-6,6.570477324756705
39.52523453803878,-94.63541157195766,266,5,345,9,7.040188830991998
39.51241547388125,-94.3070475602049,322,3,291,-5,7.545104852168523
39.49867322227045,-93.97890080568186,271,9,15,-10,6.451747248958747
39.48400966624246,-93.65098621899936,244,5,270,5,7.040188830991998
39.46842681241691,-93.32331864374564,223,4,63,9,7.261413878822431
39.45192679020964,-92.99591285237447,211,4,147,1,7.261413878822431
39.43451185099907,-92.66878354214542,219,3,111,-3,7.545104852168523
39.41618436724723,-92.34194533111916,256,3,111,-7,7.545104852168523
39.39694683157613,-92.0154127542108,231,4,297,-1,7.261413878822431
39.376801855800174,-91.68920025930356,226,0,0,-12,11.522875795823397
39.35575216991541,-91.36332220342528,241,3,337,4,7.545104852168523
39.333800621046606,-91.03779284899068,230,7,302,-11,6.70452216925573
39.31095017235273,-90.71262636011116,177,5,316,8,7.040188830991998
39.28720390189208,-90.38783679897485,177,1,0,-1,8.607715418818213
39.2625650014475,-90.06343812229883,177,3,52,4,7.545104852168523
39.2370367753133,-89.73944417785599,200,2,327,3,7.941743691836643
39.21062263904397,-89.41586870107793,200,2,33,-2,7.941743691836643
39.18332611816657,-89.09272531173644,188,2,308,5,7.941743691836643
39.15515084685722,-88.77002751070503,188,0,0,-8,11.522875795823397
39.12610056658288,-88.44778867680205,180,0,0,0,11.522875795823396
39.096179124709565,-88.12602206371749,169,5,207,-5,7.040188830991998
39.065390473077976,-87.80474079702454,162,2,327,-7,7.941743691836643
39.033738666547656,-87.48395787127743,160,1,0,2,8.607715418818213
39.00122786151085,-87.16368614719691,159,3,69,0,7.545104852168523
38.967862314376994,-86.8439383489445,188,15,128,-7,5.928550143214419
38.93364638002917,-86.52472706148649,164,6,287,2,6.858642093395692
38.89858451025364,-86.2060647280488,264,2,213,-3,7.941743691836643
38.862681252143474,-85.8879636476637,185,8,237,-14,6.570477324756705
38.82594124647755,-85.57043597280857,231,2,52,-23,7.941743691836643
38.78836922607608,-85.25349370713826,236,4,327,-3,7.261413878822431
38.74997001413386,-84.93714870331073,243,1,0,-4,8.607715418818213
38.71074852253235,-84.62141266090697,238,5,79,9,7.040188830991998
38.670709750131685,-84.30629712444536,218,5,120,-1,7.040188830991998
38.62985878104423,-83.99181348149077,283,7,331,-18,6.70452216925573
38.58820078289013,-83.67797296085837,265,7,308,7,6.70452216925573
38.54574100503685,-83.36478663091266,353,17,318,-19,5.7971052477000855
38.50248477682319,-83.05226539796108,265,13,201,25,6.076901183003046
38.45843750576939,-82.74042000474245,257,15,263,-23,5.928550143214419
38.41360467577432,-82.42926102901002,173,3,291,0,7.545104852168523
38.36799184530096,-82.11879888220855,271,14,0,-21,6.000299329861114
38.32160464555125,-81.80904380824526,248,13,10,-17,6.076901183003046
38.27444877863162,-81.500005882354,451,4,0,-19,7.261413878822431
38.22653001571019,-81.1916950100522,214,10,286,-10,6.345071884011764
38.17785419516676,-80.88412092618972,567,6,52,13,6.858642093395692
38.12842722073685,-80.57729319408917,1109,11,320,-1,6.248120224858334
38.07825505965084,-80.27122120477651,933,21,102,-17,5.5701918233974546
38.02734374076906,-79.96591417630152,690,21,171,19,5.5701918233974546
37.97569935271439,-79.66138115314652,381,2,32,6,7.941743691836643
37.92332804200293,-79.35763100572304,490,9,138,-11,6.451747248958747
37.87023601117404,-79.05467242995473,465,14,36,-5,6.000299329861114
37.81642951692092,-78.75251394694584,230,14,305,2,6.000299329861114
37.76191486822223,-78.4511639027336,132,8,227,0,6.570477324756705
37.70669842447641,-78.15063046812358,112,1,180,-10,8.607715418818213
37.650786593639104,-77.85092163860655,75,10,287,5,6.345071884011764
37.59418583036485,-77.55204523435546,81,7,75,9,6.70452216925573
37.536902634154266,-77.25400890030117,33,3,23,2,7.545104852168523
37.47894354750686,-76.95682010628526,25,1,270,7,8.607715418818213
37.4203151540814,-76.66048614728885,17,4,163,4,7.261413878822431
37.505719142675176,-122.15191235059322,0,0,0,0,11.522875795823397
37.56650075600973,-121.8569883033762,238,5,27,-25,7.040188830991998
37.62662494191958,-121.56118170042711,363,20,0,-20,5.623264340182601
37.68608494176157,-121.2644994299103,8,7,10,-6,6.70452216925573
37.7448740335539,-120.9669485572612,23,4,40,29,7.261413878822431
37.8029855338236,-120.6685363256344,90,14,131,-3,6.000299329861114
37.86041279946359,-120.36927015627828,343,16,224,11,5.860997933550507
37.91714922959871,-120.06915764883462,845,29,238,37,5.203575778621866
37.97318826745936,-119.76820658156149,1719,24,185,5,5.422256431435354
38.02852340226223,-119.46642491147794,3003,32,69,-31,5.083968235816121
38.083148171097065,-119.16382077442866,2294,5,153,-4,7.040188830991998
38.13705616081868,-118.86040248506738,2083,1,0,3,8.607715418818213
38.190241009942895,-118.5561785367574,2085,7,122,3,6.70452216925573
38.24269641054592,-118.2511576013879,1903,15,229,-16,5.928550143214419
38.29441611016571,-117.94534852910432,1937,3,203,6,7.545104852168523
38.34539391370458,-117.63876034795234,1746,6,73,10,6.858642093395692
38.395623685332055,-117.33140226343303,1662,3,291,7,7.545104852168523
38.44509935038639,-117.02328365796905,1966,3,128,-2,7.545104852168523
38.49381489727471,-116.7144140902802,2259,5,128,-3,7.040188830991998
38.54176437936943,-116.40480329466732,2201,33,245,20,5.045514080099346
38.58894191690085,-116.09446118020384,1790,1,90,-3,8.607715418818213
38.63534169884431,-115.78339782983372,1762,7,115,-4,6.70452216925573
38.68095798480085,-115.4716234993751,1562,0,0,-4,11.522875795823397
38.72578510687028,-115.15914861642896,1634,3,249,9,7.545104852168523
38.76981747151557,-114.84598377919224,2155,5,44,2,7.040188830991998
38.813049561417074,-114.53213975517444,1791,3,128,3,7.545104852168523
38.85547593731591,-114.21762747981757,2517,35,339,-23,4.970316820703456
38.8970912398448,-113.90245805501893,2162,11,90,-9,6.248120224858334
38.9378901913455,-113.5866427475564,1857,4,221,-3,7.261413878822431
38.97786759767153,-113.2701929874161,1443,6,12,-8,6.858642093395692
39.01701834997496,-112.95312036602208,1665,13,245,8,6.076901183003046
39.05533742647602,-112.63543663436845,1413,3,128,-2,7.545104852168523
39.09281989421448,-112.31715370105334,1487,1,270,2,8.607715418818213
39.12946091078131,-111.99828363021592,1965,2,90,-1,7.941743691836643
39.165255726029805,-111.67883863937548,1890,12,297,17,6.159167458950843
39.20019968376446,-111.35883109717416,2477,7,151,-14,6.70452216925573
39.23428822340677,-111.03827352102306,1788,5,249,-13,7.040188830991998
39.267516881636816,-110.7171785746525,1980,7,10,-10,6.70452216925573
39.29988129400891,-110.39555906556748,1427,1,90,4,8.607715418818213
39.33137719654074,-110.07342794240871,1482,24,205,15,5.422256431435354
39.362000427274346,-109.75079829222052,2437,21,310,0,5.5701918233974546
39.39174692780821,-109.42768333762616,2348,31,170,12,5.123080734108857
39.42061274479877,-109.10409643391252,2046,23,136,2,5.469880104866039
39.44859403143077,-108.7800510660247,1676,14,97,33,6.000299329861114
39.4756870488548,-108.455560845472,2319,35,223,20,4.970316820703456
39.50188816759131,-108.1306395071472,1696,11,116,-1,6.248120224858334
39.52719386889984,-107.8053009060604,1612,3,69,3,7.545104852168523
39.55160074611227,-107.47955901398896,2215,30,154,35,5.162923839635655
39.57510550592944,-107.1534279160458,2727,1,90,-1,8.607715418818213
39.597704969679405,-106.82692180716748,2308,11,161,-21,6.248120224858334
39.61939607453726,-106.50005498852448,2389,15,4,5,5.928550143214419
39.6401758747045,-106.17284186385548,3750,27,293,6,5.287654659051184
39.660041542548,-105.84529693572809,3810,21,205,-42,5.5701918233974546
39.67899036969673,-105.51743480172811,3380,20,44,46,5.623264340182601
39.69701976809613,-105.18927015058,1880,9,173,-18,6.451747248958747
39.71412727101861,-104.86081775820055,1669,2,33,-8,7.941743691836643
39.7303105340298,-104.53209248368933,1712,1,270,2,8.607715418818213
39.74556733590952,-104.20310926525704,1570,2,308,1,7.941743691836643
39.75989557952673,-103.87388311609628,1515,2,232,-5,7.941743691836643
39.773293292667766,-103.54442912019614,1459,4,198,-6,7.261413878822431
39.785758628817234,-103.21476242810434,1472,1,270,2,8.607715418818213
39.79728986789063,-102.8848982526395,1356,1,90,6,8.607715418818213
39.8078854169184,-102.55485186455697,1250,5,281,9,7.040188830991998
39.817543810680654,-102.22463858817078,1168,2,90,0,7.941743691836643
39.82626371229207,-101.8942737969356,1083,2,52,1,7.941743691836643
39.834043913736366,-101.56377290899128,1058,3,232,-2,7.545104852168523
39.84088333635012,-101.2331513826736,956,1,180,2,8.607715418818213
39.84678103125532,-100.90242471199473,861,7,90,-5,6.70452216925573
39.85173617974024,-100.5716084220962,833,0,0,-3,11.522875795823397
39.85574809358854,-100.24071806467845,785,0,0,-4,11.522875795823397
39.85881621535604,-99.90976921341006,721,2,308,-4,7.941743691836643
39.860940118595245,-99.57877745932016,694,2,0,-2,7.941743691836643
39.86211950802702,-99.24775840617752,624,3,249,0,7.545104852168523
39.86235421965949,-98.91672766586002,587,4,270,-3,7.261413878822431
39.86164422085436,-98.58570085371794,586,2,147,1,7.941743691836643
39.859989610339866,-98.25469358393434,550,3,291,-9,7.545104852168523
39.85739061817112,-97.92372146488668,483,2,0,-1,7.941743691836643
39.8538476056373,-97.5928000945125,469,3,180,-6,7.545104852168523
39.84936106511615,-97.2619450556836,438,4,18,-6,7.261413878822431
39.84393161987568,-96.93117191159114,401,2,308,-5,7.941743691836643
39.83756002382335,-96.60049620114624,385,4,117,2,7.261413878822431
39.83024716120298,-96.26993343439884,395,3,0,2,7.545104852168523
39.82199404623952,-95.9394990879788,389,5,79,-5,7.040188830991998
39.81280182273207,-95.60920860056213,351,2,308,-7,7.941743691836643
39.80267176359561,-95.27907736836622,310,4,213,7,7.261413878822431
39.79160527035163,-94.9491207406774,291,7,327,7,6.70452216925573
39.779603872568096,-94.61935401541372,263,1,270,7,8.607715418818213
39.76666922724949,-94.28979243472662,291,2,33,-11,7.941743691836643
39.752803118177326,-93.96045118064472,289,3,291,-5,7.545104852168523
39.73800745520138,-93.6313453707624,232,1,0,7,8.607715418818213
39.72228427348284,-93.30249005397698,223,3,249,-6,7.545104852168523
39.70563573268939,-92.9739002062768,250,5,69,-1,7.040188830991998
39.68806411614355,-92.64559072658372,229,4,139,-6,7.261413878822431
39.6695718299243,-92.3175764326525,240,3,69,7,7.545104852168523
39.65016140192343,-91.98987205703006,227,1,180,12,8.607715418818213
39.62983548085669,-91.6624922430774,220,2,180,-3,7.941743691836643
39.60859683523129,-91.3354515410566,180,8,217,-4,6.570477324756705
39.58644835227004,-91.0087644042856,208,0,0,-7,11.522875795823397
39.56339303679328,-90.682445185363,206,6,287,-8,6.858642093395692
39.5394340100594,-90.35650813246566,207,1,90,-2,8.607715418818213
39.51457450856516,-90.03096738572088,195,2,33,1,7.941743691836643
39.488817882806245,-89.70583697365555,200,2,33,2,7.941743691836643
39.46216759599961,-89.38113080972437,190,3,203,-9,7.545104852168523
39.434627222768384,-89.05686268891897,199,3,0,-5,7.545104852168523
39.40620044779027,-88.73304628445995,208,1,0,-1,8.607715418818213
39.3768910644108,-88.40969514457328,201,1,180,-1,8.607715418818213
39.34670297322223,-88.08682268935318,188,1,0,1,8.607715418818213
39.315640180609385,-87.76444220771253,181,4,256,9,7.261413878822431
39.28370679726343,-87.44256685442248,176,1,90,-2,8.607715418818213
39.25090703666493,-87.12120964724271,186,2,308,-5,7.941743691836643
39.21724521353702,-86.80038346414311,204,2,180,-1,7.941743691836643
39.18272574227018,-86.4801010406185,256,4,104,5,7.261413878822431
39.14735313531945,-86.16037496709696,233,8,206,-1,6.570477324756705
39.111132001575726,-85.84121768644295,197,3,52,-9,7.545104852168523
39.0740670447118,-85.52264149155573,246,6,308,-6,6.858642093395692
39.036163061504816,-85.20465852306394,291,8,69,-1,6.570477324756705
38.997424940136,-84.8872807671168,252,6,322,7,6.858642093395692
38.957857658469145,-84.57052005327247,258,4,221,-4,7.261413878822431
38.91746628230876,-84.25438805248365,145,0,0,0,11.522875795823397
38.87625596363945,-83.93889627518104,292,13,119,-7,6.076901183003046
38.834231938847495,-83.62405606945455,288,1,180,-6,8.607715418818213
38.79139952692586,-83.30987861933231,274,30,60,-3,5.162923839635655
38.747764127664006,-82.99637494315732,151,5,300,17,7.040188830991998
38.70333121982341,-82.68355589206199,214,2,52,8,7.941743691836643
38.658106359300426,-82.37143214853972,251,10,167,8,6.345071884011764
38.61209517727721,-82.06001422511369,280,6,192,-9,6.858642093395692
38.56530337836229,-81.74931246310196,297,7,340,-2,6.70452216925573
38.517736738721545,-81.43933703147871,310,13,219,-38,6.076901183003046
38.46940110420138,-81.13009792583084,353,11,0,21,6.248120224858334
38.420302388444426,-80.82160496740921,628,23,274,4,5.469880104866039
38.3704465709997,-80.51386780227372,668,13,219,0,6.076901183003046
38.31983969542779,-80.20689590053138,926,3,180,-4,7.545104852168523
38.26848786740251,-79.90069855566665,891,10,69,19,6.345071884011764
38.21639725280998,-79.59528488396239,615,27,209,-9,5.287654659051184
38.16357407584618,-79.29066382401138,816,24,158,18,5.422256431435354
38.11002461711416,-78.98684413631591,426,7,270,5,6.70452216925573
38.05575521172192,-78.6838344029757,197,4,32,-8,7.261413878822431
38.00077224738194,-78.38164302746151,110,2,270,2,7.941743691836643
37.94508216251336,-78.08027823447406,136,3,292,-8,7.545104852168523
37.88869144434789,-77.77974806988637,111,2,148,-2,7.941743691836643
37.83160662704043,-77.48006040076828,36,8,25,0,6.570477324756705
37.7738342897851,-77.1812229154916,64,4,105,0,7.261413878822431
37.715381054938014,-76.88324312391428,44,2,90,6,7.941743691836643
37.80154270310457,-121.93337834739404,173,2,270,-4,7.941743691836643
37.8621760613588,-121.63679936399105,9,1,52,1,8.607715418818213
37.92214041956592,-121.33933429689031,0,3,112,-3,7.545104852168523
37.98142897460612,-121.04099024269244,32,5,59,10,7.040188830991998
38.04003496194797,-120.7417744791292,342,1,0,-9,8.607715418818213
38.09795165753537,-120.44169446547605,694,11,228,18,6.248120224858334
38.15517237968363,-120.14075784288671,1557,21,85,-11,5.5701918233974546
38.21169049098406,-119.83897243465044,2569,5,79,0,7.040188830991998
38.26749940021591,-119.53634624636798,2404,24,69,-17,5.422256431435354
38.32259256426461,-119.23288746604672,2053,7,134,0,6.70452216925573
38.37696349004588,-118.928604464112,1837,11,19,8,6.248120224858334
38.43060573643395,-118.62350579333332,1721,4,18,-1,7.261413878822431
38.4835129161938,-118.3176001886647,1848,8,352,-11,6.570477324756705
38.535678697915486,-118.01089656699666,2142,8,96,21,6.570477324756705
38.58709680795023,-117.70340402681931,1736,5,69,-8,7.040188830991998
38.63776103234679,-117.3951318477948,2240,4,220,11,7.261413878822431
38.6876652187873,-117.08608949023782,1972,18,84,5,5.73642582948546
38.736803278521165,-116.77628659450347,2126,3,111,2,7.545104852168523
38.785169188296216,-116.46573298028083,2089,4,75,0,7.261413878822431
38.83275699228585,-116.15443864579136,2130,11,180,6,6.248120224858334
38.87956080401096,-115.84241376689133,2089,6,261,-9,6.858642093395692
38.92557480825553,-115.52966869607728,1880,6,308,-6,6.858642093395692
38.970793262974894,-115.21621396139376,1880,3,232,-5,7.545104852168523
39.01521050119507,-114.90206026524248,2549,17,180,0,5.7971052477000855
39.05882093290241,-114.58721848309229,2207,12,107,-5,6.159167458950843
39.101619046922046,-114.27169966208992,1962,16,138,-24,5.860997933550507
39.1435994127841,-113.9555150195702,1508,4,104,-9,7.261413878822431
39.1847566825763,-113.63867594146602,1771,6,192,-8,6.858642093395692
39.22508559278179,-113.32119398061782,1946,9,52,-20,6.451747248958747
39.26458096610106,-113.00308085498187,1425,3,69,-1,7.545104852168523
39.30323771325649,-112.68434844573824,1400,0,0,1,11.522875795823397
39.34105083477851,-112.3650087952974,1556,5,308,-2,7.040188830991998
39.37801542277178,-112.0450741052066,1512,2,52,-10,7.941743691836643
39.41412666266076,-111.7245567339558,2180,18,135,-20,5.73642582948546
39.4493798349127,-111.40346919468357,2613,31,200,-2,5.123080734108857
39.48377031673728,-111.0818241527836,2970,20,240,-21,5.623264340182601
39.5172935837616,-110.75963442341242,1675,2,180,0,7.941743691836643
39.54994521167903,-110.43691296889872,1884,5,153,2,7.040188830991998
39.581720877871184,-110.11367289605565,2486,15,232,-16,5.928550143214419
39.61261636300118,-109.7899274533966,2141,5,52,8,7.040188830991998
39.64262755257749,-109.46569002825582,2035,10,270,-2,6.345071884011764
39.67175043848707,-109.14097414381472,2256,8,276,-5,6.570477324756705
39.69998112049629,-108.81579345603552,2160,21,47,34,5.5701918233974546
39.72731580771905,-108.49016175050328,2562,5,259,-1,7.040188830991998
39.75375082005037,-108.16409293917827,2158,24,161,15,5.422256431435354
39.77928258956462,-107.8376010570598,2724,1,0,12,8.607715418818213
39.80390766187746,-107.51070025876363,2965,12,18,-16,6.159167458950843
39.82762269746989,-107.1834048150147,2631,33,266,3,5.045514080099346
39.85042447297385,-106.85572910905704,2381,6,0,-9,6.858642093395692
39.87230988241803,-106.52768763298307,2834,16,347,-28,5.860997933550507
39.89327593843296,-106.19929498398444,2909,13,86,-20,6.076901183003046
39.91331977341456,-105.87056586052653,2769,4,297,-3,7.261413878822431
39.93243864064475,-105.5415150584492,2877,11,71,-12,6.248120224858334
39.95062991536879,-105.21215746699627,1741,0,0,0,11.522875795823397
39.96789109582794,-104.88250806477603,1556,2,33,9,7.941743691836643
39.98421980424681,-104.5525819156557,1581,3,24,-4,7.545104852168523
39.99961378777461,-104.22239416459249,1501,0,0,0,11.522875795823397
40.01407091937941,-103.89196003340442,1444,3,0,-5,7.545104852168523
40.02758919869459,-103.5612948164831,1347,1,0,3,8.607715418818213
40.04016675281703,-103.2304138764523,1431,2,53,-1,7.941743691836643
40.05180183705596,-102.89933263977493,1326,4,104,4,7.261413878822431
40.06249283563226,-102.56806659231144,1227,2,213,1,7.941743691836643
40.07223826232721,-102.23663127483375,1093,1,180,-3,8.607715418818213
40.08103676108042,-101.90504227849657,1023,3,53,10,7.545104852168523
40.08888710653631,-101.57331524027076,964,4,284,0,7.261413878822431
40.09578820453864,-101.2414658383417,893,1,270,-1,8.607715418818213
40.10173909257276,-100.9095097874756,872,1,90,2,8.607715418818213
40.10673894015502,-100.57746283435816,810,7,270,-2,6.70452216925573
40.1107870491692,-100.24534075290843,772,2,213,-6,7.941743691836643
40.11388285414958,-99.9131593395718,678,2,0,-1,7.941743691836643
40.11602592251033,-99.5809344085954,627,6,336,-3,6.858642093395692
40.11721595472116,-99.24868178729012,630,7,33,-5,6.70452216925573
40.11745278442898,-98.9164173112822,605,4,221,1,7.261413878822431
40.116736378525474,-98.58415681975852,576,2,147,-8,7.941743691836643
40.11506683716052,-98.25191615070912,532,4,256,6,7.261413878822431
40.11244439370156,-97.91971113617068,520,3,204,2,7.545104852168523
40.108869414638754,-97.58755759747466,484,3,204,-3,7.545104852168523
40.10434239943617,-97.25547134050343,440,2,213,7,7.941743691836643
40.09886398032912,-96.92346815095873,422,2,327,1,7.941743691836643
40.09243492206759,-96.5915637896454,377,3,249,-3,7.545104852168523
40.085056121606506,-96.25977398777452,406,3,336,1,7.545104852168523
40.07672860774241,-95.92811444228916,335,2,33,-11,7.941743691836643
40.06745354069757,-95.5966008112166,301,5,152,-1,7.040188830991998
40.05723221165119,-95.26524870905035,259,3,69,1,7.545104852168523
40.04606604221893,-94.93407370216563,297,2,180,-2,7.941743691836643
40.033956583880325,-94.60309130427142,320,2,53,4,7.941743691836643
40.02090551735518,-94.27231697190284,284,4,41,1,7.261413878822431
40.00691465192949,-93.94176609995704,256,4,90,12,7.261413878822431
39.99198592473096,-93.61145401727558,226,5,111,-3,7.040188830991998
39.976121399955325,-93.28139598227706,261,1,180,5,8.607715418818213
39.9593232680438,-92.95160717864256,265,4,270,6,7.261413878822431
39.94159384481247,-92.62210271105718,269,7,314,-7,6.70452216925573
39.922935570534285,-92.2928976010109,255,3,203,3,7.545104852168523
39.9033510089745,-91.96400678266114,225,8,127,0,6.570477324756705
39.882842846380505,-91.63544509876009,186,5,281,11,7.040188830991998
39.861413890426455,-91.30722729664964,204,13,355,-50,6.076901183003046
39.83906706911413,-90.97936802432638,214,4,221,1,7.261413878822431
39.81580542963059,-90.65188182657916,140,4,33,0,7.261413878822431
39.791632137163546,-90.32478314120168,184,2,52,5,7.941743691836643
39.76655047367579,-89.99808629528253,199,2,52,-5,7.941743691836643
39.74056383663911,-89.67180550157482,181,1,270,13,8.607715418818213
39.71367573772924,-89.34595485494748,176,3,291,2,7.545104852168523
39.68588980148268,-89.02054832892031,199,1,90,-3,8.607715418818213
39.65720976391626,-88.69559977228472,202,3,128,1,7.545104852168523
39.6276394711111,-88.3711229058119,196,2,308,4,7.941743691836643
39.59718287776138,-88.04713131904998,186,4,162,7,7.261413878822431
39.56584404568966,-87.72363846721208,215,4,213,-5,7.261413878822431
39.53362714232955,-87.40065766815643,159,2,90,0,7.941743691836643
39.50053643917706,-87.07820209945987,205,1,180,-2,8.607715418818213
39.46657631021173,-86.7562847955863,234,1,270,-2,8.607715418818213
39.4317512302887,-86.43491864515082,180,3,23,10,7.545104852168523
39.39606577350328,-86.1141163882807,268,2,308,4,7.941743691836643
39.35952461152856,-85.79389061407429,213,4,41,1,7.261413878822431
39.32213251192804,-85.4742537581582,294,5,194,-17,7.040188830991998
39.28389433644401,-85.15521810034372,311,2,52,-5,7.941743691836643
39.244815039262974,-84.83679576238316,191,5,90,12,7.040188830991998
39.20489966525974,-84.51899870582606,262,4,319,4,7.261413878822431
39.16415334822088,-84.20183872997615,271,1,180,-4,8.607715418818213
39.12258130904919,-83.88532746994885,296,1,90,2,8.607715418818213
39.08018885395027,-83.56947639482966,262,4,0,2,7.261413878822431
39.03698137260247,-83.25429680593354,240,16,9,-6,5.860997933550507
38.992964336311424,-82.93979983516473,243,21,80,3,5.5701918233974546
38.948143296150505,-82.62599644347738,231,7,213,9,6.70452216925573
38.90252388108819,-82.31289741943635,203,8,334,0,6.570477324756705
38.856111796104,-82.00051337787792,241,14,255,-5,6.000299329861114
38.80891282029364,-81.68885475866965,249,5,240,0,7.040188830991998
38.7609328049652,-81.37793182556938,316,21,344,7,5.5701918233974546
38.712177671726856,-81.06775466518216,392,14,180,-31,6.000299329861114
38.66265341056821,-80.75833318601457,325,23,153,-24,5.469880104866039
38.6123660779353,-80.44967711762547,579,30,288,-1,5.162923839635655
38.56132179480156,-80.14179600987262,1133,14,205,4,6.000299329861114
38.50952674473493,-79.83469923225373,921,8,198,0,6.570477324756705
38.45698717196302,-79.52839597334093,799,12,287,20,6.159167458950843
38.40370937943671,-79.2228952403079,767,20,329,-5,5.623264340182601
38.3496997268939,-78.918205858548,378,1,270,-4,8.607715418818213
38.29496462892418,-78.61433647138222,815,11,240,1,6.248120224858334
38.23951055303535,-78.31129553985582,161,5,111,0,7.040188830991998
38.18334401772308,-78.00909134262203,112,5,333,5,7.040188830991998
38.12647159054468,-77.70773197591136,109,1,180,4,8.607715418818213
38.068899886197855,-77.40722535358523,75,6,143,-19,6.858642093395692
38.01063556460544,-77.1075792072719,54,3,68,11,7.545104852168523
37.951685329007056,-76.80880108658366,3,1,180,2,8.607715418818213
37.892055924058745,-76.51089835941318,34,2,328,-2,7.941743691836643
37.709160721264126,-75.62251350052395,2,4,32,7,7.261413878822431
37.91215768267773,-122.60266034980762,504,12,35,-19,6.159167458950843
37.97462996265896,-122.30711607712946,84,6,108,-2,6.858642093395692
38.03644230097336,-122.01066142108154,60,18,119,-22,5.73642582948546
38.09758774073368,-121.71330314136208,6,1,270,6,8.607715418818213
38.15805935990865,-121.41504818115826,-1,2,308,6,7.941743691836643
38.21785027321841,-121.11590366774828,41,2,328,8,7.941743691836643
38.27695363404111,-120.81587691302926,225,11,220,-3,6.248120224858334
38.3353626363304,-120.514975413968,845,10,52,-2,6.345071884011764
38.39307051654232,-120.21320685297344,1859,22,9,-17,5.519132026132706
38.450070555571145,-119.91057909818892,2501,4,140,-13,7.261413878822431
38.50635608069307,-119.60710020370212,2360,15,300,-3,5.928550143214419
38.56192046751677,-119.30277840967148,2310,7,351,-5,6.70452216925573
38.61675714193989,-118.99762214236704,1505,1,0,2,8.607715418818213
38.67085958211051,-118.6916400141244,1206,0,0,0,11.522875795823397
38.72422132039259,-118.38484082321,1784,6,261,-4,6.858642093395692
38.77683594533405,-118.07723355359616,1419,2,232,-8,7.941743691836643
38.828697103637,-117.76882737464486,2005,2,147,-2,7.941743691836643
38.879798502128445,-117.45963164069836,2274,12,253,-5,6.159167458950843
38.93013390973071,-117.1496558905756,1682,2,327,1,7.941743691836643
38.97969715943038,-116.8389098469732,2619,11,100,29,6.248120224858334
39.028482150244535,-116.52740341576975,2266,4,162,-9,7.261413878822431
39.076482849183336,-116.21514668523216,2317,19,115,9,5.67858487499791
39.12369329320739,-115.9021499251236,2027,3,308,-5,7.545104852168523
39.170107591179246,-115.58842358571118,1888,3,180,-4,7.545104852168523
39.21571992580726,-115.27397829667368,1971,0,0,-7,11.522875795823397
39.260524555581085,-114.95882486590726,2110,4,90,-3,7.261413878822431
39.30451581669724,-114.6429742782298,3105,21,290,-9,5.5701918233974546
39.3476881249736,-114.32643769398216,1910,10,224,20,6.345071884011764
39.390035977751694,-114.00922644752664,1514,3,128,3,7.545104852168523
39.43155395578531,-113.69135204564184,1711,7,115,-8,6.70452216925573
39.47223672511443,-113.37282616581396,1509,4,256,9,7.261413878822431
39.51207903892291,-113.05366065442396,1757,6,99,8,6.858642093395692
39.551075739378845,-112.73386752483088,1391,3,180,3,7.545104852168523
39.589221759456336,-112.41345895535127,1460,4,270,-7,7.261413878822431
39.62651212473723,-112.09244728713482,1615,1,0,5,8.607715418818213
39.66294195519176,-111.77084502193613,2199,15,308,16,5.928550143214419
39.69850646693649,-111.44866481978382,1904,4,33,1,7.261413878822431
39.733200973968806,-111.1259194965468,2489,5,333,10,7.040188830991998
39.76702088987604,-110.8026220213983,2192,20,289,-3,5.623264340182601
39.79996172951847,-110.47878551417868,2298,18,267,28,5.73642582948546
39.83201911068472,-110.15442324265793,1911,9,164,0,6.451747248958747
39.86318875571833,-109.82954861969822,1535,13,242,6,6.076901183003046
39.89346649311431,-109.50417520031849,1636,9,114,-3,6.451747248958747
39.9228482590843,-109.17831667866136,1667,3,69,-7,7.545104852168523
39.95133009908939,-108.85198688486432,1791,12,67,-7,6.159167458950843
39.97890816933915,-108.52519978183626,2154,7,46,-12,6.70452216925573
40.00557873825576,-108.19796946194124,1889,27,345,15,5.287654659051184
40.03133818790228,-107.87031014359071,1923,0,0,3,11.522875795823397
40.056183015373456,-107.5422361677465,2438,15,53,-7,5.928550143214419
40.08010983414855,-107.2137619943359,3124,19,295,4,5.67858487499791
40.10311537540453,-106.88490219858151,2478,5,316,6,7.040188830991998
40.12519648928892,-106.55567146724736,2910,11,41,-8,6.248120224858334
40.14635014615116,-106.22608459480374,3012,5,270,0,7.040188830991998
40.16657343773131,-105.89615647951354,2523,0,0,0,11.522875795823397
40.18586357830544,-105.5659021194418,3220,9,58,11,6.451747248958747
40.20421790578637,-105.23533660839152,1593,2,327,6,7.941743691836643
40.221633882779145,-104.90447513176836,1467,8,111,7,6.570477324756705
40.23810909759015,-104.5733329623766,1444,2,233,3,7.941743691836643
40.25364126518913,-104.24192545614996,1395,3,111,2,7.545104852168523
40.26822822812324,-103.91026804781924,1345,3,127,-9,7.545104852168523
40.28186795738235,-103.57837624652072,1285,3,336,-3,7.545104852168523
40.29455855321493,-103.24626563134778,1343,3,233,-9,7.545104852168523
40.30629824589366,-102.9139518468494,1305,1,0,-1,8.607715418818213
40.317085396430215,-102.58145059847844,1200,2,327,-1,7.941743691836643
40.32691849723865,-102.24877764799328,1151,4,41,0,7.261413878822431
40.3357961727467,-101.91594880881604,1066,1,270,-2,8.607715418818213
40.34371717995444,-101.58297994135118,1031,2,307,4,7.941743691836643
40.35068040893999,-101.24988694826745,928,8,18,-6,6.570477324756705
40.35668488331171,-100.91668576974728,855,5,15,7,7.040188830991998
40.3617297606063,-100.58339237870727,826,0,0,1,11.522875795823397
40.36581433263292,-100.25002277599272,764,3,69,0,7.545104852168523
40.36893802576253,-99.9165929855508,707,1,0,-2,8.607715418818213
40.37110040116256,-99.5831190495856,692,5,345,-4,7.040188830991998
40.37230115497642,-99.24961702369892,687,4,147,0,7.261413878822431
40.372540118447965,-98.91610297202068,662,1,180,-4,8.607715418818213
40.37181725799056,-98.58259296233246,600,2,180,-9,7.941743691836643
40.37013267520091,-98.24910306118846,559,6,270,-9,6.858642093395692
40.36748660681732,-97.9156493290372,515,2,233,5,7.941743691836643
40.36387942462287,-97.58224781534814,490,2,213,4,7.941743691836643
40.35931163529324,-97.24891455374672,454,2,127,9,7.941743691836643
40.3537838801893,-96.91566555716196,406,2,307,5,7.941743691836643
40.347296935095045,-96.58251681299004,439,2,307,-14,7.941743691836643
40.33985170990057,-96.24948427827786,365,3,127,7,7.545104852168523
40.33144924823082,-95.91658387493015,318,4,243,-1,7.261413878822431
40.32209072702014,-95.58383148494404,266,1,0,-3,8.607715418818213
40.3117774560332,-95.2512429456742,312,5,291,13,7.040188830991998
40.30051087733253,-94.9188340451332,314,2,53,11,7.941743691836643
40.28829256469332,-94.58662051732917,321,1,180,8,8.607715418818213
40.275124222965886,-94.25461803764566,314,7,159,-12,6.70452216925573
40.2610076873863,-93.92284221826633,304,2,0,1,7.941743691836643
40.24594492283597,-93.591308603648,273,2,213,1,7.941743691836643
40.229938023050686,-93.26003266604552,288,8,291,-4,6.570477324756705
40.21298920977969,-92.92902980109152,312,4,284,4,7.261413878822431
40.19510083189585,-92.59831532343428,273,4,221,2,7.261413878822431
40.17627536445736,-92.26790446243676,242,2,327,2,7.941743691836643
40.156515407721855,-91.93781235793988,218,2,307,6,7.941743691836643
40.135823686113966,-91.60805405609256,190,2,213,-3,7.941743691836643
40.11420304714683,-91.27864450525207,201,2,90,1,7.941743691836643
40.09165646029887,-90.94959855195648,222,0,0,0,11.522875795823397
40.06818701584648,-90.62093093697251,187,3,156,4,7.545104852168523
40.04379792365364,-90.29265629142115,142,2,127,-1,7.941743691836643
40.01849251191977,-89.96478913298306,182,3,336,-4,7.545104852168523
39.99227422588616,-89.63734386218651,182,2,307,-5,7.941743691836643
39.96514662650293,-89.31033475877993,186,0,0,4,11.522875795823397
39.93711338905688,-88.98377597819088,200,1,180,3,8.607715418818213
39.90817830176166,-88.65768154807375,216,0,0,1,11.522875795823397
39.87834526431137,-88.33206536494788,208,2,180,0,7.941743691836643
39.84761828639871,-88.00694119092765,218,1,90,2,8.607715418818213
39.816001486198736,-87.68232265054657,196,2,213,2,7.941743691836643
39.78349908881975,-87.35822322767643,153,2,128,3,7.941743691836643
39.75011542472208,-87.03465626254321,233,14,116,6,6.000299329861114
39.71585492810629,-86.71163494884073,264,5,259,-3,7.040188830991998
39.68072213527202,-86.3891723309435,218,1,270,-1,8.607715418818213
39.64472168294845,-86.06728130121937,259,2,128,-4,7.941743691836643
39.60785830659808,-85.74597459744338,243,2,327,1,7.941743691836643
39.570136838694594,-85.42526480031307,310,3,249,-8,7.545104852168523
39.5315622069765,-85.10516433106636,294,5,291,6,7.040188830991998
39.49213943267759,-84.78568544920226,315,2,147,1,7.941743691836643
39.45187362873543,-84.46684025030497,198,1,0,2,8.607715418818213
39.41076999797953,-84.14864066397163,281,1,0,-1,8.607715418818213
39.36883383129997,-83.83109845184393,323,0,0,0,11.522875795823397
39.32607050579815,-83.51422520574381,301,2,232,-2,7.941743691836643
39.28248548292085,-83.19803234591299,215,4,41,-2,7.261413878822431
39.23808430657867,-82.88253111935633,180,2,90,-1,7.941743691836643
39.19287260125044,-82.5677325982889,286,8,352,4,6.570477324756705
39.14685607007461,-82.25364767868626,233,3,23,1,7.545104852168523
39.100040492929054,-81.94028707893762,209,14,145,-20,6.000299329861114
39.05243172450029,-81.62766133860113,311,6,270,-14,6.858642093395692
39.004035692343656,-81.31578081726124,300,21,139,4,5.5701918233974546
38.95485839493552,-81.00465569348665,292,20,232,-4,5.623264340182601
38.90490589971861,-80.69429596388856,385,2,213,-10,7.941743691836643
38.85418434114184,-80.38471144227833,494,12,174,10,6.159167458950843
38.80269991869584,-80.07591175892313,861,19,293,-13,5.67858487499791
38.75045889494519,-79.76790635989909,1169,16,135,8,5.860997933550507
38.69746759355848,-79.46070450654047,866,34,219,17,5.007651158298087
38.64373239733779,-79.15431527498352,751,18,0,35,5.73642582948546
38.58925974624795,-78.84874755580427,418,6,90,-8,6.858642093395692
38.53405613544732,-78.54401005374828,423,8,283,-17,6.570477324756705
38.4781281133208,-78.24011128755139,187,14,317,-3,6.000299329861114
38.42148227951646,-77.93705958984968,94,2,33,1,7.941743691836643
38.364125282986286,-77.63486310717742,74,4,220,3,7.261413878822431
38.30606382003262,-77.33352980005117,45,9,337,-5,6.451747248958747
38.24730463236084,-77.03306744313832,28,2,328,-7,7.941743691836643
38.12772026506953,-76.4347857509681,0,0,0,0,11.522875795823397
38.00542694932001,-75.84007652260043,5,5,207,15,7.040188830991998
37.943281717451775,-75.54407905415592,17,3,128,-5,7.545104852168523
38.14586873397105,-122.6823871108488,273,17,229,6,5.7971052477000855
38.20886544716628,-122.38607823695624,-1,3,69,-3,7.545104852168523
38.27119755824028,-122.08884814902402,20,2,32,3,7.941743691836643
38.33285802707699,-121.79070362990149,5,0,0,-1,11.522875795823397
38.39383984841568,-121.49165164940422,2,1,270,-5,8.607715418818213
38.45413605377632,-121.19169936496031,39,3,0,-6,7.545104852168523
38.51373971339658,-120.8908541221808,260,9,294,-18,6.451747248958747
38.57264393818002,-120.5891234553512,1020,5,136,19,7.040188830991998
38.63084188165453,-120.28651508784316,2119,13,321,-2,6.076901183003046
38.68832674194001,-119.98303693244388,2677,45,81,43,4.61441704723282
38.74509176372424,-119.67869709160114,2182,11,124,-10,6.248120224858334
38.80113024024646,-119.37350385758336,1449,0,0,2,11.522875795823397
38.85643551528692,-119.06746571255124,1425,4,162,-5,7.261413878822431
38.91100098516203,-118.76059132854084,1252,4,41,4,7.261413878822431
38.96482010072378,-118.45288956735556,1660,18,214,-6,5.73642582948546
39.01788636936239,-118.1443694803658,1790,21,351,-3,5.5701918233974546
39.07019335701101,-117.8350403082144,1646,6,81,5,6.858642093395692
39.12173469015176,-117.52491148042714,2562,24,136,0,5.422256431435354
39.17250405782144,-117.21399261492604,2636,32,347,28,5.083968235816121
39.22249521361606,-116.90229351744482,1742,2,270,0,7.941743691836643
39.27170197769311,-116.58982418084489,2044,2,270,1,7.941743691836643
39.32011823877019,-116.27659478433084,1914,2,327,-3,7.941743691836643
39.36773795611876,-115.96261569256444,2063,10,52,-11,6.345071884011764
39.41455516155208,-115.64789745467604,1896,2,327,2,7.941743691836643
39.46056396140583,-115.33245080317226,2168,13,350,4,6.076901183003046
39.50575853851024,-115.01628665273984,2284,23,70,-7,5.469880104866039
39.55013315415252,-114.69941609894394,2471,25,254,47,5.376102417024408
39.5936821500283,-114.38185041682122,1779,5,165,6,7.040188830991998
39.63639995018077,-114.06360105936646,2137,12,94,-5,6.159167458950843
39.67828106292619,-113.74467965591278,1445,4,0,-3,7.261413878822431
39.71932008276463,-113.4250980104048,2022,14,101,-66,6.000299329861114
39.75951169227447,-113.10486809956484,1755,18,130,-4,5.73642582948546
39.79885066398942,-112.7840020709517,1511,5,69,-4,7.040188830991998
39.837331862256654,-112.46251224091247,1802,12,225,-21,6.159167458950843
39.87495024507499,-112.14041109242712,1770,1,270,1,8.607715418818213
39.91170086591157,-111.81771127284622,1540,2,307,-4,7.941743691836643
39.94757887549566,-111.49442559152236,1975,21,6,1,5.5701918233974546
39.98257952358861,-111.17056701733551,2487,27,283,-29,5.287654659051184
40.01669816072829,-110.84614867611296,2375,19,103,9,5.67858487499791
40.04993023994688,-110.52118384794464,2063,30,336,-59,5.162923839635655
40.08227131846076,-110.19568596439458,1776,2,327,5,7.941743691836643
40.11371705933109,-109.8696686056098,1593,8,233,8,6.570477324756705
40.14426323309384,-109.543145497327,1479,1,0,-2,8.607715418818213
40.17390571935817,-109.2161305077791,1727,2,327,8,7.941743691836643
40.20264050837152,-108.88863764450252,1784,9,302,-7,6.451747248958747
40.23046370255074,-108.56068105104664,1749,2,127,2,7.941743691836643
40.25737151797748,-108.23227500358718,1873,2,270,2,7.941743691836643
40.283360285857015,-107.90343390744528,2195,6,336,3,6.858642093395692
40.308426453939184,-107.57417229351388,2335,7,169,6,6.70452216925573
40.33256658790039,-107.24450481459338,2529,13,333,-3,6.076901183003046
40.35577737268527,-106.9144462416391,2163,7,171,-8,6.70452216925573
40.37805561380737,-106.58401145992195,2670,18,90,23,5.73642582948546
40.3993982386073,-106.25321546510536,2932,5,69,10,7.040188830991998
40.41980229746759,-105.92207335924044,3305,29,87,14,5.203575778621866
40.43926496498324,-105.59060034668192,3353,22,218,-80,5.519132026132706
40.45778354108664,-105.25881172992796,2007,13,94,-27,6.076901183003046
40.47535545212652,-104.92672290538582,1459,2,307,6,7.941743691836643
40.491978251899376,-104.59434935906695,1432,1,90,4,8.607715418818213
40.50764962263283,-104.261706662214,1447,2,270,1,7.941743691836643
40.52236737592017,-103.92881046686291,1484,4,221,-3,7.261413878822431
40.53612945360484,-103.5956765013434,1391,1,180,3,8.607715418818213
40.54893392861455,-103.2623205657206,1217,1,180,2,8.607715418818213
40.560779005744266,-102.92875852718193,1332,2,307,4,7.941743691836643
40.5716630223868,-102.59500631537138,1224,2,307,4,7.941743691836643
40.58158444921123,-102.26107991767624,1130,4,33,-1,7.261413878822431
40.59054189078799,-101.92699537446818,1059,2,180,0,7.941743691836643
40.59853408616008,-101.59276877430358,997,2,147,3,7.941743691836643
40.60555990936025,-101.2584162490859,955,2,233,-4,7.941743691836643
40.61161836987333,-100.92395396919424,894,13,253,13,6.076901183003046
40.61670861304345,-100.5893981385818,817,8,26,2,6.570477324756705
40.62082992042588,-100.2547649898476,809,5,0,5,7.040188830991998
40.62398171008294,-99.92007077928632,828,5,281,-11,7.040188830991998
40.62616353682403,-99.58533178191878,737,3,180,-3,7.545104852168523
40.62737509238923,-99.250564286508,679,4,221,-1,7.261413878822431
40.62761620557645,-98.9157845905645,642,1,0,-8,8.607715418818213
40.6268868423123,-98.58100899534443,619,3,291,-7,7.545104852168523
40.625187105666,-98.24625380084495,568,1,90,-5,8.607715418818213
40.62251723580687,-97.91153530080054,529,3,233,-5,7.545104852168523
40.61887760990517,-97.5768697776841,499,1,180,-3,8.607715418818213
40.614268741976566,-97.24227349771736,441,1,0,2,8.607715418818213
40.608691282669966,-96.9077627058935,430,2,270,5,7.941743691836643
40.602146018999534,-96.5733536210172,404,4,221,-11,7.261413878822431
40.59463387402047,-96.23906243076458,350,2,147,-4,7.941743691836643
40.58615590644932,-95.90490528676828,351,5,281,4,7.040188830991998
40.57671331022895,-95.57089829973032,347,3,291,-11,7.545104852168523
40.56630741403868,-95.2370575345674,288,3,69,4,7.545104852168523
40.554939680749634,-94.90339900559178,346,4,342,-8,7.261413878822431
40.54261170682656,-94.56993867173172,358,6,120,-6,6.858642093395692
40.529325221675776,-94.23669243179506,312,9,288,2,6.451747248958747
40.51508208694042,-93.90367611977943,334,2,53,-6,7.941743691836643
40.49988429574332,-93.5709055002326,304,8,206,-7,6.570477324756705
40.48373397187841,-93.23839626366642,303,8,228,2,6.570477324756705
40.466633368951,-92.90616402202772,305,4,243,10,7.261413878822431
40.44858486946804,-92.57422430422942,289,8,307,-6,6.570477324756705
40.429590983879,-92.24259255174478,252,3,180,5,7.545104852168523
40.40965434956807,-91.91128411426835,219,6,90,-4,6.858642093395692
40.38877772979889,-91.58031424544632,163,1,270,0,8.607715418818213
40.36696401261222,-91.24969809867892,187,1,90,2,8.607715418818213
40.34421620967802,-90.91945072299838,160,1,0,6,8.607715418818213
40.320537455102425,-90.58958705902428,206,1,270,-7,8.607715418818213
40.29593100419101,-90.26012193499965,149,4,104,13,7.261413878822431
40.270400232169045,-89.93107006290963,162,7,331,-6,6.70452216925573
40.24394863286024,-89.60244603468564,169,1,180,-3,8.607715418818213
40.21657981732443,-89.2742643184968,179,5,233,11,7.040188830991998
40.18829751245593,-88.94653925513109,224,0,0,-1,11.522875795823397
40.15910555954347,-88.61928505446812,216,2,127,-3,7.941743691836643
40.12900791279266,-88.29251579204542,237,1,180,2,8.607715418818213
40.0980086378126,-87.96624540571989,202,1,90,0,8.607715418818213
40.06611191006745,-87.6404876924264,202,1,270,3,8.607715418818213
40.03332201329448,-87.31525630503475,189,4,104,5,7.261413878822431
39.99964333788954,-86.99056474930644,192,5,233,8,7.040188830991998
39.96508037926161,-86.66642638095271,281,2,90,0,7.941743691836643
39.929637736157176,-86.34285440279477,280,2,127,0,7.941743691836643
39.89332010895628,-86.0198618620275,259,4,342,9,7.261413878822431
39.85613229794105,-85.6974616475873,293,2,213,1,7.941743691836643
39.818079201538325,-85.37566648762498,325,3,232,-1,7.545104852168523
39.77916581453753,-85.05448894708437,284,4,147,-1,7.261413878822431
39.73939722628517,-84.73394142538716,352,3,291,-2,7.545104852168523
39.69877861885717,-84.41403615422448,267,11,265,15,6.248120224858334
39.65731526521056,-84.09478519545524,276,4,63,8,7.261413878822431
39.6150125273156,-83.77620043911185,317,2,232,3,7.941743691836643
39.57187585426981,-83.458293601513,300,2,0,0,7.941743691836643
39.52791078039517,-83.14107622348378,237,1,270,1,8.607715418818213
39.48312292331975,-82.8245596686826,260,4,33,6,7.261413878822431
39.43751798204525,-82.50875512203505,326,6,38,-6,6.858642093395692
39.3911017350014,-82.19367358827424,249,4,180,-9,7.261413878822431
39.3438800380889,-81.87932589058667,197,1,270,-4,8.607715418818213
39.295858822712,-81.56572266936396,179,0,0,0,11.522875795823397
39.24704409380181,-81.25287438105882,343,16,154,-20,5.860997933550507
39.19744192783197,-80.94079129714521,328,10,216,-4,6.345071884011764
39.14705847082754,-80.62948350318136,366,12,232,-7,6.159167458950843
39.09589993636873,-80.31896089797499,482,24,202,-7,5.422256431435354
39.043972603590205,-80.00923319284948,651,0,0,-11,11.522875795823397
38.99128281517759,-79.70030991101015,889,19,356,-3,5.67858487499791
38.937836975362174,-79.39220038700903,1303,3,69,-5,7.545104852168523
38.8836415479149,-79.08491376630717,731,19,289,8,5.67858487499791
38.82870305414086,-78.77845900493317,419,7,270,-2,6.70452216925573
38.77302807087549,-78.47284486923623,332,7,245,-9,6.70452216925573
38.71662322848341,-78.16807993573241,214,2,270,10,7.941743691836643
38.659495208861024,-77.86417259104256,124,4,118,2,7.261413878822431
38.60165074344405,-77.56113103192037,78,5,0,-2,7.040188830991998
38.5430966112208,-77.25896326536851,0,0,0,0,11.522875795823397
38.48383963675253,-76.95767710884168,31,2,327,4,7.941743691836643
38.423886688201314,-76.65728019053456,31,9,141,-13,6.451747248958747
38.301920547734326,-76.05918363736367,0,2,232,-4,7.941743691836643
38.23992129252899,-75.76149831633087,6,2,52,4,7.941743691836643
38.17725393278771,-75.46473086231991,8,9,42,-3,6.451747248958747
38.37942743346169,-122.76304171344464,25,3,69,1,7.545104852168523
38.442951575578284,-122.46596164186556,555,14,64,-16,6.000299329861114
38.50580645102208,-122.1679493393198,186,24,52,-11,5.422256431435354
38.56798493541259,-121.86901161108658,32,4,118,0,7.261413878822431
38.629479939212665,-121.56915545296278,4,1,90,-2,8.607715418818213
38.690284409683954,-121.268388051956,53,2,213,7,7.941743691836643
38.75039133285484,-120.96671678689904,276,15,9,-5,5.928550143214419
38.809793735500094,-120.6641492289844,896,41,130,-49,4.754325386578697
38.8684846871312,-120.3606931422167,1642,11,289,-10,6.248120224858334
38.92645730199642,-120.05635648378131,1947,11,100,-5,6.248120224858334
38.983704741089774,-119.7511474043265,1439,4,162,9,7.261413878822431
39.04022021416779,-119.44507424815798,1805,10,56,3,6.345071884011764
39.09599698177303,-119.13814555334412,1323,2,180,0,7.941743691836643
39.151028357263485,-118.8303700517292,1550,8,69,2,6.570477324756705
39.20530770884675,-118.52175666885375,1704,32,125,14,5.083968235816121
39.25882846161763,-118.2123145237802,1384,3,291,1,7.545104852168523
39.311584099598505,-117.9020529288219,1530,3,232,-1,7.545104852168523
39.363568167780905,-117.59098138917444,1945,2,52,-1,7.941743691836643
39.414774274167534,-117.27910960244732,1769,2,180,0,7.941743691836643
39.465196091813205,-116.96644745809516,2280,19,84,-11,5.67858487499791
39.51482736086361,-116.65300503674646,1917,1,180,-1,8.607715418818213
39.56366189059108,-116.33879260942943,1859,2,52,7,7.941743691836643
39.61169356142533,-116.02382063669296,1810,2,33,10,7.941743691836643
39.65891632697881,-115.7080997676224,1784,2,180,0,7.941743691836643
39.70532421606467,-115.39164083874888,1857,2,52,3,7.941743691836643
39.7509113347066,-115.07445487285074,2344,21,229,4,5.5701918233974546
39.79567186813889,-114.7565530776476,1837,1,0,2,8.607715418818213
39.83960008279556,-114.437946844385,2302,13,140,-7,6.076901183003046
39.88269032828738,-114.1186477463101,1823,2,52,4,7.941743691836643
39.92493703936504,-113.79866753703725,1626,5,44,11,7.040188830991998
39.96633473786765,-113.4780181488034,1303,3,180,-1,7.545104852168523
40.00687803465487,-113.15671169061324,1459,22,291,-9,5.519132026132706
40.04656163152144,-112.83476044627372,1378,1,180,2,8.607715418818213
40.08538032309279,-112.51217687231788,1709,3,69,-1,7.545104852168523
40.12332899870036,-112.18897359581824,1728,21,154,24,5.5701918233974546
40.16040264423521,-111.86516341209008,1368,0,0,0,11.522875795823396
40.19659634397869,-111.5407592822847,2323,32,116,-17,5.083968235816121
40.23190528240868,-111.21577433087327,2405,7,59,3,6.70452216925573
40.26632474598027,-110.89022184302196,2186,6,168,3,6.858642093395692
40.29985012487928,-110.56411526185887,1869,1,180,8,8.607715418818213
40.3324769147474,-110.23746818563376,1847,4,319,1,7.261413878822431
40.36420071837774,-109.91029436477152,1653,2,147,-3,7.941743691836643
40.395017247379336,-109.58260769882052,1695,6,233,8,6.858642093395692
40.42492232380927,-109.254422233297,1528,2,147,3,7.941743691836643
40.453911881771326,-108.92575215642704,2049,31,306,-23,5.123080734108857
40.481981968979774,-108.59661179578735,2096,7,189,3,6.70452216925573
40.50912874828687,-108.26701561484673,1828,7,115,-11,6.70452216925573
40.53534849917324,-107.9369782094098,1940,1,0,-11,8.607715418818213
40.5606376191996,-107.6065143039652,2095,10,101,-6,6.345071884011764
40.58499262541871,-107.2756387479396,2164,2,327,-3,7.941743691836643
40.60841015574651,-106.94436651186054,2099,2,147,-9,7.941743691836643
40.630886970291066,-106.61271268342944,2921,29,138,5,5.203575778621866
40.65241995263854,-106.2806924635081,2493,2,53,-3,7.941743691836643
40.67300611109468,-105.94832116202014,3441,28,104,14,5.2451216767435955
40.69264257988139,-105.61561419377098,2352,37,34,-15,4.897002021379538
40.71132662028657,-105.28258707418848,2076,20,117,-9,5.623264340182601
40.72905562176695,-104.94925541498702,1613,3,249,-4,7.545104852168523
40.74582710300264,-104.61563491975866,1604,1,180,0,8.607715418818213
40.76163871290241,-104.2817413794934,1535,2,233,3,7.941743691836643
40.77648823155911,-103.94759066803248,1512,3,180,-7,7.545104852168523
40.79037357115416,-103.61319873745776,1366,3,233,-1,7.545104852168523
40.80329277681037,-103.27858161342024,1260,0,0,0,11.522875795823397
40.81524402739248,-102.94375539041135,1151,2,33,0,7.941743691836643
40.82622563625439,-102.60873622698084,1222,2,180,2,7.941743691836643
40.836236051932886,-102.27354034090388,1150,2,127,0,7.941743691836643
40.84527385878685,-101.93818400430229,1082,2,147,-9,7.941743691836643
40.85333777758154,-101.60268353872247,1013,5,259,-2,7.040188830991998
40.86042666601736,-101.26705531017474,978,0,0,-9,11.522875795823397
40.86653951920286,-100.931315724137,942,2,147,-6,7.941743691836643
40.87167547007115,-100.59548122052772,910,6,127,11,6.858642093395692
40.87583378973976,-100.25956826865104,847,8,256,9,6.570477324756705
40.87901388781338,-99.92359336211884,761,3,291,1,7.545104852168523
40.88121531262926,-99.58757301375329,759,2,270,7,7.941743691836643
40.88243775144502,-99.25152375047418,728,2,147,2,7.941743691836643
40.88268103056882,-98.91546210817503,663,1,0,-6,8.607715418818213
40.8819451154317,-98.57940462659192,594,0,0,1,11.522875795823397
40.88023011060183,-98.24336784416928,576,1,180,1,8.607715418818213
40.87753625974112,-97.90736829292692,542,2,213,-1,7.941743691836643
40.87386394550386,-97.57142249333188,501,2,307,-2,7.941743691836643
40.86921368937725,-97.23554694917968,472,1,90,3,8.607715418818213
40.86358615146491,-96.8997581424888,385,1,90,3,8.607715418818213
40.85698213021237,-96.56407252841258,372,6,287,-6,6.858642093395692
40.84940256207565,-96.22850653017235,386,6,261,-6,6.858642093395692
40.84084852113302,-95.89307653401612,331,2,0,-1,7.941743691836643
40.831321218639765,-95.5577988842064,299,3,249,5,7.545104852168523
40.82082200252738,-95.22268987804144,352,7,47,7,6.70452216925573
40.80935235684665,-94.8877657609134,352,6,336,13,6.858642093395692
40.796913901155655,-94.55304272140778,376,4,198,-2,7.261413878822431
40.78350838985315,-94.218536886447,371,6,142,2,6.858642093395692
40.76913771145776,-93.88426431648288,286,4,327,5,7.261413878822431
40.75380388783391,-93.55024100074068,305,5,180,-10,7.040188830991998
40.737509073364855,-93.21648285251904,287,7,301,7,6.70452216925573
40.72025555407369,-92.88300570454848,290,7,191,1,6.70452216925573
40.70204574669335,-92.54982530441252,275,1,90,7,8.607715418818213
40.68288219768574,-92.21695731003445,246,2,270,10,7.941743691836643
40.662767582211785,-91.88441728523274,224,1,180,-3,8.607715418818213
40.64170470305228,-91.55222069534857,214,2,327,-2,7.941743691836643
40.61969648948141,-91.22038290294792,211,2,270,-17,7.941743691836643
40.59674599609325,-90.88891916360208,228,3,204,-5,7.545104852168523
40.57285640158241,-90.55784462174792,201,2,233,-2,7.941743691836643
40.54803100748011,-90.22717430663212,178,3,180,7,7.545104852168523
40.52227323684646,-89.89692312834066,187,2,307,2,7.941743691836643
40.49558663292001,-89.56710587391689,210,2,233,-2,7.941743691836643
40.4679748577261,-89.23773720356986,207,1,0,2,8.607715418818213
40.43944169064464,-88.90883164697556,266,4,270,-1,7.261413878822431
40.40999102693884,-88.5804035996728,263,3,204,-1,7.545104852168523
40.37962687624605,-88.25246731955603,218,1,270,6,8.607715418818213
40.34835336103171,-87.92503692346645,216,2,53,3,7.941743691836643
40.316174715008,-87.59812638388357,208,2,53,4,7.941743691836643
40.28309528151807,-87.27174952571852,160,4,139,-8,7.261413878822431
40.24911951188755,-86.94592002321059,230,1,0,-4,8.607715418818213
40.21425196374427,-86.62065139692825,265,1,270,2,8.607715418818213
40.17849729930765,-86.29595701087602,286,2,127,-2,7.941743691836643
40.141860283649,-85.97185006970804,251,1,270,1,8.607715418818213
40.10434578292432,-85.64834361604923,273,0,0,0,11.522875795823397
40.065958762580536,-85.3254505279252,321,2,327,5,7.941743691836643
40.026704285536766,-85.00318351630087,363,1,270,-1,8.607715418818213
39.98658751034205,-84.68155512272922,335,1,270,-4,8.607715418818213
39.94561368931047,-84.36057771710982,311,1,0,-5,8.607715418818213
39.90378816663562,-84.04026349555775,260,1,90,-4,8.607715418818213
39.86111637648525,-83.7206244783833,329,1,270,-3,8.607715418818213
39.81760384107761,-83.40167250818185,303,2,128,3,7.941743691836643
39.77325616874116,-83.08341924803477,248,2,90,0,7.941743691836643
39.72807905195824,-82.76587617982014,312,2,52,-6,7.941743691836643
39.68207826539499,-82.44905460263385,283,13,111,-4,6.076901183003046
39.63525966391795,-82.13296563132018,281,11,174,-4,6.248120224858334
39.587629180599286,-81.81762019511154,285,7,151,-6,6.70452216925573
39.53919282471169,-81.50302903637655,246,7,115,-1,6.70452216925573
39.48995667971425,-81.18920270947609,313,10,201,-17,6.345071884011764
39.43992690123061,-80.87615157972611,338,14,221,-1,6.000299329861114
39.38910971502077,-80.56388582246652,337,22,251,-1,5.519132026132706
39.33751141494767,-80.25241542223498,380,12,274,-1,6.159167458950843
39.28513836093974,-79.94175017204476,507,15,270,-10,5.928550143214419
39.2319969769509,-79.63189967276521,869,9,252,-4,6.451747248958747
39.1780937489189,-79.32287333260358,1052,9,252,1,6.451747248958747
39.12343522272344,-79.01468036668712,425,5,69,8,7.040188830991998
39.06802800214502,-78.70732979674361,555,22,146,3,5.519132026132706
39.011878746825815,-78.40083045087933,274,5,333,-3,7.040188830991998
38.95499417023365,-78.09519096345242,171,5,333,9,7.040188830991998
38.89738103763015,-77.79041977504028,187,8,297,-9,6.570477324756705
38.83904616404417,-77.4865251324993,93,4,139,5,7.261413878822431
38.77999641225141,-77.1835150891151,78,4,90,-6,7.261413878822431
38.72023869076165,-76.88139750484162,66,2,232,6,7.941743691836643
38.65977995181397,-76.58018004662678,37,7,10,-31,6.70452216925573
38.59862718938157,-76.27987018882371,0,0,0,0,11.522875795823397
38.536787437186646,-75.9804752136845,5,2,232,3,7.941743691836643
38.47426776672657,-75.68200221193537,18,4,75,-4,7.261413878822431
38.411075285312045,-75.38445808343091,13,3,232,-7,7.545104852168523
38.548110347672925,-123.14154300741104,340,20,187,-10,5.623264340182601
38.61283164590282,-122.84463519402358,67,14,175,21,6.000299329861114
38.67688625159658,-122.5467773093684,685,18,123,12,5.73642582948546
38.74026692220955,-122.2479759870582,402,23,147,-5,5.469880104866039
38.802966448043904,-121.94823805403276,62,4,255,-2,7.261413878822431
38.86497765422092,-121.64757053137744,10,4,270,-2,7.261413878822431
38.92629340266734,-121.34598063506417,34,2,232,8,7.941743691836643
38.98690659411469,-121.04347577661272,575,9,187,0,6.451747248958747
39.04681017011084,-120.74006356366972,1192,11,205,14,6.248120224858334
39.10599711504288,-120.43575180050428,1683,15,337,13,5.928550143214419
39.16446045817021,-120.13054848841703,1898,0,0,0,11.522875795823397
39.222193275666925,-119.82446182606176,1815,16,338,-8,5.860997933550507
39.27918869267271,-119.51750020967656,1317,3,52,8,7.545104852168523
39.33543988535087,-119.2096722332235,1287,3,111,1,7.545104852168523
39.39094008295255,-118.90098668843444,1215,3,128,0,7.545104852168523
39.44568256988639,-118.59145256476128,1201,3,111,-4,7.545104852168523
39.49966068779192,-118.28107904922912,2030,6,168,15,6.858642093395692
39.55286783761596,-117.9698755261904,2023,29,46,-35,5.203575778621866
39.60529748169101,-117.65785157697836,1563,0,0,-2,11.522875795823397
39.65694314581374,-117.3450169794589,1874,4,63,-1,7.261413878822431
39.70779842132354,-117.03138170747822,2042,6,180,-3,6.858642093395692
39.75785696717842,-116.71695593020618,1736,2,213,-5,7.941743691836643
39.807112512028695,-116.40175001137315,2211,13,180,-12,6.076901183003046
39.8555588562856,-116.0857745083994,1892,4,0,-6,7.261413878822431
39.90318987418473,-115.76904017141612,2008,5,53,-2,7.040188830991998
39.949999515842414,-115.45155794217662,2104,14,263,1,6.000299329861114
39.995981809303984,-115.13333895285734,2020,0,0,0,11.522875795823397
40.0411308625823,-114.81439452474726,2166,20,105,3,5.623264340182601
40.08544086568562,-114.49473616682532,2052,20,177,3,5.623264340182601
40.12890609263318,-114.17437557422528,1873,11,240,-19,6.248120224858334
40.17152090345703,-113.85332462658708,1705,1,90,-3,8.607715418818213
40.213279746189286,-113.531595386295,1294,6,253,2,6.858642093395692
40.25417715883257,-113.20920009660176,1307,2,0,-9,7.941743691836643
40.29420777131323,-112.88615117963845,1566,2,233,2,7.941743691836643
40.33336630741508,-112.5624612343106,1955,13,196,10,6.076901183003046
40.371647586692944,-112.23814303408028,2289,33,284,-11,5.045514080099346
40.40904652636421,-111.91320952463418,1389,4,90,1,7.261413878822431
40.445558143176974,-111.58767382143856,2132,19,18,24,5.67858487499791
40.48117755525394,-111.26154920718083,2257,3,24,12,7.545104852168523
40.51589998390986,-110.9348491290993,3051,15,0,10,5.928550143214419
40.54972075544183,-110.6075871962006,2990,41,234,-16,4.754325386578697
40.58263530289074,-110.27977717636688,2801,21,221,21,5.5701918233974546
40.61463916777257,-109.95143299335284,2509,28,351,-3,5.2451216767435955
40.645728001778245,-109.62256872367432,2598,2,147,-2,7.941743691836643
40.67589756844056,-109.29319859338922,2265,2,180,8,7.941743691836643
40.70514374476707,-108.96333697477272,2364,35,266,-4,4.970316820703456
40.73346252283753,-108.63299838288768,2107,28,158,3,5.2451216767435955
40.76085001136439,-108.30219747205244,1972,5,270,2,7.040188830991998
40.78730243721556,-107.9709490322076,2015,5,315,1,7.040188830991998
40.81281614689768,-107.63926798518344,2143,3,307,-3,7.545104852168523
40.837387607999,-107.30716938087076,2502,6,279,-10,6.858642093395692
40.86101341059053,-106.97466839329634,2713,11,49,-6,6.248120224858334
40.88369026858438,-106.6417803166065,3335,6,107,9,6.858642093395692
40.90541502104794,-106.30852056095992,2409,9,233,2,6.451747248958747
40.926184633473234,-105.97490464833356,2439,14,266,-2,6.000299329861114
40.94599619899965,-105.64094820824326,2648,7,294,-1,6.70452216925573
40.96484693958978,-105.30666697338276,2198,5,291,-13,7.040188830991998
40.98273420715674,-104.97207677518335,1875,2,214,0,7.941743691836643
40.999655484642425,-104.6371935392976,1806,5,135,9,7.040188830991998
41.01560838704541,-104.3020332810102,1626,0,0,6,11.522875795823397
41.0305906623978,-103.96661210057896,1607,2,34,15,7.941743691836643
41.044600192690325,-103.63094617850987,1511,2,180,1,7.941743691836643
41.05763499474424,-103.29505177076888,1369,7,34,1,6.70452216925573
41.06969322103017,-102.95894520393468,1305,0,0,-1,11.522875795823397
41.08077316043233,-102.62264287029564,1223,3,127,2,7.545104852168523
41.09087323895795,-102.28616122289472,1129,2,180,7,7.941743691836643
41.09999202039109,-101.94951677052622,1046,5,127,-3,7.040188830991998
41.10812820689024,-101.6127260726882,979,1,90,2,8.607715418818213
41.11528063952926,-101.27580573449436,923,3,127,-1,7.545104852168523
41.121448298781125,-100.93877240154958,879,6,336,8,6.858642093395692
41.126630304943845,-100.60164275479288,885,3,291,-1,7.545104852168523
41.13082591850872,-100.26443350531214,882,5,332,8,7.040188830991998
41.13403454046988,-99.9271613891346,880,2,0,2,7.941743691836643
41.13625571257532,-99.58984316199712,709,3,0,-5,7.545104852168523
41.13748911751919,-99.25249559410092,708,5,233,-7,7.040188830991998
41.13773457907478,-98.91513546485425,651,2,180,5,7.941743691836643
41.13699206216859,-98.57777955760793,601,0,0,4,11.522875795823397
41.13526167289493,-98.2404446543876,547,2,90,2,7.941743691836643
41.13254365847154,-97.90314753062704,509,3,111,-3,7.545104852168523
41.12883840713572,-97.56590494990684,499,2,214,1,7.941743691836643
41.12414644798153,-97.22873365870257,485,2,53,-4,7.941743691836643
41.11846845073802,-96.89165038114676,444,3,233,-4,7.545104852168523
41.1118052254886,-96.55467181380892,380,4,284,-3,7.261413878822431
41.10415772233197,-96.21781462049766,362,3,291,-3,7.545104852168523
41.09552703098486,-95.88109542708906,287,4,243,4,7.261413878822431
41.08591438032688,-95.54453081638562,343,4,270,8,7.261413878822431
41.075321137887975,-95.20813732300944,316,2,0,-6,7.941743691836643
41.06374880927893,-94.87193142833416,359,4,0,-14,7.261413878822431
41.05119903756539,-94.53592955545908,358,4,256,20,7.261413878822431
41.03767360258605,-94.20014806422964,387,10,140,-12,6.345071884011764
41.023174420215504,-93.86460324630823,339,11,300,6,6.248120224858334
41.00770354157245,-93.5293113202985,296,6,240,-2,6.858642093395692
40.99126315217421,-93.19428842692764,306,7,326,-10,6.70452216925573
40.97385557103775,-92.85955062428928,298,1,0,7,8.607715418818213
40.955483249728566,-92.5251138831516,242,2,270,7,7.941743691836643
40.93614877135806,-92.19099408233278,234,1,0,-5,8.607715418818213
40.91585484953011,-91.85720700414832,208,3,156,4,7.545104852168523
40.89460432723806,-91.52376832993248,180,2,233,2,7.941743691836643
40.872400175712855,-91.1906936356375,206,2,127,-1,7.941743691836643
40.84924549322351,-90.85799838751328,199,1,0,7,8.607715418818213
40.825143503830695,-90.52569793787067,223,3,24,-11,7.545104852168523
40.800097556094855,-90.1938075209306,193,3,69,-4,7.545104852168523
40.77411112173946,-89.86234224876239,182,3,24,-5,7.545104852168523
40.74718779427118,-89.53131710731324,140,2,233,-2,7.941743691836643
40.719331287557495,-89.20074695253135,228,1,270,-4,8.607715418818213
40.69054543436332,-88.87064650658499,227,0,0,1,11.522875795823397
40.660834184847765,-88.54103035417985,222,4,139,-2,7.261413878822431
40.63020160502221,-88.21191293897634,235,2,53,7,7.941743691836643
40.59865187517107,-87.88330856010869,203,2,307,4,7.941743691836643
40.566189288236345,-87.55523136880801,224,2,307,0,7.941743691836643
40.532818248167466,-87.22769536513046,219,2,270,-2,7.941743691836643
40.49854326823756,-86.90071439479217,191,4,256,12,7.261413878822431
40.46336896932777,-86.57430214611229,222,3,249,2,7.545104852168523
40.42730007818038,-86.24847214706519,257,0,0,1,11.522875795823397
40.39034142562296,-85.9232377624431,261,2,127,-2,7.941743691836643
40.35249794476399,-85.59861219112994,272,2,213,-1,7.941743691836643
40.31377466916207,-85.27460846348727,291,2,90,1,7.941743691836643
40.27417673096967,-84.95123943885272,306,3,111,2,7.545104852168523
40.23370935905296,-84.62851780315191,311,1,270,-3,8.607715418818213
40.192377877089015,-84.3064560666239,303,4,342,1,7.261413878822431
40.15018770164201,-83.98506656166049,369,1,270,-4,8.607715418818213
40.10714434021945,-83.66436144075959,362,7,245,10,6.70452216925573
40.06325338931013,-83.34435267459276,296,2,127,-6,7.941743691836643
40.01852053240505,-83.02505205018656,225,0,0,-3,11.522875795823397
39.97295153800273,-82.7064711692177,327,1,90,-9,8.607715418818213
39.926552257600136,-82.38862144642167,280,10,241,2,6.345071884011764
39.87932862367089,-82.07151410811417,218,0,0,1,11.522875795823397
39.83128664763179,-81.75516019082511,335,3,249,2,7.545104852168523
39.78243241779927,-81.43957054004417,324,10,265,-1,6.345071884011764
39.732772097336856,-81.1247558090773,265,21,47,-5,5.5701918233974546
39.68231192219511,-80.81072645801342,369,14,106,-2,6.000299329861114
39.63105819904536,-80.49749275280003,417,18,319,0,5.73642582948546
39.57901730320841,-80.18506476442681,392,21,248,-25,5.5701918233974546
39.52619567657964,-79.87345236821625,632,9,165,4,6.451747248958747
39.47259982555149,-79.56266524321958,790,4,243,2,7.261413878822431
39.41823631893495,-79.25271287171707,896,5,195,-1,7.040188830991998
39.3631117858808,-78.94360453882118,371,11,25,-19,6.248120224858334
39.30723291380228,-78.63534933218085,449,8,352,1,6.570477324756705
39.250606446299805,-78.32795614178573,270,12,342,-10,6.159167458950843
39.19323918108957,-78.02143365986834,182,2,327,2,7.941743691836643
39.13513796793632,-77.71579038090255,169,3,111,-2,7.545104852168523
39.076309706592106,-77.41103460169704,60,5,180,3,7.040188830991998
39.01676134474188,-77.10717442158105,104,6,157,12,6.858642093395692
38.95649987595658,-76.80421774268136,46,1,0,8,8.607715418818213
38.7715074092653,-75.90084478480112,15,1,270,-6,8.607715418818213
38.708464295058114,-75.60157720260307,18,2,90,-4,7.941743691836643
38.6447436590999,-75.30324969002541,11,2,128,-3,7.941743691836643
38.78081977950311,-123.22485962065537,387,17,303,-39,5.7971052477000855
38.84607920109504,-122.9271787779444,593,12,174,2,6.159167458950843
38.91066734445969,-122.62853644674958,444,4,18,7,7.261413878822431
38.974576880731625,-122.32893927787168,539,21,234,5,5.5701918233974546
39.03780051382477,-122.02839411909213,17,2,52,-5,7.941743691836643
39.10033098243554,-121.72690801604352,12,1,0,2,8.607715418818213
39.16216106206043,-121.4244882130007,52,2,270,6,7.941743691836643
39.22328356702725,-121.12114215359064,701,4,76,-5,7.261413878822431
39.28369135253936,-120.8168774814186,1353,9,16,15,6.451747248958747
39.34337731673129,-120.51170204060826,2221,14,199,4,6.000299329861114
39.40233440273571,-120.20562387625408,1849,13,106,-11,6.076901183003046
39.46055560075987,-119.89865123478356,2117,20,353,1,5.623264340182601
39.51803395017107,-119.59079256422726,1496,11,284,-6,6.248120224858334
39.57476254158997,-119.28205651439492,1372,5,90,-1,7.040188830991998
39.6307345189904,-118.97245193695537,1227,2,232,5,7.941743691836643
39.68594308180498,-118.66198788541844,1184,3,23,-5,7.545104852168523
39.740381487035165,-118.35067361501764,1189,2,213,-11,7.941743691836643
39.7940430513645,-118.03851858249044,1038,6,308,-13,6.858642093395692
39.84692115327417,-117.72553244575612,1340,13,258,-1,6.076901183003046
39.89900923515947,-117.41172506348856,1569,9,327,5,6.451747248958747
39.95030080544583,-117.0971064945823,1757,12,38,2,6.159167458950843
40.00078944070357,-116.78168699751156,1886,6,120,5,6.858642093395692
40.05046878775951,-116.46547702957912,1850,5,15,-4,7.040188830991998
40.09933256580491,-116.14848724605557,1899,10,275,9,6.345071884011764
40.14737456849758,-115.83072849920624,1818,7,83,-2,6.70452216925573
40.19458866605756,-115.512211837206,2313,31,58,-31,5.123080734108857
40.24096880735469,-115.19294850293954,2268,23,295,6,5.469880104866039
40.28650902198656,-114.87294993268772,2291,18,139,10,5.73642582948546
40.3312034223459,-114.55222775469804,2293,19,101,3,5.67858487499791
40.375046205675744,-114.2307937876391,1882,4,76,10,7.261413878822431
40.41803165611088,-113.90866003893863,1298,5,53,-3,7.040188830991998
40.460154146704575,-113.58583870300409,1292,3,249,-12,7.545104852168523
40.50140814143848,-113.26234215932593,1296,1,0,5,8.607715418818213
40.54178819721545,-112.93818297046356,1699,6,73,-8,6.858642093395692
40.58128896583229,-112.61337387991306,2456,23,211,15,5.469880104866039
40.61990519593253,-112.28792780985778,1338,2,327,-7,7.941743691836643
40.65763173493672,-111.96185785880118,1348,6,0,-8,6.858642093395692
40.69446353094939,-111.63517729908268,2659,22,35,8,5.519132026132706
40.73039563464104,-111.30789957427676,1999,5,208,1,7.040188830991998
40.76542320110369,-110.98003829647612,2684,16,48,-13,5.860997933550507
40.799541491678816,-110.65160724345915,3470,43,297,21,4.684202218998131
40.832745875755926,-110.32262035574348,3451,8,334,0,6.570477324756705
40.86503183254069,-109.99309173352532,3039,8,18,-1,6.570477324756705
40.89639495279096,-109.6630356335071,2208,23,300,12,5.469880104866039
40.92683094051952,-109.33246646561368,2138,5,165,-6,7.040188830991998
40.956335614662095,-109.00139878959898,2558,9,43,-2,6.451747248958747
40.98490491070933,-108.6698473115446,2090,1,270,-9,8.607715418818213
41.01253488230125,-108.33782688025217,2065,5,101,-4,7.040188830991998
41.039221702783074,-108.0053524835307,1987,7,189,-6,6.70452216925573
41.0649616667212,-107.67243924438216,1981,3,156,-2,7.545104852168523
41.0897511913776,-107.33910241708595,2128,12,12,-11,6.159167458950843
41.11358681814203,-107.00535738318548,3172,7,169,6,6.70452216925573
41.13646521392037,-106.671219647379,2472,10,106,-10,6.345071884011764
41.15838317247802,-106.33670483331704,2870,3,249,-3,7.545104852168523
41.179337615737495,-106.0018286793094,2391,15,111,-13,5.928550143214419
41.19932559502869,-105.6666070339441,2213,3,249,5,7.545104852168523
41.21834429229085,-105.33105585162151,2431,14,185,-6,6.000299329861114
41.23639102122538,-104.99519118800664,2015,3,307,-2,7.545104852168523
41.253463228398445,-104.6590291954023,1823,1,90,2,8.607715418818213
41.26955849429199,-104.32258611804724,1684,3,233,-3,7.545104852168523
41.284674534302894,-103.98587828734166,1588,2,146,1,7.941743691836643
41.29880919968882,-103.6489221170042,1485,1,0,4,8.607715418818213
41.31196047846039,-103.3117340981638,1394,2,307,-5,7.941743691836643
41.32412649621821,-102.97433079439,1303,2,53,7,7.941743691836643
41.335305516934994,-102.6367288366655,1209,5,53,-2,7.040188830991998
41.34549594368094,-102.2989449183049,1040,2,53,1,7.941743691836643
41.35469631929263,-101.9609957898233,1093,3,233,-1,7.545104852168523
41.36290532698443,-101.62289825375912,1080,1,270,-1,8.607715418818213
41.37012179090176,-101.28466915945477,1020,4,318,3,7.261413878822431
41.37634467661599,-100.94632539779955,966,3,233,-6,7.545104852168523
41.38157309156029,-100.6078838959392,934,2,326,-6,7.941743691836643
41.38580628540619,-100.26936161195547,879,2,34,-1,7.941743691836643
41.38904365038043,-99.93077552952128,835,2,214,-2,7.941743691836643
41.39128472152176,-99.59214265253443,745,2,326,0,7.941743691836643
41.39252917687757,-99.2534799997353,705,3,204,5,7.545104852168523
41.39277683764009,-98.91480459931222,664,5,165,-5,7.040188830991998
41.39202766822207,-98.57613348349918,612,6,99,-11,6.858642093395692
41.39028177627179,-98.23748368317035,597,3,111,-1,7.545104852168523
41.38753941262764,-97.8988722224356,492,3,307,-10,7.545104852168523
41.38380097121173,-97.56031611324154,472,1,90,-2,8.607715418818213
41.37906698886357,-97.2218323499825,425,1,0,2,8.607715418818213
41.37333814511294,-96.88343790412584,457,2,53,-2,7.941743691836643
41.366615261892846,-96.54514971885575,406,3,111,2,7.545104852168523
41.35889930319275,-96.2069847037404,383,2,53,-4,7.941743691836643
41.35019137465196,-95.86895972942574,335,13,69,8,6.076901183003046
41.34049272309414,-95.5310916223616,368,5,28,4,7.040188830991998
41.3298047360029,-95.19339715956288,392,5,127,8,7.040188830991998
41.31812894093922,-94.85589306341105,388,6,119,2,6.858642093395692
41.30546700490116,-94.51859599649936,403,1,180,8,8.607715418818213
41.291820733626295,-94.18152255652628,344,10,131,1,6.345071884011764
41.27719207083791,-93.84468927124075,273,2,146,-4,7.941743691836643
41.26158309743494,-93.50811259344349,256,1,90,13,8.607715418818213
41.24499603062724,-93.17180889604748,262,5,259,-1,7.040188830991998
41.22743322301629,-92.8357944672025,249,2,233,9,7.941743691836643
41.20889716162242,-92.50008550548591,248,4,256,-4,7.261413878822431
41.18939046685938,-92.1646981151644,243,2,214,-3,7.941743691836643
41.168915891457296,-91.82964830152936,224,3,127,0,7.545104852168523
41.14747631933477,-91.49495196630951,209,2,180,-9,7.941743691836643
41.1250747644211,-91.16062490316402,175,4,138,-6,7.261413878822431
41.10171436942984,-90.82668279325884,193,0,0,-2,11.522875795823397
41.07739840458469,-90.49314120092971,226,1,0,-4,8.607715418818213
41.05213026629874,-90.1600155694342,236,4,90,-2,7.261413878822431
41.025913475808174,-89.8273212167959,212,2,90,0,7.941743691836643
40.99875167776186,-89.495073331743,198,1,180,-5,8.607715418818213
40.97064863876763,-89.16328696974404,223,2,146,-7,7.941743691836643
40.9416082458969,-88.83197704914278,193,1,90,-1,8.607715418818213
40.91163450514847,-88.50115834739476,211,1,90,-1,8.607715418818213
40.88073153987308,-88.17084549740734,200,1,270,6,8.607715418818213
40.84890358915993,-87.84105298398515,192,6,53,1,6.858642093395692
40.81615500618637,-87.51179514038299,206,10,303,-10,6.345071884011764
40.78249025653224,-87.18308614496725,225,1,90,-2,8.607715418818213
40.74791391646037,-86.85494001798818,210,1,0,-1,8.607715418818213
40.712430671164014,-86.52737061846344,171,3,336,-4,7.545104852168523
40.676045312983256,-86.20039164117483,234,1,180,11,8.607715418818213
40.63876273959165,-85.874016613779,248,2,147,0,7.941743691836643
40.60058795215408,-85.5482588940331,262,5,90,-9,7.040188830991998
40.561526053457726,-85.22313166713609,275,4,327,-1,7.261413878822431
40.52158224601742,-84.89864794318656,267,2,53,-6,7.941743691836643
40.480761830156695,-84.57482055475744,271,1,270,-2,8.607715418818213
40.43907020206602,-84.25166215458792,296,1,0,2,8.607715418818213
40.39651285183982,-83.92918521339311,306,3,291,-12,7.545104852168523
40.35309536149338,-83.60740201779117,392,2,90,0,7.941743691836643
40.30882340296137,-83.28632466834829,288,3,127,2,7.545104852168523
40.263702736079225,-82.965965077741,283,1,0,1,8.607715418818213
40.21773920654884,-82.64633496903605,360,2,147,-2,7.941743691836643
40.170938743890005,-82.32744587408688,338,1,180,-13,8.607715418818213
40.12330735937905,-82.00930913204661,219,2,53,-4,7.941743691836643
40.07485114397585,-81.69193588799693,309,2,33,0,7.941743691836643
40.02557626624087,-81.37533709169183,296,16,318,-3,5.860997933550507
39.9754889702434,-81.05952349641561,373,11,348,6,6.248120224858334
39.92459557346245,-80.74450565795433,213,3,69,-7,7.545104852168523
39.87290246468158,-80.4302939336792,342,17,315,5,5.7971052477000855
39.82041610187882,-80.11689848174126,343,20,350,15,5.623264340182601
39.767143010113486,-79.80432926037585,336,3,0,-2,7.545104852168523
39.713089779410566,-79.49259602731566,681,4,162,-2,7.261413878822431
39.65826306264419,-79.1817083393106,679,6,142,2,6.858642093395692
39.60266957342172,-78.87167555175371,511,10,57,4,6.345071884011764
39.546316083969,-78.5625068184107,229,22,129,-4,5.519132026132706
39.48920942301868,-78.25421109125206,280,9,66,16,6.451747248958747
39.43135647370215,-77.94679712038578,146,3,23,-3,7.545104852168523
39.372764171446825,-77.64027345408883,182,6,279,-10,6.858642093395692
39.3134395018794,-77.33464843893573,103,2,308,1,7.941743691836643
39.25338949873635,-77.02993022002215,167,2,90,1,7.941743691836643
39.19262124178287,-76.72612674128165,33,4,63,2,7.261413878822431
39.06895850322892,-76.12129477677894,12,5,207,4,7.040188830991998
39.0060783927094,-75.82028117718623,13,1,180,4,8.607715418818213
38.94250876645356,-75.52021209135765,12,5,270,1,7.040188830991998
38.946898151387856,-123.60662496720772,488,32,307,-14,5.083968235816121
39.0133672318741,-123.30914420965512,557,14,277,-11,6.000299329861114
39.07916789311968,-123.01068388302345,565,34,242,11,5.007651158298087
39.14429268818263,-122.71125045464603,940,8,270,13,6.570477324756705
39.208734200801295,-122.41085059156411,522,29,333,-44,5.203575778621866
39.27248504741253,-122.10949116152996,16,5,291,8,7.040188830991998
39.335537879185935,-121.80717923393156,21,3,69,0,7.545104852168523
39.39788538407336,-121.50392208063654,76,4,270,3,7.261413878822431
39.45952028887263,-121.1997271767528,902,12,210,-4,6.159167458950843
39.520435361304735,-120.8946022013034,1186,30,31,-3,5.162923839635655
39.58062341210322,-120.58855503781407,1951,38,130,51,4.860913441019714
39.640077297115205,-120.2815937748106,1697,2,213,6,7.941743691836643
39.69878991941275,-119.97372670622364,1551,1,180,2,8.607715418818213
39.75675423141356,-119.66496233169994,1524,16,184,-7,5.860997933550507
39.81396323701009,-119.35530935681656,1207,7,20,-7,6.70452216925573
39.87040999370574,-119.04477669319694,1293,1,0,4,8.607715418818213
39.92608761475717,-118.73337345852649,1187,4,76,13,7.261413878822431
39.9809892713216,-118.42110897646572,1202,3,336,-3,7.545104852168523
40.03510819460784,-118.10799277645958,1293,2,307,5,7.941743691836643
40.08843767802977,-117.7940345934403,1294,8,111,-10,6.570477324756705
40.14097107936121,-117.4792443674231,1541,7,191,5,6.70452216925573
40.19270182289095,-117.1636322429922,1532,5,224,3,7.040188830991998
40.24362340157629,-116.84720856867632,1961,17,218,-1,5.7971052477000855
40.29372937919435,-116.52998389621185,1446,3,53,7,7.545104852168523
40.34301339248938,-116.2119689796921,1782,3,156,-2,7.545104852168523
40.39146915331495,-115.89317477460224,1949,6,12,-1,6.858642093395692
40.439090450769626,-115.57361243673748,2114,25,204,4,5.376102417024408
40.48587115332463,-115.2532933210048,1820,1,90,-5,8.607715418818213
40.53180521094242,-114.93222898010616,1906,2,233,-9,7.941743691836643
40.57688665718437,-114.61043116310304,1974,12,274,29,6.159167458950843
40.62110961130633,-114.28791181386104,2222,20,212,-15,5.623264340182601
40.66446828034086,-113.96468306937474,1287,1,90,3,8.607715418818213
40.70695696116424,-113.64075725797144,1289,17,352,18,5.7971052477000855
40.74857004254704,-113.31614689739376,1290,4,76,-3,7.261413878822431
40.78930200718698,-112.99086469276124,1396,2,180,4,7.941743691836643
40.82914743372231,-112.66492353441024,1282,0,0,0,11.522875795823397
40.86810099872434,-112.33833649561252,1282,0,0,0,11.522875795823397
40.9061574786677,-112.0111168301725,1282,0,0,0,11.522875795823397
40.94331175187692,-111.68327796990378,1796,17,46,-13,5.7971052477000855
40.97955880044763,-111.35483352198494,1996,27,75,24,5.287654659051184
41.0148937121412,-111.02579726619553,2152,7,133,5,6.70452216925573
41.04931168225116,-110.6961831520327,2615,8,76,0,6.570477324756705
41.08280801544003,-110.36600529570995,2594,7,270,3,6.70452216925573
41.11537812754516,-110.03527797703796,2461,10,242,1,6.345071884011764
41.14701754735193,-109.70401563618962,2096,6,0,0,6.858642093395692
41.177721918333305,-109.37223287035032,2324,0,0,-7,11.522875795823397
41.20748700035386,-109.03994443025444,2436,24,338,22,5.422256431435354
41.23630867133712,-108.70716521661048,2328,4,34,2,7.261413878822431
41.26418292889512,-108.37391027641574,2086,2,214,0,7.941743691836643
41.29110589191819,-108.04019479916316,2100,4,284,-9,7.261413878822431
41.31707380212424,-107.70603411294192,2040,6,270,-7,6.858642093395692
41.34208302556591,-107.3714436804338,2255,5,165,-15,7.040188830991998
41.36613005409442,-107.03643909480851,2313,1,0,2,8.607715418818213
41.38921150677889,-106.70103607551924,2178,9,307,16,6.451747248958747
41.411324131279855,-106.3652504640019,3027,5,281,1,7.040188830991998
41.43246480517571,-106.02909821928058,2377,6,167,-5,6.858642093395692
41.452630537241255,-105.69259541348184,2163,3,111,1,7.545104852168523
41.47181846867681,-105.35575822726103,2341,4,198,-2,7.261413878822431
41.49002587428705,-105.01860294514395,1969,9,224,7,6.451747248958747
41.50725016360849,-104.68114595078652,1738,7,66,-4,6.70452216925573
41.52348888198468,-104.34340372215637,1530,6,119,-12,6.858642093395692
41.53873971158795,-104.00539282663964,1515,2,0,12,7.941743691836643
41.55300047238695,-103.6671299160765,1384,2,0,-6,7.941743691836643
41.56626912305909,-103.32863172172914,1224,3,233,0,7.545104852168523
41.578543761847136,-102.989915049186,1153,0,0,-4,11.522875795823397
41.58982262735888,-102.65099677320616,1222,3,307,2,7.545104852168523
41.60010409930956,-102.31189383250774,1131,5,259,12,7.040188830991998
41.60938669920606,-101.97262322450467,1135,1,0,-7,8.607715418818213
41.61766909097242,-101.63320199999568,1118,4,116,8,7.261413878822431
41.62495008151593,-101.29364725780952,1061,3,180,-5,7.545104852168523
41.63122862123349,-100.95397613941148,1006,1,180,-1,8.607715418818213
41.63650380445756,-100.61420582347458,932,10,202,-4,6.345071884011764
41.64077486984153,-100.2743535204206,880,5,315,-22,7.040188830991998
41.64404120068376,-99.93443646693471,829,3,180,1,7.545104852168523
41.64630232519056,-99.59447192045891,735,1,0,6,8.607715418818213
41.64755791667721,-99.25447715366803,741,1,90,6,8.607715418818213
41.64780779370743,-98.91446944893346,630,3,290,3,7.545104852168523
41.64705192017081,-98.57446609277866,680,2,0,5,7.941743691836643
41.64529040529817,-98.23448437033156,590,3,24,-5,7.545104852168523
41.64252350361495,-97.8945415597777,524,1,180,-1,8.607715418818213
41.63875161483266,-97.55465492681954,519,1,0,-3,8.607715418818213
41.63397528367834,-97.2148417191456,499,2,270,1,7.941743691836643
41.62819519966232,-96.87511916091485,441,5,225,2,7.040188830991998
41.62141219678465,-96.53550444726004,376,4,180,1,7.261413878822431
41.61362725317987,-96.19601473881532,359,6,107,-7,6.858642093395692
41.60484149070141,-95.85666715627166,361,5,70,1,7.040188830991998
41.595056174445006,-95.51747877496535,405,3,127,-3,7.545104852168523
41.58427271221235,-95.17846661950344,388,4,90,-4,7.261413878822431
41.57249265391492,-94.83964765843056,412,7,169,2,6.70452216925573
41.55971769091889,-94.50103879894122,371,3,111,-11,7.545104852168523
41.54594965533167,-94.16265688164226,334,7,330,-5,6.70452216925573
41.531190519230414,-93.82451867536876,254,6,347,2,6.858642093395692
41.51544239383383,-93.48664087205805,226,6,0,22,6.858642093395692
41.49870752861716,-93.14904008168568,260,1,0,13,8.607715418818213
41.480988310372126,-92.8117328272668,251,4,42,10,7.261413878822431
41.4622872622118,-92.47473553992717,264,1,90,-6,8.607715418818213
41.44260704252201,-92.13806455404688,257,2,233,-8,7.941743691836643
41.42195044385968,-91.80173610248126,240,2,90,1,7.941743691836643
41.40032039179936,-91.46576631186096,205,6,81,-9,6.858642093395692
41.3777199437289,-91.13017119797604,164,3,24,3,7.545104852168523
41.35415228759547,-90.79496666124614,211,4,146,3,7.261413878822431
41.32962074060269,-90.46016848228018,238,2,127,11,7.941743691836643
41.3041287478603,-90.12579231752868,240,3,233,1,7.545104852168523
41.27767988098761,-89.79185369503126,241,4,198,0,7.261413878822431
41.250277836671486,-89.45836801026189,191,4,180,6,7.261413878822431
41.22192643518055,-89.12535052207478,204,2,127,9,7.941743691836643
41.19262961883681,-88.79281634875302,193,2,146,6,7.941743691836643
41.162391450445696,-88.46078046416231,190,5,225,-7,7.040188830991998
41.13121611168611,-88.12925769401174,186,2,233,-5,7.941743691836643
41.09910790146179,-87.79826271222386,189,2,180,6,7.941743691836643
41.06607123421528,-87.46781003741567,204,1,90,-5,8.607715418818213
41.03211063820579,-87.13791402949217,207,3,249,-3,7.545104852168523
40.997230753752646,-86.80858888635404,212,3,69,-5,7.545104852168523
40.961436331445405,-86.47984864072106,225,2,127,3,7.941743691836643
40.92473223032231,-86.15170715707187,256,7,221,8,6.70452216925573
40.88712341601833,-85.82417812870207,239,1,0,1,8.607715418818213
40.84861495888446,-85.4972750749007,247,2,147,-2,7.941743691836643
40.809212032079394,-85.17101133824653,259,1,90,-1,8.607715418818213
40.76891990963547,-84.84540008202445,246,3,24,-3,7.545104852168523
40.72774396450002,-84.52045428776269,246,2,180,1,7.941743691836643
40.6856896665536,-84.19618675289115,258,2,307,5,7.941743691836643
40.642762580606906,-83.87261008852093,315,1,0,3,8.607715418818213
40.59896836437733,-83.54973671734554,299,4,213,2,7.261413878822431
40.554312766447055,-83.22757887166328,277,2,180,-3,7.941743691836643
40.5088016242041,-82.906148591521,305,3,249,1,7.545104852168523
40.462440861767234,-82.5854577229787,330,2,53,-10,7.941743691836643
40.415236487897126,-82.2655179164947,300,1,270,7,8.607715418818213
40.367194593894354,-81.94634062543066,285,21,143,-9,5.5701918233974546
40.31832135148615,-81.62793710467609,313,6,180,-1,6.858642093395692
40.26862301070296,-81.31031840939107,289,14,67,1,6.000299329861114
40.218105897746696,-80.9934953938668,372,8,264,-6,6.570477324756705
40.16677641285161,-80.67747871050267,330,9,336,-10,6.451747248958747
40.11464102813923,-80.36227880889885,321,5,127,7,7.040188830991998
40.06170628546901,-80.04790593506303,397,6,156,-3,6.858642093395692
40.007978794285705,-79.73437013073024,421,12,31,-14,6.159167458950843
39.9534652294648,-79.42168123279419,546,11,233,10,6.248120224858334
39.89817232915767,-79.10984887284859,687,8,217,-15,6.570477324756705
39.84210689263693,-78.79888247683704,491,7,331,-17,6.70452216925573
39.78527577814423,-78.48879126480965,380,3,291,16,7.545104852168523
39.727685900740966,-78.17958425078484,172,2,232,5,7.941743691836643
39.669344230163226,-77.87127024271419,161,11,256,21,6.248120224858334
39.61025778868254,-77.56385784254886,391,4,63,-8,7.261413878822431
39.55043364897299,-77.25735544640533,155,7,284,-9,6.70452216925573
39.48987893198631,-76.95177124482868,215,1,180,0,8.607715418818213
39.4286008048356,-76.647113223151,116,3,249,-2,7.545104852168523
39.303903206675365,-76.04060663755841,20,3,157,6,7.545104852168523
39.24049828179877,-75.73877302276254,18,2,327,-2,7.941743691836643
39.17639903487004,-75.43789548745393,5,4,18,-3,7.261413878822431
39.04614707480357,-74.83903632544954,8,4,342,-3,7.261413878822431
39.1787324440878,-123.69266328499948,65,7,256,-23,6.70452216925573
39.24575042222163,-123.3944084008408,481,30,174,66,5.162923839635655
39.31209547955341,-123.09516212313493,298,4,198,3,7.261413878822431
39.37776008077768,-122.79493093070106,1515,21,171,5,5.5701918233974546
39.442736721143255,-122.49372150581706,330,1,270,-3,8.607715418818213
39.507017928502606,-122.19154073528088,36,0,0,2,11.522875795823397
39.570596265377816,-121.88839571139188,31,1,270,-5,8.607715418818213
39.63346433104233,-121.58429373284946,140,8,323,-8,6.570477324756705
39.69561476361778,-121.27924230556684,786,34,105,-31,5.007651158298087
39.75704024218469,-120.97324914339733,1677,15,111,10,5.928550143214419
39.81773348890622,-120.66632216877098,1310,4,0,-17,7.261413878822431
39.877687271163936,-120.3584695132392,1930,15,111,-7,5.928550143214419
39.93689440370462,-120.0496995179249,1537,27,316,27,5.287654659051184
39.99534775079694,-119.74002073387612,2469,10,106,1,6.345071884011764
40.05304022839695,-119.42944192232092,1789,35,90,-26,4.970316820703456
40.10996480632147,-119.11797205482152,1869,4,319,8,7.261413878822431
40.16611451042784,-118.8056203133251,1427,5,28,0,7.040188830991998
40.22148242479917,-118.49239609011012,1221,5,53,0,7.040188830991998
40.276061693933805,-118.1783089876254,1763,6,218,12,6.858642093395692
40.32984552493773,-117.86336881822037,1355,1,0,4,8.607715418818213
40.38282718971863,-117.5475856037652,2116,30,301,17,5.162923839635655
40.43500002718046,-117.2309695751581,1440,14,310,7,6.000299329861114
40.48635744541708,-116.91353117171909,1455,7,301,8,6.70452216925573
40.53689292390369,-116.59528104046828,1667,10,219,7,6.345071884011764
40.58660001568477,-116.27623003528711,1552,10,259,2,6.345071884011764
40.635472349556906,-115.9563892159616,1946,20,85,-1,5.623264340182601
40.68350363224558,-115.635769847106,1674,1,180,14,8.607715418818213
40.73068765057397,-115.31438339696592,2449,6,270,23,6.858642093395692
40.77701827362269,-114.9922415360999,1712,5,135,-4,7.040188830991998
40.82248945487904,-114.66935613593834,1709,3,291,3,7.545104852168523
40.86709523437399,-114.3457392672194,2110,27,254,20,5.287654659051184
40.91082974080585,-114.02140319830052,1304,4,297,5,7.261413878822431
40.95368719364882,-113.696360393346,1391,11,146,3,6.248120224858334
40.99566190524503,-113.37062351038928,1367,26,342,11,5.331277149398757
41.03674828287879,-113.04420539927004,1409,3,336,1,7.545104852168523
41.07694083083104,-112.71711909944634,1282,0,0,0,11.522875795823397
41.11623415241317,-112.38937783768104,1282,0,0,0,11.522875795823397
41.15462295197801,-112.06099502560332,1319,1,270,2,8.607715418818213
41.19210203690701,-111.73198425714516,1850,14,160,-2,6.000299329861114
41.22866631957183,-111.4023593058533,2247,17,172,6,5.7971052477000855
41.26431081926894,-111.07213412207756,2074,10,211,11,6.345071884011764
41.29903066412562,-110.74132283003566,2124,7,90,22,6.70452216925573
41.33282109297602,-110.40993972475594,2053,5,152,-9,7.040188830991998
41.36567745720566,-110.07799926889878,2173,3,249,-2,7.545104852168523
41.39759522256298,-109.74551608945777,1890,3,111,-11,7.545104852168523
41.42856997093637,-109.41250497434224,1844,3,249,1,7.545104852168523
41.45859740209544,-109.0789808688425,2477,20,125,8,5.623264340182601
41.48767333539486,-108.74495887197928,2152,6,99,1,6.858642093395692
41.51579371143945,-108.4104542327394,2208,3,307,-9,7.545104852168523
41.54295459370923,-108.07548234619934,2093,5,53,5,7.040188830991998
41.569152170143006,-107.7400587495392,2175,4,222,-1,7.261413878822431
41.59438275467883,-107.4041991179488,2512,10,194,-11,6.345071884011764
41.61864278875079,-107.06791926042864,2188,18,341,-7,5.73642582948546
41.64192884273988,-106.73123511548808,2083,2,127,-3,7.941743691836643
41.66423761737844,-106.3941627467436,2273,2,307,3,7.941743691836643
41.68556594510661,-106.05671833841969,2168,0,0,1,11.522875795823397
41.70591079137975,-105.71891819075556,2135,1,180,-4,8.607715418818213
41.72526925592534,-105.38077871532072,2074,6,156,1,6.858642093395692
41.7436385739487,-105.0423164302424,1802,8,188,8,6.570477324756705
41.761016117286346,-104.70354795534854,1659,2,53,4,7.941743691836643
41.77739939550556,-104.3644900072296,1365,2,90,0,7.941743691836643
41.79278605694968,-104.02515939422278,1313,2,53,-3,7.941743691836643
41.80717388972789,-103.6855730113224,1232,2,180,-9,7.941743691836643
41.82056082264868,-103.34574783502028,1204,2,180,-1,7.941743691836643
41.83294492609617,-103.00570091808008,1277,3,180,-5,7.545104852168523
41.84432441284832,-102.66544938424931,1195,1,90,15,8.607715418818213
41.85469763883659,-102.32501042291386,1202,1,90,5,8.607715418818213
41.86406310384592,-101.98440128369818,1174,2,180,-4,7.941743691836643
41.87241945215486,-101.64363927101644,1148,6,167,8,6.858642093395692
41.879765473114816,-101.30274173857832,1065,4,19,3,7.261413878822431
41.88610010166823,-100.96172608385436,970,0,0,1,11.522875795823397
41.891422418804936,-100.62060974250493,913,2,180,0,7.941743691836643
41.8957316519564,-100.2794101827775,837,4,318,-3,7.261413878822431
41.89902717532762,-99.93814489987724,816,2,214,6,7.941743691836643
41.9013085101659,-99.59683141031478,733,4,42,-10,7.261413878822431
41.90257532496687,-99.2554872462366,695,1,180,1,8.607715418818213
41.9028274356171,-98.91412994974225,691,9,53,-5,6.451747248958747
41.902064805473294,-98.57277706719329,671,4,138,3,7.261413878822431
41.900287545378106,-98.23144614351868,598,3,307,-2,7.545104852168523
41.89749591361237,-97.89015471652142,571,4,64,1,7.261413878822431
41.89369031578403,-97.54892031119114,519,4,34,8,7.261413878822431
41.88887130465363,-97.2077604340272,461,1,0,4,8.607715418818213
41.88303957989669,-96.86669256737729,454,2,326,7,7.941743691836643
41.87619598780303,-96.5257341637962,398,5,70,2,7.040188830991998
41.86834152091362,-96.18490264042906,311,3,127,1,7.545104852168523
41.85947731759493,-95.8442153734242,393,7,263,-5,6.70452216925573
41.84960466155147,-95.5036896923797,385,7,191,-1,6.70452216925573
41.8387249812768,-95.1633428748286,418,6,141,4,6.858642093395692
41.82683984944355,-94.823192140767,416,4,214,6,7.261413878822431
41.81395098223319,-94.48325464722916,364,4,42,-7,7.261413878822431
41.80006023860587,-94.1435474829148,301,11,20,-10,6.248120224858334
41.78516961951121,-93.80408766287177,298,5,332,-6,7.040188830991998
41.76928126704078,-93.46489212323893,286,4,64,-4,7.261413878822431
41.7523974635229,-93.1259777160534,278,5,15,0,7.040188830991998
41.73452063056083,-92.78736120412552,273,5,208,12,7.040188830991998
41.71565332801477,-92.44905925598592,284,2,34,-12,7.941743691836643
41.69579825292933,-92.11108844090838,259,4,199,4,7.261413878822431
41.67495823840653,-91.77346522401196,243,5,281,4,7.040188830991998
41.65313625242623,-91.43620596144612,216,4,138,2,7.261413878822431
41.63033539661444,-91.09932689566206,224,2,180,1,7.941743691836643
41.60655890496071,-90.76284415077374,221,1,90,4,8.607715418818213
41.58181014248608,-90.4267737280116,208,3,69,1,7.545104852168523
41.55609260386226,-90.09113150127207,201,8,76,-3,6.570477324756705
41.529409911983706,-89.75593321276578,197,2,270,-8,7.941743691836643
41.501765816493375,-89.42119446876707,225,1,180,-3,8.607715418818213
41.47316419226401,-89.0869307354676,206,1,180,1,8.607715418818213
41.44360903783562,-88.75315733493647,181,3,336,0,7.545104852168523
41.41310447381093,-88.41988944118889,169,2,146,-1,7.941743691836643
41.3816547412101,-88.08714207636604,201,3,69,0,7.545104852168523
41.34926419978581,-87.7549301070277,216,2,53,-6,7.941743691836643
41.3159373263005,-87.42326824055976,208,0,0,0,11.522875795823397
41.28167871276697,-87.09217102169826,211,0,0,0,11.522875795823397
41.24649306465371,-86.76165282917137,218,2,53,0,7.941743691836643
41.21038519905664,-86.43172787246102,229,4,76,0,7.261413878822431
41.173360042838496,-86.10241018868513,241,3,0,3,7.545104852168523
41.13542263073765,-85.77371363960164,284,7,201,-14,6.70452216925573
41.09657810344732,-85.44565190873546,258,4,0,1,7.261413878822431
41.05683170566744,-85.11823849862874,248,3,53,-1,7.545104852168523
41.01618878412982,-84.79148672821559,231,0,0,0,11.522875795823397
40.97465478559892,-84.46540973032128,223,1,180,1,8.607715418818213
40.932235254849104,-84.14002044928672,223,0,0,5,11.522875795823397
40.88893583262032,-83.81533163871804,271,7,114,-10,6.70452216925573
40.84476225355341,-83.4913558593615,270,1,0,1,8.607715418818213
40.79972034410682,-83.16810547710381,278,5,135,1,7.040188830991998
40.75381602045603,-82.84559266109738,321,0,0,-1,11.522875795823397
40.70705528637717,-82.52382938201029,397,4,139,3,7.261413878822431
40.65944423111654,-82.20282741040054,304,2,127,0,7.941743691836643
40.61098902724723,-81.8825983152138,289,2,0,0,7.941743691836643
40.56169592851441,-81.56315346240433,282,1,270,6,8.607715418818213
40.51157126767085,-81.2445040136777,291,4,147,12,7.261413878822431
40.46062145430395,-80.92666092535474,359,1,90,-15,8.607715418818213
40.40885297265571,-80.6096349473555,203,10,144,0,6.345071884011764
40.35627237943719,-80.29343662230198,386,2,127,1,7.941743691836643
40.30288630163859,-79.97807628473849,326,5,0,-9,7.040188830991998
40.24870143433661,-79.66356406046822,347,4,270,10,7.261413878822431
40.193724538500106,-79.34990986600428,483,3,111,-1,7.545104852168523
40.13796243879567,-79.03712340813401,608,2,270,-11,7.941743691836643
40.08142202139423,-78.72521418359467,736,23,99,-2,5.469880104866039
40.024110231779936,-78.41419147885878,367,6,99,-5,6.858642093395692
39.96603407256273,-78.1040643700273,280,7,213,0,6.70452216925573
39.90720060129564,-77.79484172282879,187,4,327,3,7.261413878822431
39.84761692829815,-77.48653219272246,482,2,308,3,7.941743691836643
39.78729021448658,-77.17914422510331,162,2,232,-5,7.941743691836643
39.72622766921299,-76.87268605560682,297,7,226,-3,6.70452216925573
39.66443654811314,-76.56716571051155,202,2,33,-7,7.941743691836643
39.6019241509654,-76.26259100723706,38,3,23,-7,7.545104852168523
39.53869781956062,-75.95896955493514,23,3,203,-3,7.545104852168523
39.47476493558496,-75.65630875517178,4,7,76,23,6.70452216925573
39.41013291851607,-75.35461580269777,7,4,319,1,7.261413878822431
39.34480922353365,-75.05389768630553,17,2,52,4,7.941743691836643
39.2788013394456,-74.75416118976965,19,7,83,-11,6.70452216925573
39.410396956761794,-123.77969930635744,94,2,308,-5,7.941743691836643
39.47796703017745,-123.48066401929565,253,15,29,18,5.928550143214419
39.544859680664096,-123.18062531188636,931,15,219,12,5.928550143214419
39.61106728345639,-122.87958967329511,1222,3,203,-30,7.545104852168523
39.67658224420235,-122.57756379997468,255,20,38,2,5.623264340182601
39.74139700104415,-122.274554596787,90,3,203,5,7.545104852168523
39.80550402671639,-121.97056917804372,46,1,0,-1,8.607715418818213
39.86889583066066,-121.66561486846176,611,18,161,-37,5.73642582948546
39.93156496115602,-121.3596992040331,1161,16,40,-17,5.860997933550507
39.99350400746373,-121.05282993280422,1497,8,342,8,6.570477324756705
40.054705601986,-120.74501501556458,1405,17,242,-2,5.7971052477000855
40.11516242243709,-120.43626262644068,1713,7,263,-2,6.70452216925573
40.17486719402627,-120.1265811533935,1226,2,233,3,7.941743691836643
40.23381269165102,-119.81597919861724,1234,2,0,0,7.941743691836643
40.291991742099896,-119.50446557883662,1621,30,60,-21,5.162923839635655
40.34939722626344,-119.1920493255012,1405,1,180,-2,8.607715418818213
40.40602208135236,-118.87873968487368,1308,4,256,-4,7.261413878822431
40.46185930312144,-118.56454611801084,1543,4,319,-5,7.261413878822431
40.51690194809824,-118.24947830063464,1485,3,204,-9,7.545104852168523
40.57114313581517,-117.9335461228918,2007,23,58,-23,5.469880104866039
40.62457605104365,-117.61675968899938,1584,12,226,0,6.159167458950843
40.677193946029,-117.2991293167758,1509,1,180,-8,8.607715418818213
40.72899014272509,-116.98066553705388,1370,2,33,-10,7.941743691836643
40.7799580350268,-116.66137909297584,1760,32,131,5,5.083968235816121
40.83009109099936,-116.34128093916786,1731,19,242,21,5.67858487499791
40.87938285510298,-116.02038224079304,1704,2,307,-2,7.941743691836643
40.92782695041143,-115.69869437248124,1636,3,127,-1,7.545104852168523
40.97541708082306,-115.37622891713508,1639,3,249,-3,7.545104852168523
41.02214703326276,-115.05299766461052,2070,16,66,-9,5.860997933550507
41.06801067987358,-114.72901261027114,1739,2,233,-4,7.941743691836643
41.113001980196174,-114.40428595341557,1809,4,42,-2,7.261413878822431
41.15711498333503,-114.0788300955769,1623,3,249,10,7.545104852168523
41.20034383010942,-113.75265763869405,1299,2,0,-5,7.941743691836643
41.24268275518811,-113.4257813831538,1282,0,0,0,11.522875795823397
41.28412608920574,-113.09821432570423,1340,12,123,-8,6.159167458950843
41.32466826085975,-112.7699696572385,1282,0,0,0,11.522875795823397
41.364303798986185,-112.44106076044926,1503,28,79,3,5.2451216767435955
41.40302733461272,-112.11150120735388,1282,0,0,0,11.522875795823397
41.44083360298732,-111.78130475669076,1795,18,314,3,5.73642582948546
41.47771744558136,-111.45048535118694,2496,4,34,12,7.261413878822431
41.513673812065214,-111.11905711469755,1922,1,270,2,8.607715418818213
41.548697762254776,-110.7870343492184,2366,18,157,9,5.73642582948546
41.58278446802795,-110.45443153177156,2014,1,270,1,8.607715418818213
41.615929215208766,-110.121263311166,1932,3,290,3,7.545104852168523
41.64812740541826,-109.78754450463376,1935,5,180,-3,7.040188830991998
41.67937455789013,-109.45329009434327,2028,7,313,-4,6.70452216925573
41.70966631125013,-109.1185152237915,1978,1,270,1,8.607715418818213
41.73899842525741,-108.78323519407616,2035,4,244,-3,7.261413878822431
41.7673667825062,-108.44746546005013,2076,1,0,6,8.607715418818213
41.79476739008719,-108.1112216263601,2030,2,214,0,7.941743691836643
41.82119638120597,-107.77451944337136,2182,3,110,3,7.545104852168523
41.84665001675834,-107.43737480298115,2065,4,244,-2,7.261413878822431
41.871124686860334,-107.09980373432305,2019,7,30,1,6.70452216925573
41.89461691233199,-106.76182239936485,2015,1,90,7,8.607715418818213
41.91712334613347,-106.42344708840308,2083,2,270,1,7.941743691836643
41.938640774752265,-106.08469421545648,2073,0,0,-7,11.522875795823397
41.959166119540285,-105.74558031356204,2165,9,343,10,6.451747248958747
41.978696437999616,-105.40612202997627,1989,22,147,6,5.519132026132706
41.99722892501575,-105.0663361212856,1467,1,0,1,8.607715418818213
42.01476091403733,-104.7262394484288,1558,6,180,5,6.858642093395692
42.03128987820119,-104.38584897163554,1345,2,180,-2,7.941743691836643
42.04681343140167,-104.04518174528424,1271,2,0,4,7.941743691836643
42.06132932930327,-103.70425491268372,1352,3,127,-3,7.545104852168523
42.07483547029581,-103.36308570078178,1322,1,180,2,8.607715418818213
42.087329896391125,-103.0216914148058,1231,2,90,5,7.941743691836643
42.098810794060256,-102.68008943283834,1191,0,0,2,11.522875795823397
42.10927649501081,-102.33829720033307,1189,4,90,-22,7.261413878822431
42.11872547690341,-101.9963322245748,1185,3,290,-1,7.545104852168523
42.1271563640066,-101.65421206908798,1116,7,180,6,6.70452216925573
42.13456792778986,-101.3119543479988,1064,4,270,6,7.261413878822431
42.14095908745382,-100.96957672035474,1002,7,349,-4,6.70452216925573
42.14632891039732,-100.62709688440678,948,5,53,1,7.040188830991998
42.150676612621005,-100.28453257185868,845,2,34,-1,7.941743691836643
42.15400155906693,-99.94190154208827,795,2,233,8,7.941743691836643
42.15630326389375,-99.5992215763454,754,4,199,-2,7.261413878822431
42.1575813906875,-99.25651047193178,747,4,256,6,7.261413878822431
42.15783575260759,-98.91378603636689,678,4,42,4,7.261413878822431
42.15706631246797,-98.57106608154572,612,0,0,9,11.522875795823397
42.15527318275313,-98.22836841789253,570,4,270,1,7.261413878822431
42.15245662556941,-97.88571084851604,582,5,165,-1,7.040188830991998
42.1486170525312,-97.54311116337058,523,1,270,-13,8.607715418818213
42.14375502458224,-97.20058713342851,515,4,296,8,7.261413878822431
42.13787125175259,-96.85815650486852,450,4,138,2,7.261413878822431
42.13096659285074,-96.51583699328464,396,4,64,6,7.261413878822431
42.123042055092,-96.17364627792112,324,5,101,-12,7.040188830991998
42.114098793662805,-95.83160199593765,361,8,312,3,6.570477324756705
42.10413811122184,-95.48972173670975,393,1,90,0,8.607715418818213
42.09316145733816,-95.14802303616928,398,4,199,8,7.261413878822431
42.081170427867015,-94.80652337118896,381,2,0,-2,7.941743691836643
42.068166764263815,-94.46524015401668,326,3,70,4,7.545104852168523
42.05415235283704,-94.12419072676282,309,3,127,3,7.545104852168523
42.03912922394064,-93.78339235594568,339,1,270,-1,8.607715418818213
42.02309955110676,-93.4428622270994,306,2,34,-7,7.941743691836643
42.00606565011957,-93.10261743944815,314,2,233,-3,7.941743691836643
41.98802997803115,-92.76267500065096,305,2,270,-8,7.941743691836643
41.968995132120085,-92.42305182162124,286,4,222,-3,7.261413878822431
41.94896384879395,-92.08376471142472,266,4,116,-3,7.261413878822431
41.92793900243682,-91.74483037225988,238,8,110,-6,6.570477324756705
41.90592360420229,-91.40626539452404,241,6,278,-3,6.858642093395692
41.882920800753766,-91.06808625196908,253,2,307,-3,7.941743691836643
41.8589338729527,-90.73030929695013,221,2,127,6,7.941743691836643
41.83396623449615,-90.39295075576996,191,2,53,-5,7.941743691836643
41.808021430504816,-90.05602672412333,201,3,180,-2,7.545104852168523
41.7811031360628,-89.71955316264264,191,4,138,-8,7.261413878822431
41.75321515471037,-89.3835458925495,247,3,307,0,7.545104852168523
41.72436141689095,-89.04802059141339,294,7,138,-22,6.70452216925573
41.69454597835405,-88.71299278902086,221,1,0,3,8.607715418818213
41.66377301851493,-88.37847786335732,196,2,233,-2,7.941743691836643
41.63204683877287,-88.0444910367036,192,2,270,0,7.941743691836643
41.599371860789226,-87.71104737184955,195,3,0,-5,7.545104852168523
41.56575262472691,-87.37816176842617,182,2,326,6,7.941743691836643
41.53119378745247,-87.04584895935868,247,2,214,3,7.941743691836643
41.49570012070255,-86.71412350744144,217,1,90,5,8.607715418818213
41.45927650921608,-86.38299980203648,236,3,0,4,7.545104852168523
41.42192794883369,-86.052492055897,248,2,0,4,7.941743691836643
41.38365954456601,-85.7226143021167,277,2,233,5,7.941743691836643
41.34447650863215,-85.39338039120592,293,3,180,-8,7.545104852168523
41.3043841584702,-85.06480398829581,272,7,30,11,6.70452216925573
41.26338791472108,-84.73689857047032,223,1,180,-4,8.607715418818213
41.22149329918733,-84.40967742422751,214,1,180,-2,8.607715418818213
41.178705932768494,-84.08315364306966,221,0,0,9,11.522875795823397
41.13503153337447,-83.75734012522291,225,2,0,0,7.941743691836643
41.090475913818686,-83.43224957148607,249,0,0,-3,11.522875795823397
41.04504497969217,-83.10789448320891,257,3,249,1,7.545104852168523
40.99874472722051,-82.78428716039933,281,3,0,-2,7.545104852168523
40.95158124110515,-82.46143969995914,358,0,0,1,11.522875795823397
40.90356069235017,-82.13936399404804,313,5,101,5,7.040188830991998
40.85468933607661,-81.81807172857485,347,2,180,-1,7.941743691836643
40.80497350932549,-81.4975743818156,333,4,270,-10,7.261413878822431
40.75441962885096,-81.17788322315725,388,6,261,0,6.858642093395692
40.703034188905455,-80.85900931196608,328,10,140,-17,6.345071884011764
40.65082375901785,-80.54096349657978,344,6,156,-1,6.858642093395692
40.59779498176626,-80.22375641342165,249,5,281,8,7.040188830991998
40.54395457054694,-79.90739848623596,361,15,64,-6,5.928550143214419
40.48930930734056,-79.5918999254425,366,8,206,-10,6.570477324756705
40.4338660404773,-79.2772707276093,312,11,0,3,6.248120224858334
40.3776316824022,-78.9635206750414,364,12,223,8,6.159167458950843
40.32061320744173,-78.65065933548402,719,0,0,0,11.522875795823397
40.2628176495734,-78.33869606193853,423,2,327,-5,7.941743691836643
40.2042521001993,-78.02763999258907,326,11,76,4,6.248120224858334
40.14492370592483,-77.7175000508377,310,8,270,-6,6.570477324756705
40.08483966634416,-77.40828494544633,226,4,327,-1,7.261413878822431
40.02400723183307,-77.1000031707832,189,1,90,-4,8.607715418818213
39.96243370135094,-76.79266300717134,149,4,270,-12,7.261413878822431
39.9001264202525,-76.48627252133745,207,4,284,8,7.261413878822431
39.83709277811074,-76.18083956695816,176,6,107,1,6.858642093395692
39.77334020655181,-75.87637178530176,139,3,249,-4,7.545104852168523
39.70887617710331,-75.57287660596292,26,7,191,-5,6.70452216925573
39.6437081990566,-75.27036124768792,24,2,213,-6,7.941743691836643
39.57784381734408,-74.96883271928773,41,2,33,2,7.941743691836643
39.5112906104328,-74.66829782063684,27,4,284,-1,7.261413878822431
39.710014696739854,-123.56792309244778,1022,25,35,4,5.376102417024408
39.77745817858693,-123.26708546636988,460,14,160,-3,6.000299329861114
39.84421201981208,-122.96523868535554,2052,28,217,-13,5.2451216767435955
39.910268535332825,-122.66238945891008,991,14,137,5,6.000299329861114
39.97562007243624,-122.3585447089188,171,2,33,1,7.941743691836643
40.04025901291002,-122.05371157074904,108,1,270,0,8.607715418818213
40.10417777519053,-121.74789739426588,942,6,81,-29,6.858642093395692
40.16736881652718,-121.4411097447594,1927,28,97,-8,5.2451216767435955
40.22982463516218,-121.13335640378072,1370,0,0,0,11.522875795823397
40.29153777252456,-120.82464536988424,2139,16,80,26,5.860997933550507
40.35250081543754,-120.51498485927372,1254,1,180,3,8.607715418818213
40.41270639833798,-120.20438330634916,1480,8,297,2,6.570477324756705
40.472147205507135,-119.89284936415304,1304,4,221,0,7.261413878822431
40.530815973311206,-119.58039190471236,1456,10,347,15,6.345071884011764
40.58870549245093,-119.26702001927508,1832,22,318,24,5.519132026132706
40.64580861021864,-118.95274301843824,1767,21,110,-15,5.5701918233974546
40.70211823276178,-118.63757043216548,1463,3,127,-2,7.545104852168523
40.75762732735153,-118.32151200969226,1282,0,0,8,11.522875795823397
40.812328924655496,-118.00457771931612,1306,3,24,0,7.545104852168523
40.86621612101262,-117.68677774807054,2041,36,25,7,4.933452268831491
40.91928208070966,-117.36812250128008,1507,5,28,15,7.040188830991998
40.97152003825725,-117.04862260199543,1378,1,90,5,8.607715418818213
41.02292330066459,-116.7282888903062,1515,3,291,5,7.545104852168523
41.07348524971109,-116.4071324225301,1802,13,169,12,6.076901183003046
41.123199344213646,-116.085164470277,1758,8,198,-4,6.570477324756705
41.1720591222881,-115.76239651938651,1827,10,249,-24,6.345071884011764
41.22005820360339,-115.43884026873748,1778,4,326,-20,7.261413878822431
41.26719029162666,-115.11450762892868,1723,4,318,-3,7.261413878822431
41.31344917585838,-114.78941072082948,1979,10,85,3,6.345071884011764
41.35882873405527,-114.46356187399934,1778,3,336,-7,7.545104852168523
41.40332293443996,-114.1369736249758,1645,9,0,9,6.451747248958747
41.446925837895634,-113.80965871542988,1472,3,336,0,7.545104852168523
41.48963160014414,-113.4816300901887,1426,4,0,7,7.261413878822431
41.53143447390588,-113.1529008951248,1599,4,198,-10,7.261413878822431
41.57232881104014,-112.82348447491194,1282,0,0,0,11.522875795823397
41.61230906466393,-112.49339437064732,1365,2,34,-1,7.941743691836643
41.65136979124806,-112.1626443173405,1299,4,76,4,7.261413878822431
41.6895056526886,-111.83124824126872,1380,0,0,0,11.522875795823397
41.72671141835236,-111.4992202571997,2048,7,263,25,6.70452216925573
41.762981967094575,-111.1665746654819,2014,19,127,-5,5.67858487499791
41.79831228924725,-110.83332594900342,2181,8,48,11,6.570477324756705
41.832697488576855,-110.49948877001984,2381,6,180,-4,6.858642093395692
41.866132784209306,-110.1650779668527,1992,4,222,-8,7.261413878822431
41.8986135125212,-109.83010855045936,1917,1,90,-5,8.607715418818213
41.93013512899508,-109.49459570087568,2020,0,0,-13,11.522875795823397
41.96069321003817,-109.1585547635332,2081,1,180,-4,8.607715418818213
41.990283454762,-108.82200124545248,2147,1,180,1,8.607715418818213
42.018901686722046,-108.48495081131438,2079,0,0,-2,11.522875795823397
42.04654385561587,-108.14741927941128,2005,3,127,-2,7.545104852168523
42.073206038938174,-107.80942261748072,2066,2,146,-1,7.941743691836643
42.09888444359117,-107.4709769384234,1985,1,180,-5,8.607715418818213
42.12357540744936,-107.1320984959084,2162,7,301,8,6.70452216925573
42.14727540087683,-106.79280367986824,2413,15,5,5,5.928550143214419
42.16998102819603,-106.4531090118863,2226,7,326,-11,6.70452216925573
42.19168902910655,-106.11303114048027,2112,1,90,5,8.607715418818213
42.212396280053,-105.77258683628388,2231,4,180,-1,7.261413878822431
42.23209979554006,-105.43179298713116,2243,8,207,-6,6.570477324756705
42.25079672939427,-105.0906665930456,1524,2,34,7,7.941743691836643
42.268484375970935,-104.74922476113916,1322,2,214,4,7.941743691836643
42.28516017130521,-104.40748470042324,1425,3,250,5,7.545104852168523
42.30082169420632,-104.06546371653673,1407,5,260,-3,7.040188830991998
42.31546666729366,-103.72317920639472,1436,1,270,-2,8.607715418818213
42.32909295797444,-103.38064865276158,1382,1,180,4,8.607715418818213
42.34169857936093,-103.03788961875308,1286,1,270,-2,8.607715418818213
42.35328169112777,-102.69491974227178,1212,4,296,3,7.261413878822431
42.36384060030716,-102.35175673037996,1214,3,156,-1,7.545104852168523
42.37337376202234,-102.00841835361472,1206,3,306,1,7.545104852168523
42.38187978015792,-101.66492244024982,1094,0,0,0,11.522875795823397
42.38935740796671,-101.32128687050896,1051,3,24,-2,7.545104852168523
42.39580554861263,-100.97752957073524,995,5,280,-3,7.040188830991998
42.401223255648674,-100.6336685075218,899,1,0,-1,8.607715418818213
42.40560973343016,-100.28972168180808,888,4,199,3,7.261413878822431
42.408964337462194,-99.9457071229474,826,3,290,-8,7.545104852168523
42.41128657468165,-99.60164288275006,778,4,138,1,7.261413878822431
42.41257610367264,-99.25754702950756,731,4,42,8,7.261413878822431
42.41283273481623,-98.91343764200263,647,2,126,-3,7.941743691836643
42.41205643037332,-98.5693328035107,593,4,0,7,7.261413878822431
42.41024730450121,-98.22525059579702,523,10,40,-7,6.345071884011764
42.40740562320355,-97.88120909311552,509,0,0,-2,11.522875795823397
42.403531804214055,-97.53722635621376,522,3,54,4,7.545104852168523
42.39862641681346,-97.19332042634969,495,7,286,-2,6.70452216925573
42.39269018158068,-96.8495093193245,448,2,180,8,7.941743691836643
42.38572397007778,-96.50581101953765,331,3,90,-4,7.545104852168523
42.3777288044694,-96.16224347406798,360,10,180,-11,6.345071884011764
42.368705857076925,-95.81882458678696,410,5,54,-4,7.040188830991998
42.35865644986772,-95.47557221250798,409,9,108,-5,6.451747248958747
42.34758205388008,-95.13250415117744,390,6,180,-9,6.858642093395692
42.33548428858425,-94.78963814211173,361,4,199,-6,7.261413878822431
42.3223649211804,-94.44699185828544,355,6,141,-23,6.858642093395692
42.308225865833855,-94.10458290067484,347,2,234,-5,7.941743691836643
42.29306918284859,-93.76242879266177,337,2,0,1,7.941743691836643
42.27689707777984,-93.42054697450192,360,3,110,-6,7.545104852168523
42.259711900486046,-93.0789547978624,294,6,0,6,6.858642093395692
42.24151614412197,-92.73766952043204,315,3,250,-3,7.545104852168523
42.22231244407303,-92.39670830060967,299,2,0,0,7.941743691836643
42.202103576832485,-92.0560881922734,239,2,34,17,7.941743691836643
42.18089245882201,-91.71582613963534,270,5,270,5,7.040188830991998
42.15868214515714,-91.37593897218558,285,4,34,-4,7.261413878822431
42.13547582835851,-91.03644339972873,267,2,53,3,7.941743691836643
42.11127683700998,-90.69735600751676,211,2,90,-3,7.941743691836643
42.086088634365126,-90.3586932514816,219,3,0,2,7.545104852168523
42.0599148169031,-90.02047145357042,243,0,0,-1,11.522875795823397
42.03275911283524,-89.68270679718691,239,4,341,-2,7.261413878822431
42.00462538056372,-89.34541532274132,214,2,180,3,7.941743691836643
41.97551760709377,-89.0086129233122,242,2,233,-4,7.941743691836643
41.94543990640047,-88.67231534042226,268,2,233,2,7.941743691836643
41.91439651775197,-88.33653815993075,242,2,180,-10,7.941743691836643
41.88239180399028,-88.00129680804507,221,2,0,1,7.941743691836643
41.84943024977121,-87.66660654745297,181,2,214,6,7.941743691836643
41.74485118008432,-86.66599240976089,202,4,270,3,7.261413878822431
41.70810948310663,-86.33365574239967,239,2,270,10,7.941743691836643
41.670435131885526,-86.00194390031564,232,2,326,-13,7.941743691836643
41.63183330290072,-85.67087109086206,275,4,104,2,7.261413878822431
41.592309281108754,-85.34045133433101,306,4,18,-1,7.261413878822431
41.55186845791116,-85.01069846111028,301,5,332,10,7.040188830991998
41.51051632909575,-84.6816261089728,262,3,249,-6,7.545104852168523
41.46825849275254,-84.35324772049913,219,1,270,-11,8.607715418818213
41.425100647166026,-84.02557654063341,202,2,127,-3,7.941743691836643
41.38104858868535,-83.69862561437277,205,1,180,-2,8.607715418818213
41.336108209573865,-83.37240778459042,210,4,198,1,7.261413878822431
41.29028549584001,-83.04693568999187,199,3,233,0,7.545104852168523
41.24358652505054,-82.72222176320463,221,1,90,6,8.607715418818213
41.19601746412823,-82.39827822900027,276,2,127,-9,7.941743691836643
41.14758456713529,-82.07511710264865,277,6,336,3,6.858642093395692
41.098294173044174,-81.75275018840361,330,2,180,0,7.941743691836643
41.04815270349717,-81.4311890781191,343,12,168,2,6.159167458950843
40.99716666055664,-81.11044514999475,323,2,34,7,7.941743691836643
40.94534262444689,-80.79052956745014,377,4,76,-1,7.261413878822431
40.89268725128972,-80.47145327812602,297,1,180,-4,8.607715418818213
40.83920727083471,-80.15322701301157,383,7,339,-12,6.70452216925573
40.78490948418583,-79.83586128569596,366,6,261,7,6.858642093395692
40.72980076152598,-79.5193663917428,325,0,0,5,11.522875795823397
40.67388803984047,-79.20375240818596,322,18,129,-2,5.73642582948546
40.617178320641166,-78.88902919314454,623,17,16,7,5.7971052477000855
40.55967866769257,-78.57520638555553,553,4,147,-4,7.261413878822431
40.501396204741,-78.26229340502232,303,6,279,-5,6.858642093395692
40.44233811324837,-77.95029945177652,181,2,233,2,7.941743691836643
40.38251163013173,-77.63923350675144,325,4,213,5,7.261413878822431
40.32192404550988,-77.329104331765,387,10,74,-25,6.345071884011764
40.260582700458166,-77.01992046980962,117,12,90,7,6.159167458950843
40.19849498477264,-76.71169024544689,92,4,213,-5,7.261413878822431
40.135668334745,-76.4044217653048,114,3,336,1,7.545104852168523
40.07211023094893,-76.09812291867489,141,6,240,-17,6.858642093395692
40.00782819603937,-75.7928013782069,180,4,180,14,7.261413878822431
39.94282979256557,-75.48846460069866,144,0,0,-2,11.522875795823397
39.87712262079899,-75.1851198279782,0,0,0,0,11.522875795823397
39.81071431657689,-74.88277408787594,42,2,33,6,7.941743691836643
39.74361254916278,-74.58143419528415,23,4,117,-3,7.261413878822431
39.67582501912461,-74.28110675330095,20,2,52,4,7.941743691836643
39.94189102342413,-123.65619785383696,811,15,14,1,5.928550143214419
40.00988861648064,-123.3545548109912,930,12,107,3,6.159167458950843
40.077191974982135,-123.05189017824614,1510,22,81,-19,5.519132026132706
40.143793321967244,-122.74821067697398,681,8,96,14,6.570477324756705
40.20968491270402,-122.44352324498118,220,11,120,-3,6.248120224858334
40.274859036854046,-122.1378350376745,255,3,307,0,7.545104852168523
40.33930802065458,-121.8311534291394,796,16,201,-4,5.860997933550507
40.40302422911766,-121.52348601312774,1909,12,103,-10,6.159167458950843
40.46600006824509,-121.21484060395257,2128,2,213,-2,7.941743691836643
40.528227987258624,-120.9052252372869,1821,2,233,-3,7.941743691836643
40.58970048084407,-120.59464817086403,1575,10,237,10,6.345071884011764
40.65041009140809,-120.28311788507682,1545,6,73,4,6.858642093395692
40.71034941134703,-119.97064308347326,1780,3,0,6,7.545104852168523
40.76951108532607,-119.6572326931459,1991,13,130,-3,6.076901183003046
40.82788781256809,-119.34289586501274,1232,5,152,7,7.040188830991998
40.885472349150376,-119.02764197398712,1195,5,208,-1,7.040188830991998
40.94225751030863,-118.71148061903418,1238,2,34,1,7.941743691836643
40.9982361727464,-118.39442162311208,1279,1,0,-4,8.607715418818213
41.053401276948975,-118.07647503299512,1337,2,326,-4,7.941743691836643
41.10774582950033,-117.7576511189776,1479,6,180,-3,6.858642093395692
41.1612629054015,-117.43796037445514,1604,8,127,-4,6.570477324756705
41.21394565038959,-117.1174135153831,1469,4,146,-1,7.261413878822431
41.26578728325521,-116.796021479609,1996,27,111,-55,5.287654659051184
41.316781098157485,-116.4737954260778,1815,6,347,-3,6.858642093395692
41.36692046693504,-116.15074673390852,1740,5,127,23,7.040188830991998
41.41619884141125,-115.82688700134062,1860,2,214,-3,7.941743691836643
41.46460975569238,-115.50222804454832,1958,3,0,-9,7.545104852168523
41.51214682845724,-115.17678189632258,1889,1,270,2,8.607715418818213
41.55880376523651,-114.85056080461874,1808,4,18,2,7.261413878822431
41.60457436068022,-114.52357723096917,1776,12,123,-9,6.159167458950843
41.64945250081213,-114.19584384876012,1809,7,11,-5,6.70452216925573
41.69343216526893,-113.86737354137227,1675,12,192,-1,6.159167458950843
41.73650742952288,-113.5381794001836,1644,3,70,5,7.545104852168523
41.77867246708638,-113.20827472243528,1419,5,127,-1,7.040188830991998
41.81992155169665,-112.87767300895948,1386,3,180,-3,7.545104852168523
41.86024905947888,-112.54638796176928,1752,10,74,-2,6.345071884011764
41.8996494710864,-112.21443348151082,1362,5,53,7,7.040188830991998
41.93811737381599,-111.88182366477768,1365,1,90,-2,8.607715418818213
41.975647463696895,-111.54857280128807,2369,9,78,-5,6.451747248958747
42.012234547551714,-111.21469537092514,2128,3,336,-9,7.545104852168523
42.04787354502772,-110.8802060406414,1949,3,336,1,7.545104852168523
42.08255949059677,-110.54511966122782,2350,6,107,0,6.858642093395692
42.116287535522325,-110.20945126394886,2123,3,24,-15,7.545104852168523
42.14905294979207,-109.87321605704474,2119,4,180,-1,7.261413878822431
42.18085112401406,-109.53642942210176,2033,1,270,1,8.607715418818213
42.21167757127562,-109.19910691029315,2093,2,233,4,7.941743691836643
42.241527928962405,-108.8612642384914,2365,14,109,11,6.000299329861114
42.27039796053716,-108.52291728525432,2174,4,161,1,7.261413878822431
42.29828355727563,-108.18408208668691,2157,1,90,-2,8.607715418818213
42.32518073995901,-107.84477483218129,2094,2,214,7,7.941743691836643
42.3510856605208,-107.50501186003684,1987,0,0,-3,11.522875795823397
42.37599460364691,-107.1648096529637,1979,4,104,-4,7.261413878822431
42.399903988327694,-106.82418483347188,1879,3,24,1,7.545104852168523
42.42281036936021,-106.48315415914908,2005,3,90,4,7.545104852168523
42.444710438799625,-106.14173451783036,2329,3,0,3,7.545104852168523
42.46560102735848,-105.79994292266294,2709,5,250,-11,7.040188830991998
42.48547910575224,-105.45779650706922,1616,2,180,-1,7.941743691836643
42.5043417859902,-105.11531251961212,1558,3,0,-2,7.545104852168523
42.52218632261052,-104.7725083187658,1588,3,0,3,7.545104852168523
42.53901011385808,-104.4294013675962,1485,5,208,1,7.040188830991998
42.55481070280419,-104.08600922835492,1443,5,46,3,7.040188830991998
42.56958577840716,-103.74234955699067,1442,2,146,0,7.941743691836643
42.583333176512525,-103.39844009758292,1380,0,0,-5,11.522875795823397
42.59605088079231,-103.0542986767014,1316,1,180,-2,8.607715418818213
42.607737023622114,-102.70994319769636,1160,1,270,-5,8.607715418818213
42.61838988689538,-102.36539163492438,1102,7,21,-6,6.70452216925573
42.62800790277405,-102.02066202791386,1113,5,314,1,7.040188830991998
42.63658965437481,-101.6757724754753,1068,1,0,1,8.607715418818213
42.64413387639037,-101.33074112976124,981,4,270,0,7.261413878822431
42.65063945564513,-100.98558619028071,910,1,270,2,8.607715418818213
42.65610543158472,-100.64032589787332,890,3,306,0,7.545104852168523
42.6605309966988,-100.29497852864776,824,1,180,0,8.607715418818213
42.66391549687712,-99.94956238789044,772,2,126,0,7.941743691836643
42.66625843169786,-99.6040958039487,702,2,34,8,7.941743691836643
42.667559454648654,-99.25859712209456,663,2,54,0,7.941743691836643
42.667818373279495,-98.91308469837372,626,3,234,12,7.545104852168523
42.66703514928778,-98.56757689344538,524,0,0,-2,11.522875795823397
42.66520989853527,-98.222092066418,495,6,299,-7,6.858642093395692
42.66234289099685,-97.87664856868643,419,3,180,-4,7.545104852168523
42.65843455064134,-97.53126473777591,484,3,306,2,7.545104852168523
42.65348545524427,-97.18595889119752,392,3,270,8,7.545104852168523
42.647496336133,-96.8407493203212,416,7,169,17,6.70452216925573
42.640468077864185,-96.49565428427114,378,6,347,-9,6.858642093395692
42.63240171783419,-96.15069200384872,415,3,0,2,7.545104852168523
42.62329844582264,-95.80588065548842,424,3,126,2,7.545104852168523
42.61315960346944,-95.46123836525136,403,1,90,7,8.607715418818213
42.60198668368624,-95.11678320286222,397,2,326,0,7.941743691836643
42.58978133000214,-94.77253317579373,381,1,270,-6,8.607715418818213
42.57654533584519,-94.42850622340426,349,6,167,1,6.858642093395692
42.56228064375943,-94.08472021113306,338,2,54,0,7.941743691836643
42.54698934455904,-93.74119292475774,345,3,126,-3,7.545104852168523
42.53067367641989,-93.397942064719,354,3,54,0,7.545104852168523
42.51333602390936,-93.05498524051684,336,6,234,11,6.858642093395692
42.49497891695578,-92.71233996518266,302,4,19,-9,7.261413878822431
42.47560502975789,-92.37002364983196,286,2,306,3,7.941743691836643
42.45521717963575,-92.02805359830091,295,1,180,4,8.607715418818213
42.43381832582399,-91.68644700187224,310,2,0,5,7.941743691836643
42.411411568208536,-91.34522093409268,308,7,190,7,6.70452216925573
42.38800014600807,-91.0043923456872,328,3,290,2,7.545104852168523
42.36358743640124,-90.66397805957284,323,2,234,-1,7.941743691836643
42.33817695310104,-90.32399476597564,247,1,90,-1,8.607715418818213
42.31177234487771,-89.98445901765453,270,3,70,3,7.545104852168523
42.28437739403113,-89.64538722523477,269,3,0,-2,7.545104852168523
42.25599601481456,-89.3067956526541,257,0,0,0,11.522875795823397
42.226632251810734,-88.96870041272466,234,3,127,3,7.545104852168523
42.19629027826191,-88.63111746281315,249,2,307,-6,7.941743691836643
42.1649743943555,-88.29406260064174,228,3,156,-4,7.545104852168523
42.13268902546614,-87.95755146021213,209,2,0,1,7.941743691836643
41.95688332749497,-86.28368682680104,230,8,250,6,6.570477324756705
41.91888076045041,-85.95075668092332,266,1,0,2,8.607715418818213
41.87994303530657,-85.61847479503048,246,2,127,-3,7.941743691836643
41.84007551099767,-85.28685536203959,278,2,233,-2,7.941743691836643
41.799283654142975,-84.95591238030576,300,2,214,17,7.941743691836643
41.75757303694404,-84.62565965086836,313,3,0,4,7.545104852168523
41.71494933505688,-84.29611077483459,254,2,214,1,7.941743691836643
41.67141832543993,-83.967279150901,227,1,90,-3,8.607715418818213
41.62698588417993,-83.63917797301276,193,3,307,2,7.545104852168523
41.58165798429699,-83.31182022816088,180,1,90,1,8.607715418818213
41.53544069353072,-82.98521869431718,172,0,0,0,11.522875795823397
41.39151452715679,-82.01007596373908,221,2,0,0,7.941743691836643
41.34180216623147,-81.6866228086593,361,2,146,-9,7.941743691836643
41.291232095302966,-81.3639865564622,323,3,0,5,7.545104852168523
41.23981090307666,-81.04217869528588,294,3,127,0,7.545104852168523
41.18754525708358,-80.72121049360163,310,5,111,2,7.040188830991998
41.13444190137224,-80.40109299922588,346,3,111,7,7.545104852168523
41.08050765419543,-80.08183703846171,376,3,24,-5,7.545104852168523
41.02574940569368,-79.7634532153685,389,7,180,-5,6.70452216925573
40.970174115576974,-79.44595191115776,454,7,270,-6,6.70452216925573
40.91378881080587,-79.12934328371368,398,8,334,-15,6.570477324756705
40.8566005832736,-78.81363726723644,526,6,253,0,6.858642093395692
40.79861658749057,-78.49884357200621,416,2,147,3,7.941743691836643
40.73984403827248,-78.18497168426596,416,4,198,9,7.261413878822431
40.68029020843352,-77.872030866221,309,2,180,1,7.941743691836643
40.61996242648582,-77.5600301561527,150,10,312,4,6.345071884011764
40.55886807434663,-77.24897836864467,150,1,180,-3,8.607715418818213
40.497014585054,-76.93888409491836,130,3,0,-9,7.545104852168523
40.434409440492935,-76.62975570327636,302,6,307,4,6.858642093395692
40.37106016913221,-76.32160133965043,142,2,270,7,7.941743691836643
40.3069743437741,-76.01442892825179,184,8,8,-3,6.570477324756705
40.242159579316834,-75.70824617232155,44,5,44,7,7.040188830991998
40.17662353053224,-75.40306055497793,100,5,224,2,7.040188830991998
40.11037388985837,-75.0988793401582,50,1,90,2,8.607715418818213
40.04341838520891,-74.79570957365239,27,5,0,-3,7.040188830991998
39.975764777800094,-74.493558084226,34,2,53,0,7.941743691836643
39.9074208599958,-74.19243148482913,11,2,233,-2,7.941743691836643
40.10434761587997,-124.04691495974544,689,32,213,19,5.083968235816121
40.17359357139249,-123.74550074695811,457,20,339,3,5.623264340182601
40.2421485976632,-123.44304578137796,991,27,83,-18,5.287654659051184
40.310004794789954,-123.13955657573858,1595,30,165,-14,5.162923839635655
40.37715429276524,-122.83503986202771,503,9,96,16,6.451747248958747
40.44358925365449,-122.5295025928064,283,7,339,0,6.70452216925573
40.50930187379398,-122.22295194244208,158,9,288,-12,6.451747248958747
40.57428438600749,-121.91539530825231,692,15,18,9,5.928550143214419
40.63852906184047,-121.60684031155569,1715,11,12,6,6.248120224858334
40.70202821381127,-121.29729479862782,1693,11,233,-13,6.248120224858334
40.76477419767791,-120.98676684155954,1929,24,344,8,5.422256431435354
40.82675941471952,-120.67526473901415,1634,16,246,-10,5.860997933550507
40.88797631403133,-120.36279701688127,1718,7,227,2,6.70452216925573
40.94841739483218,-120.0493724288246,2100,10,150,17,6.345071884011764
41.00807520878306,-119.73499995672096,1491,0,0,-1,11.522875795823396
41.06694236231591,-119.4196888109881,2148,17,267,2,5.7971052477000855
41.12501151897098,-119.10344843079876,1218,1,90,-5,8.607715418818213
41.18227540174198,-118.7862884841781,1209,4,284,1,7.261413878822431
41.23872679542714,-118.46821886798335,1570,4,214,-3,7.261413878822431
41.29435854898535,-118.14924970776184,1262,3,53,-6,7.545104852168523
41.34916357789572,-117.82939135748632,1289,4,270,1,7.261413878822431
41.40313486651926,-117.50865439916537,1348,2,233,-9,7.941743691836643
41.45626547046112,-117.18704964232604,1528,6,180,-6,6.858642093395692
41.50854851893228,-116.86458812336818,1699,3,0,-3,7.545104852168523
41.5599772171088,-116.54128110478725,1684,3,249,12,7.545104852168523
41.6105448484871,-116.21714007426492,1794,7,227,16,6.70452216925573
41.66024477723456,-115.89217674362555,2212,12,247,9,6.159167458950843
41.70907045053245,-115.56640304765706,1915,33,108,10,5.045514080099346
41.75701540091101,-115.23983114279456,2356,17,90,13,5.7971052477000855
41.80407324857433,-114.91247340566652,1959,6,24,5,6.858642093395692
41.8502377037134,-114.58434243150124,1643,1,180,0,8.607715418818213
41.89550256880614,-114.25545103239338,1943,2,127,-5,7.941743691836643
41.93986174090238,-113.92581223542982,1865,21,301,24,5.5701918233974546
41.98330921389224,-113.59543928067382,1711,3,24,-2,7.545104852168523
42.02583908075632,-113.26434561900724,1571,3,110,4,7.545104852168523
42.06744553579595,-112.93254490983074,1433,2,214,1,7.941743691836643
42.1081228768418,-112.60005101862122,1534,6,253,-7,6.858642093395692
42.14786550743928,-112.26687801434704,1346,1,180,4,8.607715418818213
42.18666793900881,-111.93304016674112,1450,0,0,1,11.522875795823397
42.22452479297958,-111.59855194343176,2563,16,198,14,5.860997933550507
42.26143080289477,-111.2634280069327,1878,11,279,-18,6.248120224858334
42.29738081648689,-110.92768321149184,2228,11,174,0,6.248120224858334
42.33236979772121,-110.59133259980072,2694,14,21,6,6.000299329861114
42.36639282880594,-110.2543913995649,2353,23,146,5,5.469880104866039
42.39944511216723,-109.91687501993698,2212,2,126,0,7.941743691836643
42.43152197238745,-109.5787990478135,2159,3,204,-6,7.545104852168523
42.46261885810521,-109.24017924399725,2217,4,244,-7,7.261413878822431
42.492731343875306,-108.90103153922688,2606,6,204,0,6.858642093395692
42.52185513198718,-108.56137203007574,2194,6,82,-3,6.858642093395692
42.549986054240144,-108.22121697472195,2011,2,306,2,7.941743691836643
42.57712007367408,-107.88058278859228,1997,0,0,8,11.522875795823397
42.6032532862536,-107.539486039882,1986,2,180,-2,7.941743691836643
42.62838192250505,-107.19794344495364,1998,8,189,-3,6.570477324756705
42.65250234910364,-106.85597186361734,1941,2,0,1,7.941743691836643
42.67561107041059,-106.51358829429591,1693,8,189,-9,6.570477324756705
42.69770472995799,-106.1708098690778,1804,3,336,-1,7.545104852168523
42.71878011188032,-105.82765384866096,2024,3,0,4,7.545104852168523
42.73883414229137,-105.4841376171918,1625,9,107,1,6.451747248958747
42.75786389060529,-105.1402786770022,1521,3,90,-8,7.545104852168523
42.77586657080037,-104.79609464324896,1628,3,270,-1,7.545104852168523
42.79283954262453,-104.4516032384593,1545,1,270,2,8.607715418818213
42.808780312741376,-104.1068222869865,1508,3,156,10,7.545104852168523
42.82368653581576,-103.76176970938045,1170,2,146,7,7.941743691836643
42.83755601553759,-103.41646351667669,1081,3,126,-1,7.545104852168523
42.85038670558331,-103.07092180460924,1004,1,180,4,8.607715418818213
42.86217671051384,-102.72516274775134,1070,7,60,2,6.70452216925573
42.87292428660806,-102.3792045935891,1156,4,256,1,7.261413878822431
42.88262784263152,-102.03306565653264,1096,2,234,-10,7.941743691836643
42.89128594053883,-101.68676431187014,996,3,290,-1,7.545104852168523
42.89889729610996,-101.34031898966936,945,2,306,8,7.941743691836643
42.90546077951905,-100.99374816863214,936,1,270,4,8.607715418818213
42.91097541583567,-100.64707036990666,835,0,0,-5,11.522875795823397
42.915440385457885,-100.30030415086334,755,3,156,1,7.545104852168523
42.91885502447663,-99.95346809883904,746,2,234,10,7.941743691836643
42.92121882497112,-99.60658082485558,656,2,54,-11,7.941743691836643
42.92253143523514,-99.2596609573173,568,9,239,-7,6.451747248958747
42.92279265993363,-98.91272713569384,554,0,0,0,11.522875795823397
42.92200246018975,-98.56579800419333,517,3,234,5,7.545104852168523
42.92016095360223,-98.21889220543112,484,5,250,-3,7.040188830991998
42.91726841419296,-97.87202837410022,427,2,34,-5,7.941743691836643
42.91332527228489,-97.52522513064848,462,3,336,5,7.545104852168523
42.90833211431032,-97.17850107496822,357,3,126,-9,7.545104852168523
42.90228968254991,-96.8318747801036,378,1,90,5,8.607715418818213
42.895198874802446,-96.48536478598145,376,4,138,-4,7.261413878822431
42.88706074398589,-96.13898959317068,409,2,180,0,7.941743691836643
42.87787649766991,-95.79276765667588,443,1,270,1,8.607715418818213
42.867647497540624,-95.44671737977006,413,1,90,-3,8.607715418818213
42.85637525879776,-95.10085710787232,398,2,180,-3,7.941743691836643
42.84406144948499,-94.75520512247503,388,2,306,2,7.941743691836643
42.83070788975404,-94.40977963512604,361,2,234,-6,7.941743691836643
42.816316551063466,-94.0645987814706,345,3,290,-6,7.545104852168523
42.800889555312416,-93.71968061535826,366,0,0,-1,11.522875795823397
42.78442917391081,-93.3750431030192,374,1,270,7,8.607715418818213
42.76693782678628,-93.0307041173149,324,0,0,3,11.522875795823397
42.7484180813291,-92.68668143206756,311,6,193,0,6.858642093395692
42.72887265127621,-92.34299271647296,304,3,204,2,7.545104852168523
42.7083043955351,-91.9996555296008,326,1,0,-2,8.607715418818213
42.686716316948704,-91.65668731498695,343,2,180,1,7.941743691836643
42.664111561002805,-91.31410539532148,317,10,40,5,6.345071884011764
42.64049341447666,-90.97192696723651,298,14,94,4,6.000299329861114
42.61586530403842,-90.63016909619748,270,1,0,-6,8.607715418818213
42.59023079478673,-90.28884871150146,297,5,314,-1,7.040188830991998
42.56359358873921,-89.94798260138619,300,2,180,-1,7.941743691836643
42.53595752327016,-89.60758740825267,269,6,0,-5,6.858642093395692
42.507326569498034,-89.26767962400471,225,2,306,5,7.941743691836643
42.47770483062458,-88.92827558550836,290,4,76,-2,7.261413878822431
42.4470965402271,-88.58939147017375,309,8,263,7,6.570477324756705
42.41550606050507,-88.25104329166217,267,2,306,6,7.941743691836643
42.38293788048311,-87.9132468957207,205,7,90,5,6.70452216925573
42.20559723433994,-86.23308400436125,195,3,0,4,7.545104852168523
42.16726398745509,-85.89892116959716,231,3,270,0,7.545104852168523
42.12798785509041,-85.56541601386617,264,0,0,3,11.522875795823397
42.087774271427946,-85.23258290560132,279,4,76,-2,7.261413878822431
42.04662877958849,-84.90043601387896,301,4,214,9,7.261413878822431
42.00455702948416,-84.56898930562133,361,5,110,5,7.040188830991998
41.96156477564542,-84.23825654294083,325,4,76,-4,7.261413878822431
41.91765787502355,-83.90825128062708,212,2,214,7,7.941743691836643
41.87284228477134,-83.57898686377601,192,2,53,-3,7.941743691836643
41.53421024307766,-81.29595560716972,330,7,277,-8,6.70452216925573
41.48235087002608,-80.97307254430555,299,8,104,7,6.570477324756705
41.42964055556716,-80.65104067552222,317,7,30,-1,6.70452216925573
41.37608613303824,-80.32987114967001,403,6,13,2,6.858642093395692
41.32169451055506,-80.00957488909614,437,2,90,2,7.941743691836643
41.26647266865121,-79.69016258893396,448,4,146,1,7.261413878822431
41.21042765791601,-79.37164471652201,448,3,69,-6,7.545104852168523
41.15356659663228,-79.05403151095128,393,8,312,-22,6.570477324756705
41.095896668415605,-78.73733298273861,493,15,116,-10,5.928550143214419
41.03742511985635,-78.42155891362408,398,9,172,-2,6.451747248958747
40.978159258165846,-78.10671885649057,465,7,349,3,6.70452216925573
40.9181064488281,-77.79282213540276,321,17,118,-7,5.7971052477000855
40.857274113258576,-77.47987784576374,338,9,336,2,6.451747248958747
40.795669726470805,-77.16789485458654,251,8,249,14,6.570477324756705
40.73330081475266,-76.85688180087813,139,10,106,-6,6.345071884011764
40.67017495335327,-76.54684709613362,410,24,355,16,5.422256431435354
40.60629976418155,-76.23779892493761,232,12,142,-6,6.159167458950843
40.541682913518,-75.92974524567052,169,6,168,-9,6.858642093395692
40.476332109740405,-75.62269379131685,230,7,11,-8,6.70452216925573
40.410255101064855,-75.31665207037295,156,2,53,-5,7.941743691836643
40.34345967330296,-75.01162736785119,83,1,270,1,8.607715418818213
40.27595364763624,-74.70762674637788,23,2,127,2,7.941743691836643
40.20774487840893,-74.40465704738224,73,2,90,-1,7.941743691836643
40.13884125093982,-74.10272489237329,14,2,307,4,7.941743691836643
40.3353086063031,-124.13806420263548,454,7,65,30,6.70452216925573
40.40511986056303,-123.8358444291828,273,39,240,3,4.8251363113757595
40.47423568472652,-123.53257102836844,909,22,12,28,5.519132026132706
40.542648084865725,-123.22825051806724,721,7,65,2,6.70452216925573
40.61034909674066,-122.92288963956216,726,23,272,-17,5.469880104866039
40.677330788010906,-122.6164953589354,826,24,77,25,5.422256431435354
40.74358526046778,-122.3090748683713,400,25,199,28,5.376102417024408
40.80910465228604,-122.00063558736773,570,13,230,0,6.076901183003046
40.87388114029396,-121.69118516385346,1017,4,180,0,7.261413878822431
40.93790694226115,-121.38073147520836,1123,2,270,-3,7.941743691836643
41.00117431920263,-121.06928262918328,1673,7,270,-1,6.70452216925573
41.06367557769829,-120.75684696471716,1642,5,79,0,7.040188830991998
41.12540307222685,-120.44343305264816,2010,7,171,18,6.70452216925573
41.18634920751256,-120.12904969631616,2233,14,105,0,6.000299329861114
41.24650644088413,-119.81370593205422,1903,8,69,10,6.570477324756705
41.30586728464412,-119.4974110295654,1900,5,332,14,7.040188830991998
41.36442430844773,-119.1801744921836,1345,0,0,0,11.522875795823397
41.42217014168997,-118.86200605701458,1263,8,143,-12,6.570477324756705
41.47909747589925,-118.54291569495584,1236,1,180,-2,8.607715418818213
41.5351990671366,-118.22291361059192,1263,2,270,-2,7.941743691836643
41.5904677383988,-117.90201024196388,1270,1,180,2,8.607715418818213
41.64489638202407,-117.5802162602096,2049,12,197,14,6.159167458950843
41.698477962099055,-117.2575425690738,1757,35,358,103,4.970316820703456
41.75120551686511,-116.9340003042852,1615,1,0,5,8.607715418818213
41.80307216112302,-116.60960083279892,1602,5,225,17,7.040188830991998
41.854071088634,-116.28435575190268,1628,6,82,-3,6.858642093395692
41.90419557451597,-115.9582768881848,2143,13,207,20,6.076901183003046
41.95343897763287,-115.63137629636252,1870,6,0,-27,6.858642093395692
42.00179474297613,-115.30366625796928,1805,4,42,2,7.261413878822431
42.049256404036,-114.97515927989993,2181,9,316,2,6.451747248958747
42.09581758516155,-114.64586809281184,1779,8,116,8,6.570477324756705
42.14147200390728,-114.31580564938233,2095,4,0,8,7.261413878822431
42.186213473365136,-113.98498512242024,1679,3,110,2,7.545104852168523
42.23003590447971,-113.65341990283164,2237,15,214,-12,5.928550143214419
42.27293330834527,-113.32112359743914,1384,2,180,-2,7.941743691836643
42.31489979848266,-112.98811002665424,1943,20,252,1,5.623264340182601
42.35592959309463,-112.65439322200248,1726,3,0,-1,7.545104852168523
42.39601701729758,-112.31998742350156,2110,10,338,-5,6.345071884011764
42.43515650532802,-111.98490707689268,1951,18,49,-2,5.73642582948546
42.47334260272223,-111.6491668307248,1982,29,178,-32,5.203575778621866
42.510569968467024,-111.31278153329316,2289,17,184,-11,5.7971052477000855
42.54683337712027,-110.97576622943208,2450,17,289,9,5.7971052477000855
42.58212772089908,-110.6381361571633,2991,21,216,3,5.5701918233974546
42.616448011734136,-110.29990674420074,2253,5,180,12,7.040188830991998
42.649789383288514,-109.96109360431286,2121,10,260,17,6.345071884011764
42.68214709293903,-109.62171253354433,2186,2,54,3,7.941743691836643
42.71351652371873,-109.28177950629816,2963,5,134,7,7.040188830991998
42.74389318621871,-108.9413106712808,2893,12,227,-4,6.159167458950843
42.7732727204474,-108.60032234731136,1713,4,19,19,7.261413878822431
42.80165089764635,-108.25883101899768,1691,2,234,4,7.941743691836643
42.82902362206001,-107.91685333228176,1847,9,282,-6,6.451747248958747
42.855386932658746,-107.57440608985642,1974,5,290,-17,7.040188830991998
42.88073700481309,-107.23150624645672,1933,8,333,-6,6.570477324756705
42.90507015191777,-106.8881709040285,1784,4,161,8,7.261413878822431
42.92838282696419,-106.54441730677738,1645,3,126,5,7.545104852168523
42.95067162405985,-106.20026283610152,1654,3,250,-2,7.545104852168523
42.97193327989324,-105.85572500541164,1638,2,34,3,7.941743691836643
42.9921646751429,-105.5108214548415,1633,3,126,4,7.545104852168523
43.01136283582952,-105.16556994585342,1476,2,126,0,7.941743691836643
43.0295249346093,-104.81998835574196,1425,1,0,10,8.607715418818213
43.04664829200802,-104.4740946720405,1360,3,270,-5,7.545104852168523
43.0627303775941,-104.12790698683447,1255,1,0,-2,8.607715418818213
43.07776881108991,-103.7814434909863,1129,3,90,0,7.545104852168523
43.09176136341996,-103.4347224682758,1121,4,90,-4,7.261413878822431
43.10470595769514,-103.08776228946137,1040,2,126,5,7.941743691836643
43.11660067013222,-102.74058140626632,1016,7,34,-16,6.70452216925573
43.12744373090724,-102.3931983452958,1054,3,0,-2,7.545104852168523
43.137233524942495,-102.04563170188872,1031,1,270,1,8.607715418818213
43.145968592626,-101.69790013391008,974,6,61,-2,6.858642093395692
43.15364763046283,-101.3500223554894,881,3,306,-10,7.545104852168523
43.160269491657736,-101.00201713070966,844,1,0,3,8.607715418818213
43.16583318662853,-100.65390326725296,830,1,90,-6,8.607715418818213
43.170337883449456,-100.30569961000788,737,7,66,0,6.70452216925573
43.173782908224425,-99.95742503464442,714,2,234,-5,7.941743691836643
43.17616774538956,-99.6090984411618,690,3,270,-2,7.545104852168523
43.17749203794489,-99.260738747415,630,4,90,15,7.261413878822431
43.17775558761482,-98.91236488262554,472,10,22,-2,6.345071884011764
43.17695835493723,-98.56399578088238,464,0,0,-4,11.522875795823397
43.17510045928125,-98.2156503746384,447,3,0,-2,7.545104852168523
43.17218217879357,-97.86734758820842,434,2,54,9,7.941743691836643
43.16820395027344,-97.51910633127426,395,2,180,7,7.941743691836643
43.16316636897635,-97.17094549240292,438,2,234,-4,7.941743691836643
43.15707018834655,-96.82288393258293,420,3,270,0,7.545104852168523
43.1499163196791,-96.4749404787852,408,4,116,2,7.261413878822431
43.14170583171113,-96.12713391755352,436,2,146,-9,7.941743691836643
43.13243995014326,-95.7794829886306,438,3,335,-4,7.545104852168523
43.12212005709126,-95.4320063786247,440,2,306,6,7.941743691836643
43.11074769046887,-95.08472271472291,398,2,126,-1,7.941743691836643
43.098324543302006,-94.7376505584559,373,1,270,-6,8.607715418818213
43.08485246297533,-94.39080839951971,371,2,306,-3,7.941743691836643
43.07033345041167,-94.04421464965974,373,3,110,3,7.545104852168523
43.05476965918528,-93.69788763662184,380,2,54,-1,7.941743691836643
43.038163394569736,-93.3518455981758,370,2,234,3,7.941743691836643
43.02051711252128,-93.0061066762158,317,4,0,1,7.261413878822431
43.00183341859886,-92.6606889109428,326,3,155,-4,7.545104852168523
42.98211506682151,-92.31561023513322,340,2,146,0,7.941743691836643
42.96136495846445,-91.97088846849864,348,0,0,-7,11.522875795823397
42.93958614079524,-91.62654131214072,258,4,0,0,7.261413878822431
42.91678180575041,-91.28258634310572,327,3,336,-5,7.545104852168523
42.89295528855475,-90.93904100904214,298,9,84,-15,6.451747248958747
42.86811006628399,-90.59592262296604,305,5,80,5,7.040188830991998
42.84224975637209,-90.25324835813716,296,7,227,-12,6.70452216925573
42.81537811506529,-89.91103524304991,328,3,90,-1,7.545104852168523
42.78749903582325,-89.56930015654193,313,2,146,8,7.941743691836643
42.758616547669575,-89.22805982302427,273,4,138,3,7.261413878822431
42.72873481349296,-88.88733080783531,288,2,180,2,7.941743691836643
42.69785812830045,-88.547129512722,291,3,90,-2,7.545104852168523
42.6659909174242,-88.20747217145053,233,0,0,1,11.522875795823397
42.63313773468367,-87.86837484554933,209,6,262,0,6.858642093395692
42.45425038038826,-86.18183803551199,202,4,76,-12,7.261413878822431
42.41558394987514,-85.84642794649773,248,5,208,-5,7.040188830991998
42.3759668588628,-85.5116851520057,286,6,204,-7,6.858642093395692
42.33540461808147,-85.17762419892422,265,5,306,10,7.040188830991998
42.293902848468,-84.84425942984856,282,1,270,1,8.607715418818213
42.251467278972505,-84.51160498023935,292,3,24,2,7.545104852168523
42.208103744338985,-84.17967477572743,293,3,53,-2,7.545104852168523
42.16381818286151,-83.8484825295662,250,4,116,-6,7.261413878822431
42.11861663411786,-83.51804174023066,210,5,195,-5,7.040188830991998
42.07250523668216,-83.18836568916387,172,0,0,0,11.522875795823397
41.77708567856476,-81.22708480085596,172,0,0,0,11.522875795823397
41.724785047678886,-80.90311516163061,262,2,146,-2,7.941743691836643
41.67162696056361,-80.58000847675753,336,9,24,1,6.451747248958747
41.61761834123615,-80.2577759969632,367,7,21,-6,6.70452216925573
41.56276618906372,-79.93642874134953,405,13,236,-5,6.076901183003046
41.50707757635772,-79.6159774967044,485,4,76,8,7.261413878822431
41.450559645966926,-79.29643281694587,519,12,123,7,6.159167458950843
41.39321960887109,-78.97780502269799,511,6,180,-3,6.858642093395692
41.3350647417762,-78.6601042009964,564,10,194,7,6.345071884011764
41.276102384713234,-78.34334020512136,667,2,326,-4,7.941743691836643
41.21633993864158,-78.02752265455604,461,6,127,-5,6.858642093395692
41.15578486305845,-77.71266093506759,507,6,168,-5,6.858642093395692
41.09444467361588,-77.3987641989089,249,4,162,-10,7.261413878822431
41.03232693974638,-77.08584136513792,519,14,149,12,6.000299329861114
40.9694392822988,-76.77390112005271,168,5,233,11,7.040188830991998
40.9057893711852,-76.46295191773885,204,5,307,0,7.040188830991998
40.8413849230406,-76.15300198072718,556,1,180,-11,8.607715418818213
40.7762336988961,-75.84405930075843,191,4,270,2,7.261413878822431
40.71034350186697,-75.53613163965244,171,0,0,10,11.522875795823397
40.64372217485671,-75.22922653027899,235,7,351,-7,6.70452216925573
40.57637759827801,-74.92335127762706,192,4,18,-4,7.261413878822431
40.50831768779172,-74.61851295996996,25,3,307,-5,7.545104852168523
40.43955039206493,-74.31471843012322,20,13,94,6,6.076901183003046
40.370083690549,-74.01197431679208,28,6,38,8,6.858642093395692
40.566087409090215,-124.2302734055614,12,1,90,0,8.607715418818213
40.63646736869702,-123.92724177576017,781,5,45,-9,7.040188830991998
40.70614739862916,-123.62314342208288,824,26,76,1,5.331277149398757
40.77511940974542,-123.31798486606874,500,28,353,-1,5.2451216767435955
40.84337534236751,-123.01177285690444,1197,35,25,13,4.970316820703456
40.91090716852578,-122.70451437289005,854,19,107,-20,5.67858487499791
40.97770689422626,-122.3962166228145,860,32,229,-17,5.083968235816121
41.04376656173788,-122.0868870472384,1296,31,112,-28,5.123080734108857
41.109078251899206,-121.77653331968014,1506,12,186,23,6.159167458950843
41.1736340864432,-121.46516334770318,1117,2,233,5,7.941743691836643
41.23742623033946,-121.152785273901,1267,0,0,0,11.522875795823397
41.30044689415242,-120.83940747677649,1652,11,265,-3,6.248120224858334
41.36268833641478,-120.52503857151328,1341,1,180,-2,8.607715418818213
41.42414286601435,-120.20968741063604,2276,40,15,-26,4.789622455256336
41.484802844593965,-119.8933630845561,2057,5,111,-7,7.040188830991998
41.54466068896231,-119.57607492200113,1936,4,63,-6,7.261413878822431
41.6037088735152,-119.25783249032438,1872,5,233,0,7.040188830991998
41.66193993266523,-118.93864559569218,1472,6,73,-12,6.858642093395692
41.71934646327897,-118.61852428314636,1970,16,158,-26,5.860997933550507
41.77592112712024,-118.29747883653933,1466,2,127,-1,7.941743691836643
41.83165665329757,-117.97551977833916,1661,2,146,7,7.941743691836643
41.8865458407152,-117.65265786930313,1427,3,307,-1,7.545104852168523
41.940581560525146,-117.32890410801596,1858,3,180,2,7.545104852168523
41.99375675857984,-117.0042697302925,1588,5,90,3,7.040188830991998
42.04606445788283,-116.6787662084412,1518,0,0,0,11.522875795823397
42.0974977610367,-116.35240525038752,1719,5,250,-2,7.040188830991998
42.148049852686135,-116.0251987986551,1893,4,104,-2,7.261413878822431
42.197714001954736,-115.69715902920304,1484,30,132,-2,5.162923839635655
42.24648356487381,-115.368298350118,1593,2,0,0,7.941743691836643
42.29435198680153,-115.03862940015934,1520,1,270,-9,8.607715418818213
42.34131280483077,-114.7081650471565,1413,0,0,-9,11.522875795823397
42.3873596501837,-114.37691838625749,1451,32,118,-42,5.083968235816121
42.43248625059182,-114.04490273802728,1307,3,24,0,7.545104852168523
42.47668643265924,-113.71213164639556,1284,3,270,-1,7.545104852168523
42.51995412420764,-113.37861887645325,1354,2,180,-2,7.941743691836643
42.56228335660131,-113.04437841209742,1639,16,207,23,5.860997933550507
42.60366826705009,-112.70942445352416,2437,29,289,-34,5.203575778621866
42.644103100888806,-112.37377141456946,2079,6,156,0,6.858642093395692
42.683582213831166,-112.03743391989832,1708,7,60,35,6.70452216925573
42.72210007419653,-111.70042680204212,1966,2,326,-12,7.941743691836643
42.75965126510735,-111.3627650982849,2002,8,76,-2,6.570477324756705
42.796230486656206,-111.02446404739928,1860,9,180,-3,6.451747248958747
42.83183255803993,-110.68553908623268,2168,17,267,22,5.7971052477000855
42.866452419659325,-110.3460058461451,2312,3,250,6,7.545104852168523
42.900085135183,-110.00588014929966,2278,6,180,2,6.858642093395692
42.93272589357292,-109.66517800480702,2723,5,290,11,7.040188830991998
42.9643700110707,-109.3239156047261,3143,4,180,10,7.261413878822431
42.99501293314219,-108.98210931992196,1877,5,54,5,7.040188830991998
43.02465023637925,-108.63977569578373,1629,1,270,2,8.607715418818213
43.05327763035671,-108.2969314478043,1510,2,54,6,7.941743691836643
43.08089095944273,-107.95359345702438,1578,7,74,6,6.70452216925573
43.10748620456151,-107.60977876534363,1743,5,15,0,7.040188830991998
43.13305948490619,-107.26550457070157,1896,1,180,5,8.607715418818213
43.15760705960045,-106.92078822213112,1670,3,290,5,7.545104852168523
43.18112532930774,-106.57564721468862,1722,4,284,4,7.261413878822431
43.20361083778607,-106.23009918426274,1698,6,299,1,6.858642093395692
43.22506027338733,-105.88416190226675,1731,3,290,4,7.545104852168523
43.24547047049937,-105.53785327021728,1493,2,234,5,7.941743691836643
43.26483841093008,-105.19119131420376,1442,1,0,7,8.607715418818213
43.283161225231375,-104.84419417925284,1345,8,104,-9,6.570477324756705
43.3004361939625,-104.49688012359135,1236,2,0,-4,7.941743691836643
43.31666074889103,-104.14926751281304,1216,1,270,0,8.607715418818213
43.33183247413057,-103.801374813953,1057,1,90,-2,8.607715418818213
43.3459491072142,-103.45322058947502,1001,12,180,-1,6.159167458950843
43.35900854010217,-103.10482349117616,955,4,284,5,7.261413878822431
43.37100882012351,-102.75620225401406,882,4,199,6,7.261413878822431
43.38194815084996,-102.4073756898617,906,6,90,-2,6.858642093395692
43.39182489290187,-102.05836268119504,1029,8,244,2,6.570477324756705
43.40063756468509,-101.70918217471886,854,2,306,-4,7.941743691836643
43.40838484305802,-101.35985317493603,835,5,260,9,7.040188830991998
43.41506556392841,-101.01039473766618,764,4,90,-9,7.261413878822431
43.42067872277902,-100.66082596351862,726,12,6,13,6.159167458950843
43.425223475121854,-100.31116599132628,633,6,126,6,6.858642093395692
43.42869913688055,-99.96143399154532,587,2,215,4,7.941743691836643
43.43110518470007,-99.61164915962692,558,1,270,-3,8.607715418818213
43.43244125618412,-99.2618307093667,452,7,246,-8,6.70452216925573
43.43270715005958,-98.91199786623822,498,3,270,1,7.545104852168523
43.43190282626769,-98.56216986071573,486,2,54,-3,7.941743691836643
43.43002840598231,-98.21236592159252,499,0,0,-9,11.522875795823397
43.42708417155488,-97.86260526930108,401,1,0,-4,8.607715418818213
43.42307056638641,-97.51290710924016,432,1,270,-2,8.607715418818213
43.41798819472629,-97.16329062511583,435,2,54,3,7.941743691836643
43.41183782139862,-96.81377497230116,436,5,180,6,7.040188830991998
43.404620371455565,-96.46437927122152,421,2,325,-6,7.941743691836643
43.39633692975914,-96.11512260077065,417,3,250,-4,7.545104852168523
43.38698874049075,-95.76602399176332,465,3,0,-8,7.545104852168523
43.37657720658972,-95.41710242043094,450,2,145,-2,7.941743691836643
43.36510388912111,-95.06837680196456,451,2,54,-5,7.941743691836643
43.352570506573386,-94.71986598411226,394,3,70,-3,7.545104852168523
43.33897893408679,-94.37158874083524,364,1,180,-4,8.607715418818213
43.324331202613074,-94.02356376602864,355,2,54,-3,7.941743691836643
43.30862949800735,-93.675809667312,392,2,0,0,7.941743691836643
43.29187616005315,-93.32834495989503,365,4,90,-1,7.261413878822431
43.274073681421626,-92.98118806052314,364,1,0,-4,8.607715418818213
43.255224706565485,-92.63435728150787,333,1,0,-6,8.607715418818213
43.23533203054944,-92.28787082484745,365,8,138,-11,6.570477324756705
43.21439859781758,-91.94174677644094,358,2,0,-2,7.941743691836643
43.19242750089951,-91.59600310040231,369,11,81,7,6.248120224858334
43.16942197905585,-91.2506576334767,245,22,121,-5,5.519132026132706
43.14538541686491,-90.9057280795644,203,3,54,0,7.545104852168523
43.120321342751645,-90.56123200435653,231,19,173,11,5.67858487499791
43.09423342746014,-90.21718683008515,284,9,163,22,6.451747248958747
43.06712548247131,-89.8736098303931,317,7,21,-7,6.70452216925573
43.03900145836722,-89.53051812532529,339,5,80,-8,7.040188830991998
43.00986544314328,-89.18792867644626,299,3,110,5,7.545104852168523
42.97972166047032,-88.84585828208616,264,4,284,-2,7.261413878822431
42.9485744679075,-88.50432357271835,266,1,270,-6,8.607715418818213
42.91642835506848,-88.16334100647143,263,1,0,3,8.607715418818213
42.70284192675852,-86.12993948730112,223,1,180,-2,8.607715418818213
42.66383976830124,-85.79326739532124,228,1,0,0,8.607715418818213
42.623879126086266,-85.45727241468181,255,5,90,-6,7.040188830991998
42.58296558872362,-85.12196927371471,292,0,0,0,11.522875795823397
42.54110485631215,-84.78737249137603,274,2,306,6,7.941743691836643
42.49830273819892,-84.45349637435973,298,0,0,1,11.522875795823397
42.45456515071225,-84.12035501436294,290,1,270,6,8.607715418818213
42.40989811487028,-83.78796228550354,272,4,199,7,7.261413878822431
42.36430775406653,-83.45633184188934,221,1,180,1,8.607715418818213
42.31780029173482,-83.12547711533941,183,1,270,-2,8.607715418818213
41.91350288395204,-80.50810203430626,260,3,180,0,7.545104852168523
41.85903689137432,-80.18479558135301,447,2,90,-3,7.941743691836643
41.80372100858507,-79.86238654381904,438,6,98,0,6.858642093395692
41.74756240108725,-79.54088580070234,535,7,133,2,6.70452216925573
41.69056830539788,-79.22030399292414,545,10,85,3,6.345071884011764
41.63274602659624,-78.90065152293569,517,4,244,18,7.261413878822431
41.57410293587456,-78.58193855445803,581,9,247,9,6.451747248958747
41.51464646809235,-78.26417501235292,497,15,263,2,5.928550143214419
41.45438411933617,-77.94737058262223,415,28,256,2,5.2451216767435955
41.393323444485965,-77.63153471253369,552,2,214,5,7.941743691836643
41.3314720547894,-77.31667661086989,559,4,256,9,7.261413878822431
41.26883761544582,-77.00280524829847,243,8,312,25,6.570477324756705
41.20542784320066,-76.68992935786045,314,7,121,-2,6.70452216925573
41.14125050395198,-76.378057435574,254,9,326,2,6.451747248958747
41.07631341037018,-76.06719774115086,294,2,0,5,7.941743691836643
41.01062441953216,-75.75735829882244,401,2,270,-5,7.941743691836643
40.94419143057095,-75.44854689827272,300,11,307,6,6.248120224858334
40.87702238234215,-75.140771095675,199,6,156,0,6.858642093395692
40.809125251108135,-74.8340382148293,215,18,314,-17,5.73642582948546
40.74050804824093,-74.52835534839761,94,6,240,-2,6.858642093395692
40.67117881794509,-74.22372935923356,10,2,127,5,7.941743691836643
40.86763353046402,-124.01970588389838,116,20,139,13,5.623264340182601
40.93788121776728,-123.71477605607794,702,35,300,-64,4.970316820703456
41.00741629194774,-123.4087727054084,1443,37,185,15,4.897002021379538
41.07623059666329,-123.1017025875142,1530,32,354,27,5.083968235816121
41.14431600707135,-122.793572691537,1518,18,314,24,5.73642582948546
41.21166443213132,-122.48439024158742,1703,15,313,6,5.928550143214419
41.27826781692796,-122.17416269810164,1298,18,243,29,5.73642582948546
41.34411814501503,-121.86289775910006,1743,8,111,0,6.570477324756705
41.409207440778175,-121.55060336134451,1355,3,291,0,7.545104852168523
41.47352777181559,-121.23728768139092,1391,2,233,4,7.941743691836643
41.537071251335824,-120.92295913653444,1571,2,0,-4,7.941743691836643
41.59983004057122,-120.60762638564364,1494,2,307,3,7.941743691836643
41.66179635120599,-120.2912983298812,2235,2,307,-5,7.941743691836643
41.72296244781754,-119.9739841133074,1797,11,104,7,6.248120224858334
41.78332065032988,-119.65569312336424,2057,16,304,-11,5.860997933550507
41.84286333647778,-119.33643499123674,2040,5,110,4,7.040188830991998
41.90158294428027,-119.0162195920888,1645,7,180,-11,6.70452216925573
41.95947197452213,-118.69505704517115,1534,29,232,12,5.203575778621866
42.01652299324197,-118.3729577137983,1664,5,233,-14,7.040188830991998
42.07272863422536,-118.04993220519214,1681,12,270,-8,6.159167458950843
42.12808160150156,-117.72599137018987,1462,6,262,0,6.858642093395692
42.182574671842445,-117.40114630281394,1808,13,310,25,6.076901183003046
42.23620069726172,-117.07540833970111,1631,1,90,0,8.607715418818213
42.28895260751328,-116.74878905938954,1656,4,256,4,7.261413878822431
42.34082341258675,-116.42130028146104,1629,4,180,-8,7.261413878822431
42.39180620519864,-116.092954065537,1845,4,222,7,7.261413878822431
42.441894163277645,-115.7637627101262,1446,1,180,15,8.607715418818213
42.491080552442014,-115.43373875132288,1349,4,199,-7,7.261413878822431
42.53935872846761,-115.10289496135348,1238,5,54,4,7.040188830991998
42.58672213974479,-114.77124434697096,1149,6,39,2,6.858642093395692
42.633164329722206,-114.43880014769552,1117,4,0,2,7.261413878822431
42.67867893933601,-114.1055758339003,1271,1,270,-7,8.607715418818213
42.7232597094224,-113.77158510474196,1292,2,306,0,7.941743691836643
42.76690048311195,-113.43684188593492,1319,3,306,-4,7.545104852168523
42.8095952082037,-113.1013603273689,1381,4,146,1,7.261413878822431
42.8513379395172,-112.7651548005696,1344,3,90,0,7.545104852168523
42.89212284122083,-112.42823989600238,1450,3,336,-5,7.545104852168523
42.93194418913439,-112.09063042021867,2138,7,34,10,6.70452216925573
42.97079637300407,-111.75234139284606,1858,1,0,2,8.607715418818213
43.00867389874831,-111.41338804342168,1948,4,104,-3,7.261413878822431
43.045571390672045,-111.07378580807033,1775,1,270,2,8.607715418818213
43.08148359364828,-110.73355032602758,2031,10,242,12,6.345071884011764
43.11640537526461,-110.39269743600934,2250,16,23,-7,5.860997933550507
43.15033172793292,-110.05124317242893,2325,2,234,-7,7.941743691836643
43.18325777096087,-109.709203761463,3322,6,54,-5,6.858642093395692
43.21517875258274,-109.3665956169684,3068,8,83,-2,6.570477324756705
43.2460900519485,-109.02343533625158,1722,0,0,-1,11.522875795823397
43.27598718106872,-108.6797396956923,1673,2,234,-6,7.941743691836643
43.30486578671426,-108.33552564622484,1515,1,270,4,8.607715418818213
43.33272165226842,-107.99081030867802,1601,2,234,6,7.941743691836643
43.35955069953026,-107.64561096897792,1677,0,0,-2,11.522875795823397
43.38534899046743,-107.2999450732153,2493,14,315,2,6.000299329861114
43.4101127289164,-106.95383022258112,1919,6,347,4,6.858642093395692
43.43383826222948,-106.6072841681738,1565,2,306,4,7.941743691836643
43.45652208286609,-106.26032480568104,1503,5,165,-1,7.040188830991998
43.47816082992748,-105.91297016994044,1621,3,0,6,7.545104852168523
43.49875129063295,-105.56523842938267,1470,5,54,-1,7.040188830991998
43.51829040173665,-105.21714788036093,1452,9,343,9,6.451747248958747
43.53677525088323,-104.86871694137132,1313,4,223,-2,7.261413878822431
43.554203077901214,-104.5199641471684,1250,3,25,7,7.545104852168523
43.57057127603287,-104.17090814278038,1129,2,306,2,7.941743691836643
43.58587739309908,-103.82156767742872,1401,14,247,15,6.000299329861114
43.60011913259868,-103.4719615983572,1390,8,131,4,6.570477324756705
43.613294354740525,-103.12210884457532,999,1,180,2,8.607715418818213
43.62540107740767,-102.77202844052094,848,4,223,7,7.261413878822431
43.63643747705259,-102.42173948964822,794,2,306,6,7.941743691836643
43.64640188952272,-102.07126116794537,821,2,54,6,7.941743691836643
43.655292810814935,-101.7206127173883,696,3,250,-2,7.545104852168523
43.66310889775921,-101.36981343933586,715,4,64,4,7.261413878822431
43.66984896862962,-101.01888268787184,705,5,195,5,7.040188830991998
43.67551200368308,-100.66783986310035,586,8,54,3,6.570477324756705
43.68009714562454,-100.3167044043998,599,1,90,4,8.607715418818213
43.683603699998656,-99.9654957836416,478,2,180,1,7.941743691836643
43.68603113550724,-99.6142334983804,536,4,317,4,7.261413878822431
43.68737908425236,-99.26293706502022,492,2,0,1,7.941743691836643
43.687647341904814,-98.91162601196476,505,1,90,5,8.607715418818213
43.686835867797576,-98.56031987275604,480,3,110,3,7.545104852168523
43.68494478494439,-98.20903817920896,428,2,54,5,7.941743691836643
43.68197437998363,-97.85780045454712,395,3,250,-3,7.545104852168523
43.67792510304687,-97.50662620654668,439,4,256,-1,7.261413878822431
43.67279756755305,-97.15553492069355,472,6,320,-2,6.858642093395692
43.66659254992772,-96.80454605336138,480,5,215,0,7.040188830991998
43.65931098924846,-96.4536790250148,448,0,0,8,11.522875795823397
43.65095398681594,-96.10295321344556,447,2,306,7,7.941743691836643
43.641522805651775,-95.75238794704632,507,2,145,2,7.941743691836643
43.6310188699233,-95.40200249812897,449,2,306,-6,7.941743691836643
43.61944376429604,-95.05181607629252,458,4,0,-5,7.261413878822431
43.60679923321416,-94.70184782184708,389,1,180,-2,8.607715418818213
43.593087180110345,-94.35211679929908,352,2,325,2,7.941743691836643
43.57830966654483,-94.00264199090364,332,1,0,4,8.607715418818213
43.56246891127568,-93.6534422902894,395,2,0,8,7.941743691836643
43.54556728926007,-93.30453649616112,379,3,250,-3,7.545104852168523
43.52760733058837,-92.9559433060856,365,3,70,-2,7.545104852168523
43.5085917193517,-92.60768131036566,415,2,306,-6,7.941743691836643
43.48852329244419,-92.25976898600716,388,4,215,-2,7.261413878822431
43.46740503830097,-91.91222469078431,365,1,90,1,8.607715418818213
43.44524009557334,-91.56506665740709,284,22,41,-25,5.519132026132706
43.42203175174226,-91.2183129877962,187,0,0,0,11.522875795823397
43.397783441671336,-90.8719816474692,326,8,290,-25,6.570477324756705
43.37249874610114,-90.52609046004213,326,13,290,-9,6.076901183003046
43.34618139008567,-90.18065710185074,239,1,180,4,8.607715418818213
43.318835241372994,-89.83569909669504,238,2,126,12,7.941743691836643
43.29046430873134,-89.49123381071043,341,11,138,-8,6.248120224858334
43.26107274022195,-89.14727844736949,281,3,126,3,7.545104852168523
43.23066482142083,-88.80385004261679,259,1,90,4,8.607715418818213
43.199244973590616,-88.4609654601406,301,3,250,-3,7.545104852168523
43.16681775180427,-88.1186413867834,258,0,0,9,11.522875795823397
42.95137101851203,-86.07737872855733,188,2,54,2,7.941743691836643
42.91203054649192,-85.73942969841042,191,1,90,-3,8.607715418818213
42.87172371860993,-85.4021678027854,258,2,234,-5,7.941743691836643
42.8304562027197,-85.06560795449555,260,0,0,2,11.522875795823397
42.78823377946031,-84.72976485174415,248,2,0,-3,7.941743691836643
42.74506233996711,-84.39465297519311,265,2,306,4,7.941743691836643
42.70094788355593,-84.06028658518849,272,1,180,-5,8.607715418818213
42.65589651538273,-83.72667971914329,311,3,290,-3,7.545104852168523
42.60991444408006,-83.39384618907684,301,4,256,6,7.261413878822431
42.56300797937271,-83.06179957931145,195,1,90,-9,8.607715418818213
42.10034011858526,-80.1109177107284,226,2,307,-5,7.941743691836643
42.04455725694614,-79.78743601218811,512,3,180,-2,7.545104852168523
41.98792538332444,-79.46487512961303,535,5,307,5,7.040188830991998
41.93045182934326,-79.14324579132067,394,7,133,8,6.70452216925573
41.872143995612966,-78.82255848184914,498,7,30,9,6.70452216925573
41.81300934923605,-78.50282344173365,678,5,28,4,7.040188830991998
41.753055421316255,-78.18405066741754,558,10,281,6,6.345071884011764
41.69228980447378,-77.86624991129544,686,19,90,4,5.67858487499791
41.63072015036749,-77.54943068188594,723,3,70,3,7.545104852168523
41.56835416722606,-77.23360224413084,493,6,141,2,6.858642093395692
41.50519961738903,-76.91877361981867,580,10,315,4,6.345071884011764
41.44126431485925,-76.60495358812916,581,3,0,-7,7.545104852168523
41.37655612286819,-76.29215068629615,662,3,307,-1,7.545104852168523
41.31108295145489,-75.98037321038571,349,0,0,0,11.522875795823397
41.24485275506041,-75.66962921618648,615,4,297,2,7.261413878822431
41.17787353013844,-75.35992652020941,647,5,208,5,7.040188830991998
41.110153312783424,-75.05127270079333,236,8,53,9,6.570477324756705
41.0417001763773,-74.74367509931365,200,10,315,-12,6.345071884011764
40.97252222925582,-74.43714082149062,280,10,315,2,6.345071884011764
40.902627612395634,-74.13167673879425,14,4,270,-1,7.261413878822431
40.8320244971229,-73.82728948994252,18,0,0,-2,11.522875795823397
41.09861573648417,-124.1132500769288,318,10,74,-4,6.345071884011764
41.16943457702226,-123.80748225158682,897,10,101,-12,6.345071884011764
41.23953621102781,-123.50062735089485,1090,39,333,-8,4.8251363113757595
41.308912384249375,-123.1926921353711,717,17,325,-4,5.7971052477000855
41.377554873707226,-122.88368360354671,1019,22,48,-6,5.519132026132706
41.44545549003136,-122.57360899349666,1528,23,332,24,5.469880104866039
41.512606079821865,-122.26247578427376,1316,5,307,4,7.040188830991998
41.57899852803027,-121.95029169724262,1480,3,0,-3,7.545104852168523
41.64462476036068,-121.63706469731012,1945,11,214,-5,6.248120224858334
41.70947674569,-121.32280299404913,1275,4,138,10,7.261413878822431
41.773546498505766,-121.0075150427122,1440,3,307,2,7.545104852168523
41.836826081360606,-120.6912095451319,1528,0,0,0,11.522875795823397
41.899307607341925,-120.3738954505047,1434,0,0,0,11.522875795823397
41.96098324255582,-120.05558195605536,1811,10,254,2,6.345071884011764
42.02184520862367,-119.73627850757843,2064,2,34,4,7.941743691836643
42.08188578519013,-119.41599479985425,1833,3,24,-3,7.545104852168523
42.14109731244136,-119.0947407769361,1802,16,27,-6,5.860997933550507
42.19947219363166,-118.7725266323062,1826,16,218,10,5.860997933550507
42.25700289761737,-118.44936280889702,1364,0,0,6,11.522875795823397
42.31368196139658,-118.12525999897588,1548,20,290,-12,5.623264340182601
42.36950199265288,-117.80022914389006,1446,6,180,-1,6.858642093395692
42.42445567230156,-117.4742814336697,1570,3,290,0,7.545104852168523
42.478535757037136,-117.14742830648646,1467,3,306,-6,7.545104852168523
42.53173508188004,-116.81968144796556,1729,5,180,-4,7.040188830991998
42.58404656272095,-116.49105279034882,1773,5,165,-5,7.040188830991998
42.63546319886132,-116.1615545115074,1647,3,336,0,7.545104852168523
42.68597807554809,-115.83119903380148,1036,2,306,0,7.941743691836643
42.73558436650104,-115.49999902278584,1084,3,336,0,7.545104852168523
42.78427533643077,-115.16796738575954,1008,2,54,3,7.941743691836643
42.83204434354586,-114.83511727015826,1013,3,180,1,7.545104852168523
42.878884842047135,-114.50146206178826,1182,2,306,-4,7.941743691836643
42.92479038460729,-114.1670153829004,1258,2,326,0,7.941743691836643
42.969754624834,-113.831791090104,1344,1,270,-4,8.607715418818213
43.01377131971474,-113.49580327211926,1380,4,256,14,7.261413878822431
43.05683433204132,-113.15906624736792,1575,6,39,-9,6.858642093395692
43.09893763281232,-112.82159456140174,1373,2,234,-6,7.941743691836643
43.14007530361157,-112.48340298416878,1348,1,180,4,8.607715418818213
43.18024153896063,-112.14450650711724,1678,10,221,-6,6.345071884011764
43.21943064864356,-111.80492034013731,1941,7,60,14,6.70452216925573
43.25763706000198,-111.4646599083415,2177,17,227,10,5.7971052477000855
43.29485532019845,-111.12374084868372,1736,11,306,-2,6.248120224858334
43.33108009844638,-110.78217900641836,2125,38,133,23,4.860913441019714
43.36630618820469,-110.4399904314005,2319,36,240,-32,4.933452268831491
43.400528509334926,-110.09719137422782,2939,11,81,2,6.248120224858334
43.433742110219534,-109.75379828222653,3158,20,11,-27,5.623264340182601
43.46594216983902,-109.40982779528252,2202,1,90,-15,8.607715418818213
43.49712399980624,-109.06529674151992,2173,3,110,-3,7.545104852168523
43.5272830463562,-108.72022213282877,2003,6,234,-1,6.858642093395692
43.55641489228945,-108.37462116024464,1531,2,0,6,7.941743691836643
43.58451525886712,-108.0285111891827,1586,13,296,7,6.076901183003046
43.61158000765628,-107.68190975452838,1792,6,0,7,6.858642093395692
43.63760514232366,-107.3348345555886,1595,5,290,4,7.040188830991998
43.66258681037593,-106.9873034509059,2003,13,139,1,6.076901183003046
43.6865213048453,-106.63933445293937,1454,1,90,-2,8.607715418818213
43.709405065918645,-106.2909457226158,1344,1,270,6,8.607715418818213
43.73123468250836,-105.9421555637548,1512,5,0,0,7.040188830991998
43.752006893764005,-105.59298241737216,1562,2,234,6,7.941743691836643
43.7717185905228,-105.24344485586512,1446,0,0,6,11.522875795823397
43.7903668166978,-104.89356157708468,1368,3,54,3,7.545104852168523
43.807948770602266,-104.54335139829864,1305,3,250,-5,7.545104852168523
43.82446180620927,-104.19283325005075,1334,5,209,3,7.040188830991998
43.83990343434464,-103.84202616992076,1990,3,126,-1,7.545104852168523
43.85427132381296,-103.49094929618995,1651,17,49,6,5.7971052477000855
43.86756330245459,-103.13962186141822,1035,3,180,-3,7.545104852168523
43.879777358133445,-102.78806318593696,910,4,296,-5,7.261413878822431
43.89091163965393,-102.43629267126448,866,0,0,-1,11.522875795823397
43.90096445760656,-102.08432979344846,789,1,0,-1,8.607715418818213
43.90993428514114,-101.73219409634196,753,2,325,4,7.941743691836643
43.917819758666845,-101.3799051848184,687,6,54,-6,6.858642093395692
43.924619678478486,-101.0274827179317,691,2,180,-5,7.941743691836643
43.93033300930826,-100.67494640202756,722,4,161,-2,7.261413878822431
43.93495888080253,-100.32231598381196,583,1,180,5,8.607715418818213
43.93849658792308,-99.96961124338304,555,2,325,3,7.941743691836643
43.94094559127232,-99.61685198723298,549,3,110,-9,7.545104852168523
43.94230551734243,-99.2640580412256,488,6,335,4,6.858642093395692
43.942576158688006,-98.91124924355664,507,3,290,-3,7.545104852168523
43.941757474021735,-98.55844543770266,481,2,54,4,7.941743691836643
43.939849588233606,-98.20566646536513,393,1,180,-4,8.607715418818213
43.936852792333134,-97.85293215941633,408,2,126,3,7.941743691836643
43.93276754331491,-97.500262336853,471,4,180,0,7.261413878822431
43.92759446394754,-97.14767679176472,546,2,234,-8,7.941743691836643
43.9213343424862,-96.7951952883228,512,5,126,-2,7.040188830991998
43.91398813230902,-96.44283755379638,494,2,306,6,7.941743691836643
43.90555695147787,-96.09062327160224,514,2,325,-2,7.941743691836643
43.89604208222372,-95.73857207439376,486,3,54,-1,7.545104852168523
43.88544497035744,-95.38670353719624,431,2,234,6,7.941743691836643
43.87376722460613,-95.03503717059364,417,9,215,4,6.451747248958747
43.86101061587637,-94.68359241397386,356,0,0,0,11.522875795823397
43.8471770764444,-94.33238862883712,326,1,90,1,8.607715418818213
43.83226869907444,-93.98144509217458,312,1,0,-5,8.607715418818213
43.81628773606616,-93.63078098992206,356,1,90,2,8.607715418818213
43.79923659823178,-93.2804154104945,367,2,126,3,7.941743691836643
43.7811178538043,-92.93036733840697,382,1,270,-2,8.607715418818213
43.76193422727765,-92.58065564798711,404,3,155,4,7.545104852168523
43.741688598180055,-92.23129909718432,397,1,0,-5,8.607715418818213
43.72038399978168,-91.88231632148072,337,8,137,14,6.570477324756705
43.698023617738045,-91.53372582790844,341,17,47,-17,5.7971052477000855
43.67461078867025,-91.18554598917828,341,4,317,-35,7.261413878822431
43.65014899868356,-90.8377950379239,355,3,205,4,7.545104852168523
43.624641881825845,-90.49049106106588,311,8,137,4,6.570477324756705
43.5980932184871,-90.14365199429965,282,1,90,0,8.607715418818213
43.570506933741854,-89.79729561671166,278,4,180,2,7.261413878822431
43.54188709563576,-89.45143954552684,241,3,90,0,7.545104852168523
43.51223791341821,-89.10610123099116,288,2,325,7,7.941743691836643
43.48156373572254,-88.76129795139273,288,1,180,1,8.607715418818213
43.44986904869531,-88.41704680822433,309,2,126,-5,7.941743691836643
43.417158474076906,-88.0733647214902,275,2,145,7,7.941743691836643
43.19983678421047,-86.02414592490979,201,3,290,3,7.545104852168523
43.16015537091243,-85.6849048317197,234,0,0,1,11.522875795823397
43.11949968018971,-85.34636110778112,276,2,234,-5,7.941743691836643
43.07787546053658,-85.0085298534767,246,1,180,-4,8.607715418818213
43.03528857454366,-84.67142594918825,217,1,0,4,8.607715418818213
42.99174499655915,-84.33506405232013,222,2,306,3,7.941743691836643
42.94725081032304,-83.99945859448475,240,2,126,3,7.941743691836643
42.901812206576174,-83.66462377885045,262,3,270,3,7.545104852168523
42.85543548064671,-83.3305735776516,330,2,214,-9,7.941743691836643
42.80812703001486,-82.99732172986079,231,2,326,-1,7.941743691836643
42.75989335185895,-82.6648817390224,202,4,326,-3,7.261413878822431
42.28527319016605,-79.71156462401828,194,1,0,-5,8.607715418818213
42.22816473097879,-79.3879328736073,520,5,233,3,7.040188830991998
42.170208377604354,-79.06524552022549,391,2,180,5,7.941743691836643
42.11141162764498,-78.74351313072094,499,13,153,-5,6.076901183003046
42.05178204556636,-78.42274602253153,658,15,170,-2,5.928550143214419
41.9913272601606,-78.1029542636386,600,21,129,3,5.5701918233974546
41.930054962015774,-77.78414767265652,637,9,252,7,6.451747248958747
41.86797290099334,-77.46633581905483,627,10,311,6,6.345071884011764
41.80508888371489,-77.14952802351078,531,7,349,6,6.70452216925573
41.741410771059776,-76.83373335838867,737,2,90,8,7.941743691836643
41.67694647567463,-76.51896064834362,432,17,25,-15,5.7971052477000855
41.61170395949657,-76.2052184710465,372,7,263,0,6.70452216925573
41.54569123129087,-75.89251515802675,361,9,307,0,6.451747248958747
41.47891634420484,-75.58085879563019,245,3,291,0,7.545104852168523
41.41138739333867,-75.27025722608845,414,4,180,-7,7.261413878822431
41.34311251333469,-74.96071804869676,435,7,277,-6,6.70452216925573
41.274099875985975,-74.65224862109702,249,2,0,5,7.941743691836643
41.20435768786553,-74.34485606066241,327,13,40,2,6.076901183003046
41.133894187976985,-74.03854724598062,159,2,326,-9,7.941743691836643
41.062717645427774,-73.73332881843207,79,4,198,4,7.261413878822431
41.40080486678539,-123.90127556184632,302,30,84,10,5.162923839635655
41.471476602607865,-123.59356235088453,1094,23,323,-2,5.469880104866039
41.541418186388384,-123.28475503945528,1333,25,172,-10,5.376102417024408
41.610621295724656,-122.97486063394784,843,3,53,4,7.545104852168523
41.679077641613,-122.66388638496696,948,18,250,17,5.73642582948546
41.746778970846165,-122.3518397888475,963,10,152,8,6.345071884011764
41.813717068432666,-122.03872858906728,1294,2,326,3,7.941743691836643
41.87988376003735,-121.724560777554,1243,1,270,8,8.607715418818213
41.94527091444149,-121.4093445958832,1228,3,53,5,7.545104852168523
42.009870446021495,-121.09308853636404,1391,2,307,3,7.941743691836643
42.07367431724506,-120.77580134300852,1813,5,259,-3,7.040188830991998
42.1366745411834,-120.4574920123822,1448,1,180,3,8.607715418818213
42.198863184038416,-120.13816979433211,1703,0,0,0,11.522875795823397
42.260232367683344,-119.81784419258904,1364,2,180,9,7.941743691836643
42.32077427221552,-119.49652496524088,1693,2,214,0,7.941743691836643
42.380481138520175,-119.17422212507404,1601,2,146,-4,7.941743691836643
42.43934527084315,-118.85094593978025,1583,23,250,3,5.469880104866039
42.497359039371794,-118.52670693202496,1221,8,54,0,6.570477324756705
42.55451488282191,-118.20151587937548,1247,0,0,1,11.522875795823397
42.61080531102967,-117.87538381408578,1218,2,326,8,7.941743691836643
42.66622290754648,-117.54832202273472,1231,2,180,8,7.941743691836643
42.7207603322354,-117.22034204571648,1434,4,116,0,7.261413878822431
42.774410323867485,-116.89145567657977,1829,10,105,16,6.345071884011764
42.8271657027162,-116.56167496121375,1596,0,0,6,11.522875795823397
42.87901937314823,-116.2310121968791,1029,5,29,1,7.040188830991998
42.92996432620894,-115.89947993108156,822,4,199,-1,7.261413878822431
42.97999364220077,-115.56709096028663,897,4,90,-2,7.261413878822431
43.02910049325252,-115.2338583284734,839,4,284,-4,7.261413878822431
43.07727814587806,-114.8997953255262,1238,3,155,-4,7.545104852168523
43.12451996352209,-114.56491548546305,1457,10,158,-8,6.345071884011764
43.17081940909167,-114.22923258449866,1404,0,0,0,11.522875795823397
43.216170047471095,-113.89276063894246,1443,3,270,11,7.545104852168523
43.26056554801855,-113.55551390292972,1559,2,234,-4,7.941743691836643
43.30399968704241,-113.21750686598564,1582,1,270,7,8.607715418818213
43.346466350255376,-112.87875425042184,1550,3,180,-6,7.545104852168523
43.38795953520435,-112.53927100856524,1467,6,167,-1,6.858642093395692
43.428473353674406,-112.199072319819,1426,2,306,6,7.941743691836643
43.46800203406442,-111.85817358755588,1785,7,294,-5,6.70452216925573
43.50653992373287,-111.5165904358445,1849,10,105,2,6.345071884011764
43.54408149131154,-111.17433870600908,2269,8,70,-2,6.570477324756705
43.58062132898532,-110.83143445302316,1914,1,180,4,8.607715418818213
43.616154154736094,-110.48789394173888,2258,13,145,-4,6.076901183003046
43.650674814548815,-110.14373364295284,2454,8,54,7,6.570477324756705
43.68417828457785,-109.79897022930996,2333,21,120,3,5.5701918233974546
43.716659673271565,-109.45362057104704,2793,17,87,-5,5.7971052477000855
43.74811422345353,-109.10770173157846,3037,15,115,21,5.928550143214419
43.778537314358175,-108.76123096292532,1960,17,338,27,5.7971052477000855
43.80792446361919,-108.41422570099124,1522,4,180,-1,7.261413878822431
43.83627132920886,-108.06670356068707,1433,21,102,5,5.5701918233974546
43.86357371132664,-107.71868233090728,1404,6,25,5,6.858642093395692
43.88982755423486,-107.3701799693612,1426,1,270,-1,8.607715418818213
43.91502894804033,-107.0212145972626,2388,15,165,3,5.928550143214419
43.93917413041979,-106.67180449388084,1504,3,250,-13,7.545104852168523
43.96225948828762,-106.32196809095724,1425,5,250,-13,7.040188830991998
43.98428155940457,-105.9717239669909,1382,6,118,0,6.858642093395692
44.005237033925255,-105.62109084139792,1510,1,180,4,8.607715418818213
44.0251227558837,-105.27008756854843,1442,2,234,3,7.941743691836643
44.04393572461492,-104.91873313168576,1475,5,331,6,7.040188830991998
44.0616730961114,-104.5670466367326,1281,10,68,-1,6.345071884011764
44.07833218431309,-104.21504730598934,1626,4,223,4,7.261413878822431
44.093910462329525,-103.86275447172896,1982,21,173,15,5.5701918233974546
44.10840556359311,-103.5101875696945,1633,6,167,-12,6.858642093395692
44.12181528294208,-103.15736613250375,946,2,126,2,7.941743691836643
44.1341375776323,-102.80430978296764,931,2,306,2,7.941743691836643
44.14537056827696,-102.45103822732686,799,7,82,-10,6.70452216925573
44.15551253971264,-102.09757124841366,855,4,270,15,7.261413878822431
44.16456194179177,-101.74392869874411,748,3,0,4,7.545104852168523
44.17251739009988,-101.39013049354722,697,4,341,0,7.261413878822431
44.17937766659728,-101.03619660373673,588,0,0,4,11.522875795823397
44.18514172018457,-100.68214704883248,526,5,280,10,7.040188830991998
44.18980866719105,-100.3280018898371,562,4,77,4,7.261413878822431
44.19337779178603,-99.97378122207472,530,3,70,5,7.545104852168523
44.195848546312064,-99.6195051679985,434,4,90,-1,7.261413878822431
44.19722055154029,-99.26519386997283,510,5,100,-2,7.040188830991998
44.197493596847295,-98.9108674830377,591,1,270,12,8.607715418818213
44.19666764031319,-98.55654616766104,437,3,335,1,7.545104852168523
44.19474280874133,-98.20225008248626,395,3,54,-10,7.545104852168523
44.19171939759909,-97.84799937708154,412,2,180,0,7.941743691836643
44.18759787088007,-97.49381418469716,510,2,306,9,7.941743691836643
44.18237886088786,-97.13971461503824,541,3,250,1,7.545104852168523
44.17606316794126,-96.78572074705878,496,4,199,-3,7.261413878822431
44.16865176000197,-96.43185262178388,523,2,35,-1,7.941743691836643
44.16014577222427,-96.07813023516708,516,1,270,8,8.607715418818213
44.15054650642778,-95.72457353098844,459,1,180,-2,8.607715418818213
44.13985543049354,-95.37120239380069,395,2,54,-5,7.941743691836643
44.12807417768428,-95.01803664192884,350,3,90,8,7.545104852168523
44.11520454588921,-94.66509602053064,313,1,180,-3,8.607715418818213
44.101248496794376,-94.31240019472276,296,2,180,6,7.941743691836643
44.08620815497949,-93.95996874277964,284,5,0,8,7.040188830991998
44.07008580694183,-93.60782114941054,340,2,180,3,7.941743691836643
44.05288390004847,-93.2559767991206,359,3,270,-6,7.545104852168523
44.03460504141789,-92.90445496966149,383,2,0,-2,7.941743691836643
44.01525199673177,-92.55327482557732,318,5,151,11,7.040188830991998
43.99482768897867,-92.20245541185092,367,1,270,5,8.607715418818213
43.9733351971304,-91.85201564765568,369,0,0,6,11.522875795823397
43.950777754752586,-91.5019743202181,360,8,332,-11,6.570477324756705
43.9271587485508,-91.1523500787956,263,17,64,-19,5.7971052477000855
43.90248171685359,-90.80316142877456,321,8,229,-1,6.570477324756705
43.87675034803403,-90.4544267258926,409,4,116,5,7.261413878822431
43.849968478871055,-90.1061641705896,265,4,244,5,7.261413878822431
43.82214009285264,-89.7583918024915,328,6,298,1,6.858642093395692
43.793269318421714,-89.41112749503054,240,4,317,26,7.261413878822431
43.76336042716727,-89.06438895020567,252,0,0,1,11.522875795823397
43.73241783196171,-88.71819369348647,300,2,35,-7,7.941743691836643
43.700446085046686,-88.37255906886388,306,7,338,5,6.70452216925573
43.66744987606866,-88.02750223405035,329,4,43,1,7.261413878822431
43.48727539881316,-86.31147181510158,212,2,234,10,7.941743691836643
43.44823833546016,-85.9702310336575,227,0,0,0,11.522875795823397
43.40821331025976,-85.6296825596293,281,4,43,-4,7.261413878822431
43.36720603599427,-85.28984190647138,293,2,126,4,7.941743691836643
43.32522234322924,-84.95072436527444,281,1,270,0,8.607715418818213
43.28226817795253,-84.6123450015755,235,4,318,-2,7.261413878822431
43.23834959918402,-84.27471865233592,189,3,90,2,7.545104852168523
43.19347277655846,-83.93785992308644,196,1,90,2,8.607715418818213
43.14764398788321,-83.60178318524069,230,2,54,-5,7.941743691836643
43.10086961667256,-83.26650257357583,256,1,270,1,8.607715418818213
43.05315614966098,-82.93203198388096,243,1,270,2,8.607715418818213
43.00451017429717,-82.59838507077203,219,4,0,-6,7.261413878822431
42.46827861857757,-79.31004617903082,211,4,341,-6,7.261413878822431
42.409836075827855,-78.98629024368081,407,3,204,5,7.545104852168523
42.35054699949926,-78.66350245669778,633,11,0,-1,6.248120224858334
42.290419052903125,-78.34169321246802,650,2,54,3,7.941743691836643
42.229459963992994,-78.02087265042107,442,2,180,-1,7.941743691836643
42.16767752278754,-77.70105065516819,673,12,86,-2,6.159167458950843
42.10507957880224,-77.3822368567772,481,7,210,-1,6.70452216925573
42.04167403849088,-77.0644406311806,443,11,146,11,6.248120224858334
41.97746886269881,-76.74767110071426,409,5,70,9,7.040188830991998
41.91247206412884,-76.43193713478341,445,7,214,-4,6.70452216925573
41.846691704821374,-76.11724735065245,380,17,233,-8,5.7971052477000855
41.78013589365027,-75.8036101143559,358,11,318,-1,6.248120224858334
41.71281278383512,-75.49103354172678,506,8,76,1,6.570477324756705
41.64473057047193,-75.179525499539,413,7,11,-4,6.70452216925573
41.57589748808253,-74.86909360676074,367,5,165,-10,7.040188830991998
41.5063218081848,-74.55974523591505,167,2,127,-3,7.941743691836643
41.436011836883786,-74.2514875145443,141,6,321,-11,6.858642093395692
41.36497591248555,-73.94432732677507,101,17,319,-11,5.7971052477000855
41.29322240313446,-73.63827131497978,134,5,281,-4,7.040188830991998
41.220759704474666,-73.33332588153176,84,6,141,1,6.858642093395692
41.631989431958,-123.99616977651198,450,19,64,10,5.67858487499791
41.7032348573834,-123.68759149177794,1190,30,17,-41,5.162923839635655
41.77374543999658,-123.37790507832294,428,9,188,-5,6.451747248958747
41.84351275666622,-123.06711754878032,833,19,322,-16,5.67858487499791
41.91252841742872,-122.75523616476924,1028,14,212,22,6.000299329861114
41.98078406792392,-122.4422684384934,804,21,127,-7,5.5701918233974546
42.04827139185336,-122.12822213423613,1328,1,180,-4,8.607715418818213
42.11498211346074,-121.8131052697474,1251,5,127,4,7.040188830991998
42.18090800003255,-121.49692611751956,1378,3,127,7,7.545104852168523
42.246040864418426,-121.17969320594786,1470,4,34,7,7.261413878822431
42.31037256756981,-120.86141532037296,1754,8,341,-4,6.570477324756705
42.37389502109549,-120.54210150400095,2103,8,180,5,6.570477324756705
42.43660018983277,-120.22176105869843,1946,22,256,-7,5.519132026132706
42.49848009443311,-119.90040354565834,1380,3,54,-3,7.545104852168523
42.55952681396064,-119.57803878593415,1642,2,126,2,7.941743691836643
42.61973248850227,-119.2546768608385,1447,1,0,5,8.607715418818213
42.6790893217876,-118.93032811220338,1677,3,336,6,7.545104852168523
42.73758958381768,-118.6050031424988,2454,4,256,4,7.261413878822431
42.79522561350033,-118.27871281480708,1607,12,248,-29,6.159167458950843
42.85198982129122,-117.95146825264958,1244,3,234,1,7.545104852168523
42.9078746918384,-117.62328083966354,1178,2,126,-7,7.941743691836643
42.96287278662889,-117.29416221912612,1313,5,314,3,7.040188830991998
43.01697674663577,-116.96412429332288,1765,13,82,-12,6.076901183003046
43.07017929496369,-116.63317922275924,1274,7,74,-8,6.70452216925573
43.12247323949129,-116.30133942521142,715,3,270,-6,7.545104852168523
43.17385147550871,-115.96861757461586,935,3,180,4,7.545104852168523
43.224306988348005,-115.63502659979451,1146,3,290,-2,7.545104852168523
43.27383285600528,-115.30057968301465,1651,1,0,-3,8.607715418818213
43.322422251751874,-114.96529025838096,1546,1,270,-6,8.607715418818213
43.370068446733406,-114.62917201005946,1560,2,54,-9,7.941743691836643
43.41676481255406,-114.29223887033102,1532,2,234,1,7.941743691836643
43.46250482384485,-113.9545050174738,1761,2,215,-6,7.941743691836643
43.50728206081327,-113.61598487347398,1974,18,33,-19,5.73642582948546
43.55109021177284,-113.2766931015636,1613,2,215,-2,7.941743691836643
43.593923075650245,-112.93664460358546,1490,3,306,6,7.545104852168523
43.63577456446812,-112.5958545171843,1584,5,226,-1,7.040188830991998
43.67663870580161,-112.25433821282488,1484,2,215,-1,7.941743691836643
43.71650964520654,-111.91211129063646,1477,2,0,0,7.941743691836643
43.7553816486172,-111.56918957708436,1890,12,155,18,6.159167458950843
43.79324910471182,-111.2255891214693,1814,1,180,7,8.607715418818213
43.83010652724351,-110.88132619225485,2918,15,291,7,5.928550143214419
43.865948557335,-110.53641727322486,2147,25,218,-12,5.376102417024408
43.90076996573482,-110.19087905947116,2511,19,328,4,5.67858487499791
43.934565655033246,-109.84472845321396,3074,5,80,-13,7.040188830991998
43.96733066183568,-109.497982559456,3162,37,21,-27,4.897002021379538
43.99906015889194,-109.15065868147288,2400,13,23,28,6.076901183003046
44.029749457179264,-108.80277431614148,2014,8,317,-27,6.570477324756705
44.059394007936994,-108.45434714910928,1587,5,306,-3,7.040188830991998
44.0879894046516,-108.1053950498069,1318,2,325,-1,7.941743691836643
44.11553138498943,-107.75593606630702,1403,3,54,-1,7.545104852168523
44.14201583267613,-107.40598842003256,1652,7,312,41,6.70452216925573
44.16743877932038,-107.05557050031813,2846,9,64,4,6.451747248958747
44.191796406180494,-106.70470085882734,1525,4,296,0,7.261413878822431
44.21508504587222,-106.353398203831,1416,4,257,5,7.261413878822431
44.23730118401587,-106.0016813943492,1340,9,225,-3,6.451747248958747
44.258441460821295,-105.64956943416226,1455,3,250,-4,7.545104852168523
44.27850267260932,-105.29708146569456,1334,3,25,2,7.545104852168523
44.29748177326781,-104.94423676377644,1276,2,215,-5,7.941743691836643
44.31537587564108,-104.59105472928822,1343,6,335,17,6.858642093395692
44.332182252851496,-104.2375548826926,1544,5,215,0,7.040188830991998
44.34789833955141,-103.88375685745952,1884,19,161,1,5.67858487499791
44.3625217331048,-103.52968039338964,1315,17,323,13,5.7971052477000855
44.37605019469676,-103.1753453298418,844,3,0,-1,7.545104852168523
44.38848165037032,-102.8207715988702,766,10,112,10,6.345071884011764
44.399814191989286,-102.46597921827738,680,3,205,0,7.545104852168523
44.41004607812576,-102.11098828458891,648,7,48,0,6.70452216925573
44.4191757348722,-101.75581896595588,742,7,82,-18,6.70452216925573
44.42720175657647,-101.40049149499184,671,8,43,3,6.570477324756705
44.43412290649955,-101.04502616155035,628,3,70,3,7.545104852168523
44.439938117394895,-100.68944330544969,580,3,155,-4,7.545104852168523
44.44464649200929,-100.33376330915137,516,1,270,-2,8.607715418818213
44.4482473035042,-99.97800659039936,502,2,0,3,7.941743691836643
44.45073999579741,-99.62219359482636,608,1,90,-3,8.607715418818213
44.4521241838248,-99.26634478853435,634,3,306,-4,7.545104852168523
44.45239965372134,-98.91048065065618,499,6,347,3,6.858642093395692
44.45156636292207,-98.55462166590472,407,2,0,-4,7.941743691836643
44.44962444018185,-98.19878831711732,389,3,70,-3,7.545104852168523
44.44657418551502,-97.84300107780156,433,4,43,-1,7.261413878822431
44.44241607005393,-97.48728040468988,534,0,0,0,11.522875795823397
44.43715073582735,-97.13164673030994,539,2,234,-1,7.941743691836643
44.43077899545853,-96.77612045557709,518,2,54,-2,7.941743691836643
44.42330183178333,-96.42072194241642,561,3,70,0,7.545104852168523
44.41472039738879,-96.06547150642102,476,1,90,1,8.607715418818213
44.40503601407284,-95.71038940955272,346,2,0,1,7.941743691836643
44.39425017222528,-95.35549585289276,330,2,126,4,7.941743691836643
44.382364530131184,-95.0008109694482,317,4,283,-3,7.261413878822431
44.36938091319698,-94.64635481702123,303,2,54,-4,7.941743691836643
44.35530131310031,-94.29214737114712,307,2,145,2,7.941743691836643
44.34012788686441,-93.9382085181075,224,2,306,2,7.941743691836643
44.3238629558581,-93.584558048025,315,1,0,2,8.607715418818213
44.30650900472212,-93.2312156480451,340,3,306,4,7.545104852168523
44.28806868022329,-92.87820089561122,342,2,35,5,7.941743691836643
44.26854479003725,-92.52553325183844,309,3,205,0,7.545104852168523
44.2479403014614,-92.173232054992,334,4,341,-6,7.261413878822431
44.22625834005899,-91.82131651407484,229,11,250,7,6.248120224858334
44.203502188236,-91.46980570253068,303,14,338,-5,6.000299329861114
44.17967528375191,-91.11871855206644,342,1,180,-19,8.607715418818213
44.15478121816638,-90.76807384659952,275,5,35,1,7.040188830991998
44.1288237352224,-90.41789021633429,288,2,180,-3,7.941743691836643
44.10180672916881,-90.06818613197183,284,2,0,-9,7.941743691836643
44.07373424302249,-89.718979899058,314,3,70,2,7.545104852168523
44.04461046677283,-89.37028965247251,270,0,0,1,11.522875795823397
44.01443973552984,-89.02213335106387,236,3,54,4,7.545104852168523
43.98322652761761,-88.67452877243299,255,2,54,-2,7.941743691836643
43.95097546261503,-88.32749350786908,226,0,0,0,11.522875795823397
43.917691299345606,-87.98104495744057,267,5,325,15,7.040188830991998
43.735950051574925,-86.25819794922383,211,3,70,1,7.545104852168523
43.69657476644153,-85.91562379848354,267,4,256,-3,7.261413878822431
43.6562034149726,-85.57375242960332,371,5,260,-4,7.040188830991998
43.61484179209493,-85.23259955560383,301,2,306,-4,7.941743691836643
43.572495811911416,-84.89218066147347,256,3,234,5,7.545104852168523
43.52917150528755,-84.55251100092705,208,2,145,1,7.941743691836643
43.48487501740898,-84.21360559333735,191,1,180,-3,8.607715418818213
43.43961260531128,-83.87547922084038,181,3,70,-2,7.545104852168523
43.39339063538469,-83.53814642561402,200,4,43,9,7.261413878822431
43.34621558085565,-83.20162150732999,268,1,270,-3,8.607715418818213
43.298094019246605,-82.8659185207786,232,0,0,2,11.522875795823397
43.24903262981696,-82.53105127366612,190,1,270,-4,8.607715418818213
42.6493330146613,-78.90636677627256,245,5,331,0,7.040188830991998
42.58954815220763,-78.58251319742472,563,1,0,-3,8.607715418818213
42.52891836274409,-78.2596516777482,632,4,244,-4,7.261413878822431
42.4674514748883,-77.93779242798185,596,4,270,9,7.261413878822431
42.40515537958132,-77.61694539845853,465,4,199,6,7.261413878822431
42.342038027472434,-77.29712027943553,341,5,345,4,7.040188830991998
42.27810742631472,-76.97832650156153,555,4,161,8,7.261413878822431
42.21337163837288,-76.66057323647759,510,5,250,-1,7.040188830991998
42.14783877784477,-76.34386939754836,492,3,156,-4,7.545104852168523
42.08151700829765,-76.0282236407205,392,11,154,-2,6.248120224858334
42.01441454012127,-75.71364436550473,428,6,119,1,6.858642093395692
41.94653962799816,-75.40013971607809,518,2,53,7,7.941743691836643
41.87790056839306,-75.08771758250296,530,18,311,-10,5.73642582948546
41.80850569706221,-74.77638560205924,645,3,250,2,7.545104852168523
41.73836338658404,-74.46615116068612,340,3,290,-4,7.545104852168523
41.66748204391205,-74.15702139452974,97,3,156,-6,7.545104852168523
41.595870107951136,-73.84900319159323,81,4,138,11,7.261413878822431
41.52353604715825,-73.54210319348543,325,13,69,12,6.076901183003046
41.45048835716846,-73.2363277972646,181,8,297,6,6.570477324756705
41.37673555844726,-72.93168315737336,65,10,346,1,6.345071884011764
41.30228619397006,-72.62817518766134,21,3,180,8,7.545104852168523
41.862985570927314,-124.0921789261633,247,13,270,29,6.076901183003046
41.9348083201048,-123.78272880260933,1035,20,267,2,5.623264340182601
42.00589153663219,-123.47215627477856,1480,6,278,15,6.858642093395692
42.076226695321104,-123.16046835984832,945,33,336,26,5.045514080099346
42.14580530389947,-122.84767232885248,1040,17,216,-9,5.7971052477000855
42.21461890548577,-122.53377570836818,1304,9,326,-15,6.451747248958747
42.282659081086834,-122.21878628209664,1559,2,34,-5,7.941743691836643
42.34991745211868,-121.90271209233376,1259,0,0,0,11.522875795823397
42.41638568294862,-121.5855614413273,1427,2,234,-1,7.941743691836643
42.482055483458105,-121.26734289251596,1322,2,180,0,7.941743691836643
42.54691861162426,-120.94806527164812,1800,4,222,-1,7.261413878822431
42.6109668761198,-120.62773766777502,1673,12,126,-6,6.159167458950843
42.674192138929065,-120.30636943411608,1431,3,110,-3,7.545104852168523
42.73658631797954,-119.98397018879204,1653,9,146,-6,6.451747248958747
42.79814138978686,-119.66054981542274,1365,3,126,2,7.545104852168523
42.85884939211226,-119.33611846358616,1460,3,156,-4,7.545104852168523
42.91870242663086,-119.01068654913544,1604,4,42,-4,7.261413878822431
42.97769266160892,-118.68426475437047,1388,12,90,12,6.159167458950843
43.03581233458901,-118.35686402806122,1559,3,306,1,7.545104852168523
43.093053755081,-118.02849558531943,1276,2,306,1,7.941743691836643
43.14940930725744,-117.69917090731629,1287,19,278,-26,5.67858487499791
43.204871452651616,-117.36890174084256,1411,1,270,3,8.607715418818213
43.25943273285636,-117.03770009770945,1397,3,54,1,7.545104852168523
43.31308577222191,-116.70557825398684,915,20,312,27,5.623264340182601
43.365823280551325,-116.372548749077,910,3,126,-3,7.545104852168523
43.4176380557909,-116.0386243846214,1039,2,54,-6,7.941743691836643
43.4685229867144,-115.7038182232386,1486,16,147,26,5.860997933550507
43.51847105559887,-115.36814358709128,1958,24,103,-6,5.422256431435354
43.56747534088995,-115.03161405628067,2147,22,76,27,5.519132026132706
43.615529019855245,-114.6942434670672,2634,7,60,-35,6.70452216925573
43.662625371223,-114.35604590991493,1745,2,306,10,7.941743691836643
43.70875777780492,-114.01703572736017,2191,33,71,31,5.045514080099346
43.75391972910036,-113.677227511702,2079,23,256,-3,5.469880104866039
43.79810482388038,-113.33663610251456,1780,4,244,-3,7.261413878822431
43.84130677274938,-112.99527658398024,1483,2,306,4,7.941743691836643
43.88351940068217,-112.65316428204385,1478,2,215,6,7.941743691836643
43.92473664953464,-112.31031476138727,1466,4,223,-2,7.261413878822431
43.9649525805257,-111.96674382222471,1554,17,42,12,5.7971052477000855
44.00416137668876,-111.62246749691916,1531,3,90,2,7.545104852168523
44.04235734529012,-111.27750204642024,1724,2,145,-1,7.941743691836643
44.07953492021278,-110.93186395652477,2144,11,317,6,6.248120224858334
44.11568866430328,-110.5855699339605,2639,13,343,35,6.076901183003046
44.15081327167946,-110.23863690229464,2743,10,328,0,6.345071884011764
44.18490356999736,-109.89108199766872,2739,21,180,7,5.5701918233974546
44.21795452267489,-109.54292256436148,1882,2,0,-3,7.941743691836643
44.24996123107063,-109.19417615018163,2956,30,36,1,5.162923839635655
44.280918936615386,-108.84486050169316,1783,17,334,2,5.7971052477000855
44.31082302289482,-108.4949935592753,1712,11,339,8,6.248120224858334
44.33966901768112,-108.14459345202008,1260,5,164,5,7.040188830991998
44.36745259491162,-107.79367849247056,1353,7,278,3,6.70452216925573
44.39416957661299,-107.44226717120272,2485,9,126,12,6.451747248958747
44.41981593476842,-107.09037815125492,3014,8,43,6,6.570477324756705
44.44438779312679,-106.73803026240788,1420,0,0,1,11.522875795823397
44.4678814289514,-106.3852424953204,1332,11,226,-4,6.248120224858334
44.49029327470708,-106.0320339955234,1285,11,180,9,6.248120224858334
44.51161991968355,-105.6784240572782,1313,16,176,7,5.860997933550507
44.53185811155383,-105.32443211730266,1230,5,46,6,7.040188830991998
44.551004757865975,-104.9700777483705,1330,6,13,-1,6.858642093395692
44.56905692746644,-104.61538065278856,1329,22,207,3,5.519132026132706
44.58601185185416,-104.26036065575778,1229,5,164,5,7.040188830991998
44.601866926463295,-103.90503769862242,1087,0,0,-5,11.522875795823397
44.616619711874,-103.54943183201438,922,2,35,-10,7.941743691836643
44.63026793494951,-103.19356320889712,883,3,90,6,7.545104852168523
44.6428094898986,-102.83745207751645,847,5,260,6,7.040188830991998
44.654242439262205,-102.481118774263,849,0,0,-3,11.522875795823397
44.66456501482332,-102.12458371645408,771,2,215,2,7.941743691836643
44.67377561843911,-101.76786739504008,677,3,110,-4,7.545104852168523
44.68187282279434,-101.41099036724268,525,4,77,-6,7.261413878822431
44.6888553720756,-101.0539732491315,533,7,286,2,6.70452216925573
44.69472218256517,-100.69683670814584,592,5,235,-6,7.040188830991998
44.69947234315438,-100.3396014555682,558,2,125,-2,7.941743691836643
44.703105115775486,-99.98228823895704,563,2,55,4,7.941743691836643
44.705619935752125,-99.62491783454531,542,3,90,4,7.545104852168523
44.70701641206731,-99.26751103961226,495,3,335,13,7.545104852168523
44.70729432754938,-98.91008866483524,422,4,0,8,7.261413878822431
44.70645363897509,-98.5526715266292,399,2,215,-1,7.941743691836643
44.70449447709028,-98.19528043948048,390,2,180,11,7.941743691836643
44.7014171465476,-97.83793620828268,471,3,0,-1,7.545104852168523
44.69722212576191,-97.4806596206814,559,15,131,-37,5.928550143214419
44.69191006668277,-97.12347143943516,551,2,35,-4,7.941743691836643
44.68548179448509,-96.76639239479996,571,2,0,-1,7.941743691836643
44.67793830717764,-96.40944317694382,500,3,110,-2,7.545104852168523
44.669280775130005,-96.0526444283995,343,2,235,5,7.941743691836643
44.65951054051887,-95.69601673656123,325,1,180,-3,8.607715418818213
44.64862911669339,-95.33958062623331,316,1,90,-6,8.607715418818213
44.636638187461216,-94.98335655223676,319,5,325,-1,7.040188830991998
44.623539606295246,-94.62736489208112,326,1,270,-2,8.607715418818213
44.60933539546235,-94.27162593870806,303,3,110,3,7.545104852168523
44.59402774507473,-93.9161598933128,285,14,259,-8,6.000299329861114
44.577619012064986,-93.56098685825042,293,2,125,-2,7.941743691836643
44.56011171908594,-93.20612683003267,308,4,19,21,7.261413878822431
44.54150855333647,-92.85159969242174,271,2,145,-3,7.941743691836643
44.52181236531423,-92.49742520962644,309,14,101,-22,6.000299329861114
44.501026167496846,-92.14362301960722,336,0,0,-2,11.522875795823397
44.47915313295295,-91.79021262749475,255,3,0,-2,7.545104852168523
44.45619659388401,-91.43721339912815,272,13,11,-1,6.076901183003046
44.432160040099085,-91.08464455471736,309,8,49,5,6.570477324756705
44.407047117423424,-90.73252516263516,264,4,223,-1,7.261413878822431
44.380861626042766,-90.38087413334328,307,4,43,2,7.261413878822431
44.35360751878521,-90.02971021345708,308,2,0,-1,7.941743691836643
44.32528889934165,-89.67905197995348,324,1,270,5,8.607715418818213
44.29591002042737,-89.32891783452548,335,2,35,5,7.941743691836643
44.265475281885806,-88.97932599808802,238,2,234,4,7.941743691836643
44.23398922873689,-88.63029450543804,231,1,90,-4,8.607715418818213
44.20145654917131,-88.28184120007245,250,1,180,-14,8.607715418818213
44.16788207249318,-87.93398372916705,256,3,290,-3,7.545104852168523
43.98456136647901,-86.20423720228138,215,3,205,-4,7.545104852168523
43.9448451534246,-85.86031374400841,282,0,0,0,11.522875795823397
43.904124716726194,-85.51710376668645,317,3,234,9,7.545104852168523
43.86240593494063,-85.17462318631665,342,4,256,2,7.261413878822431
43.81969480720987,-84.8328876850268,267,2,215,6,7.941743691836643
43.77599745079388,-84.4919127077776,219,3,126,5,7.545104852168523
43.73132009857403,-84.1517134592482,197,4,64,12,7.261413878822431
43.6390509011845,-83.47370174822672,186,1,270,-1,8.607715418818213
43.5914720770412,-83.13591846816601,225,0,0,1,11.522875795823397
43.54293929397919,-82.79896927671338,235,1,180,-2,8.607715418818213
42.88869724888535,-78.82546167758346,185,1,270,-1,8.607715418818213
42.828413090144885,-78.5005318355437,311,6,156,6,6.858642093395692
42.76727792915161,-78.17660782971335,508,3,90,0,7.545104852168523
42.70529969672007,-77.8536999419498,169,1,90,5,8.607715418818213
42.64248638623502,-77.53181818797677,551,5,126,10,7.040188830991998
42.57884605098848,-77.2109723177733,463,4,76,-7,7.261413878822431
42.51438680152816,-76.89117181610284,135,0,0,0,11.522875795823397
42.44911680301923,-76.57242590317976,385,4,90,4,7.261413878822431
42.38304427262034,-76.25474353546929,543,2,214,7,7.941743691836643
42.31617747687551,-75.93813340661764,328,10,242,2,6.345071884011764
42.24852472912336,-75.62260394850885,416,11,256,2,6.248120224858334
42.18009438692482,-75.30816333244441,528,1,0,0,8.607715418818213
42.11089484951047,-74.99481947044242,536,20,58,15,5.623264340182601
42.04093455524907,-74.68258001665215,808,17,279,17,5.7971052477000855
41.97022197913821,-74.37145236888057,1022,7,180,-5,6.70452216925573
41.8987656303181,-74.06144367022695,89,1,0,-10,8.607715418818213
41.82657404960992,-73.75256081082169,147,4,180,-12,7.261413878822431
41.753655807079326,-73.44481042966576,167,3,70,3,7.545104852168523
41.680019499626525,-73.13819891656671,269,5,259,-3,7.040188830991998
41.60567374860341,-72.83273241416742,131,11,241,7,6.248120224858334
41.530627197459054,-72.52841682006421,148,0,0,-13,11.522875795823397
41.4548885094141,-72.22525778900962,109,11,76,1,6.248120224858334
41.37846636516489,-71.92326073519715,52,3,69,0,7.545104852168523
42.09379053451657,-124.18931728690076,74,4,284,5,7.261413878822431
42.16619428853336,-123.87898855973148,1000,28,270,-9,5.2451216767435955
42.23785382145772,-123.56752290064593,446,3,90,10,7.545104852168523
42.3087605046945,-123.2549273295755,348,2,0,-13,7.941743691836643
42.378905742292,-122.94120912528128,382,2,54,0,7.941743691836643
42.44828097345545,-122.62637582713252,546,3,180,7,7.545104852168523
42.51687767508506,-122.310435236777,1718,11,214,-16,6.248120224858334
42.58468736433784,-121.99339541969904,1258,0,0,0,11.522875795823397
42.651701601212,-121.6752647066616,1467,5,70,5,7.040188830991998
42.71791199115265,-121.35605169502804,1542,5,314,7,7.040188830991998
42.7833101876776,-121.03576524996022,1567,3,306,7,7.545104852168523
42.847887895022005,-120.7144145054889,1261,2,234,4,7.941743691836643
42.91163687080035,-120.3920088654526,1498,3,110,-2,7.545104852168523
42.97454892868456,-120.06855800430134,1302,0,0,7,11.522875795823397
43.03661594109662,-119.7440718677618,1380,2,34,-8,7.941743691836643
43.097829841914354,-119.41856067335986,1506,3,0,-5,7.545104852168523
43.15818262918877,-119.0920349107976,1257,2,234,-3,7.941743691836643
43.217666367871246,-118.76450534218108,1282,2,54,0,7.941743691836643
43.27627319254933,-118.43598300209554,1417,3,180,1,7.545104852168523
43.3339953101889,-118.10647919752518,1574,3,234,10,7.545104852168523
43.39082500288155,-117.77600550761414,1359,4,43,-2,7.261413878822431
43.446754630595066,-117.44457378326604,1140,8,270,-1,6.570477324756705
43.50177663392536,-117.11219614657888,934,16,333,4,5.860997933550507
43.555883536847965,-116.77888499011291,746,1,270,-2,8.607715418818213
43.60906794946737,-116.44465297598929,780,3,90,-1,7.545104852168523
43.66132257076203,-116.10951303481632,1607,30,318,-16,5.162923839635655
43.7126401913234,-115.7734783644418,1967,11,167,-6,6.248120224858334
43.76301369608696,-115.43656242852914,1829,16,157,-4,5.860997933550507
43.81243606705295,-115.0987789549556,1819,38,5,-34,4.860913441019714
43.86090038599532,-114.76014193403066,2489,29,97,7,5.203575778621866
43.90839983715645,-114.4206656165334,3164,37,260,30,4.897002021379538
43.954927709925656,-114.08036451156742,2344,40,60,-7,4.789622455256336
44.00047740149958,-113.7392533842324,1983,5,270,7,7.040188830991998
44.04504241952207,-113.39734725311108,2342,20,158,16,5.623264340182601
44.08861638470179,-113.05466138757151,2794,42,294,57,4.719199989486241
44.13119303340503,-112.71121130488396,1879,19,356,-15,5.67858487499791
44.17276622022194,-112.36701276715203,1556,2,234,-1,7.941743691836643
44.21332992050393,-112.02208177805872,1752,4,161,-4,7.261413878822431
44.25287823286991,-111.6764345794267,1900,5,180,1,7.040188830991998
44.29140538167958,-111.33008764759442,1893,2,54,0,7.941743691836643
44.32890571947116,-110.98305768960826,2540,3,306,-1,7.545104852168523
44.36537372936197,-110.63536163923156,2426,3,54,16,7.545104852168523
44.40080402740939,-110.28701665277237,2360,0,0,0,11.522875795823397
44.43519136492999,-109.93804010473112,2143,25,114,27,5.376102417024408
44.46853063077505,-109.58844958326998,1820,6,118,-1,6.858642093395692
44.5008168535602,-109.23826288550607,1642,2,305,6,7.941743691836643
44.53204520384716,-108.88749801263084,1586,5,180,2,7.040188830991998
44.56221099627543,-108.5361731648582,1348,3,290,5,7.545104852168523
44.59130969164234,-108.18430673620398,1220,3,110,-4,7.545104852168523
44.61933689892868,-107.83191730910023,1423,14,270,-6,6.000299329861114
44.646288377269016,-107.47902364884736,2702,0,0,7,11.522875795823397
44.67216003786374,-107.12564469790776,1542,5,313,2,7.040188830991998
44.696947945832015,-106.7717995700448,1229,5,125,-1,7.040188830991998
44.720648322002766,-106.41750754431138,1272,9,73,9,6.451747248958747
44.7432575446429,-106.0627880588921,1190,15,31,7,5.928550143214419
44.76477215112027,-105.70766070480384,1256,2,0,15,7.941743691836643
44.78518883950025,-105.35214521945952,1110,3,90,1,7.545104852168523
44.80450447007415,-104.99626148009972,1237,4,283,8,7.261413878822431
44.8227160668177,-104.640029497098,1245,10,230,-5,6.345071884011764
44.839820818778456,-104.28346940714484,1044,8,329,-14,6.570477324756705
44.8558160813906,-103.92660146631592,938,3,90,-3,7.545104852168523
44.87069937771548,-103.56944604303106,912,2,235,3,7.941743691836643
44.88446839960732,-103.21202361090904,887,2,325,3,7.941743691836643
44.89712100880196,-102.85435474152524,807,4,270,-7,7.261413878822431
44.908655237928336,-102.49646009707818,811,3,289,0,7.545104852168523
44.919069291441055,-102.13836042297136,753,3,205,-2,7.545104852168523
44.92836154647348,-101.7800765403172,724,1,270,-7,8.607715418818213
44.93653055361011,-101.42162933837018,737,3,305,-1,7.545104852168523
44.943575037577695,-101.0630397668955,615,4,0,-2,7.261413878822431
44.94949389785414,-100.7043288284809,598,4,137,-4,7.261413878822431
44.954286209194834,-100.3455175707984,562,1,0,-3,8.607715418818213
44.95795122207546,-99.98662707882352,604,2,55,0,7.941743691836643
44.960488363051134,-99.627678467019,590,3,251,9,7.545104852168523
44.961897235031465,-99.2686928714905,560,0,0,-2,11.522875795823397
44.9621776174709,-98.90969144212188,431,5,151,-5,7.040188830991998
44.961329466474695,-98.5506953346973,388,9,130,0,6.451747248958747
44.959352914819945,-98.1917257030176,393,4,245,-1,7.261413878822431
44.95624827189186,-97.83280369101884,534,4,283,5,7.261413878822431
44.95201602353527,-97.47395042489984,558,2,125,3,7.941743691836643
44.94665683182165,-97.11518700526706,541,2,145,-10,7.941743691836643
44.94017153473177,-96.75653449930324,548,1,270,-2,8.607715418818213
44.93256114575425,-96.39801393296824,346,6,0,2,6.858642093395692
44.9238268534009,-96.03964628323862,315,1,180,-4,8.607715418818213
44.91397002063857,-95.68145247039376,302,7,228,-2,6.70452216925573
44.90299218423891,-95.32345335035534,324,4,137,-5,7.261413878822431
44.89089505404621,-94.96566970708756,337,1,180,2,8.607715418818213
44.877680512164325,-94.60812224506508,329,1,180,2,8.607715418818213
44.86335061206354,-94.25083158181528,324,2,145,7,7.941743691836643
44.84790757760808,-93.89381824054196,294,2,145,9,7.941743691836643
44.83135380200574,-93.53710264283674,262,0,0,9,11.522875795823397
44.81369184668007,-93.18070510148496,255,11,0,17,6.248120224858334
44.79492444006711,-92.82464581337204,270,7,48,3,6.70452216925573
44.77505447633713,-92.46894485249676,354,2,0,11,7.941743691836643
44.75408501404326,-92.11362216309692,357,1,180,3,8.607715418818213
44.73201927469806,-91.75869755289372,258,3,335,-9,7.545104852168523
44.70886064127966,-91.40419068645993,313,5,47,0,7.040188830991998
44.68461265666895,-91.05012107871735,313,2,235,6,7.941743691836643
44.65927902201929,-90.6965080885688,332,9,230,4,6.451747248958747
44.63286359506054,-90.34337091266936,370,1,0,-1,8.607715418818213
44.60537038833913,-89.99072857934162,353,4,90,-8,7.261413878822431
44.57680356739549,-89.63859994263936,338,5,215,-3,7.040188830991998
44.54716744888131,-89.28700367656386,355,5,344,6,7.040188830991998
44.516466498617845,-88.93595826943691,267,2,180,0,7.941743691836643
44.4847053295976,-88.58548201843399,237,3,110,-2,7.545104852168523
44.45188869993102,-88.23559302428127,225,4,199,-1,7.261413878822431
44.4180215107402,-87.88630918611958,258,1,270,-7,8.607715418818213
44.38310880400181,-87.53764819653841,206,1,0,-15,8.607715418818213
44.23310844617842,-86.14957908299344,214,3,25,-2,7.545104852168523
44.19304855426864,-85.80429017017714,282,2,54,1,7.941743691836643
44.15197622791141,-85.45972566783352,376,4,317,-1,7.261413878822431
44.10989743081596,-85.11590169841675,338,1,180,-1,8.607715418818213
44.06681824870208,-84.77283414448759,360,4,103,-1,7.261413878822431
44.02274488677797,-84.43053864536724,231,1,90,-3,8.607715418818213
43.97768366718811,-84.08903059397632,213,1,90,-2,8.607715418818213
43.83663778355731,-83.06938129819454,218,2,306,-6,7.941743691836643
43.7876906026541,-82.7311719386727,222,0,0,-1,11.522875795823397
43.12792679652143,-78.74356124650407,189,3,250,-6,7.545104852168523
43.06713978012217,-78.41754459305272,207,4,284,-4,7.261413878822431
43.00549566783213,-78.09254781925212,257,6,39,9,6.858642093395692
42.94300249422668,-77.76858127783251,169,4,104,5,7.261413878822431
42.879668356685855,-77.44565504951909,332,8,306,-12,6.570477324756705
42.815501412682735,-77.12377894348278,275,2,214,3,7.941743691836643
42.75050987708399,-76.80296249793494,202,2,126,-4,7.941743691836643
42.68470201946451,-76.48321498086267,386,1,180,-1,8.607715418818213
42.61808616143711,-76.16454539090093,351,8,110,1,6.570477324756705
42.55067067399912,-75.8469624583382,371,4,222,5,7.261413878822431
42.48246397489715,-75.53047464625146,314,5,306,3,7.040188830991998
42.41347452601112,-75.21509015176707,550,4,284,-12,7.261413878822431
42.34371083075918,-74.90081690744347,648,8,250,5,6.570477324756705
42.27318143152453,-74.5876625827722,519,7,254,5,6.70452216925573
42.20189490710537,-74.2756345857928,1102,17,8,-22,5.7971052477000855
42.12985987018914,-73.96474006481817,53,6,347,-10,6.858642093395692
42.05708496485213,-73.65498591026599,195,7,201,10,6.70452216925573
41.983578864085445,-73.34637875659266,197,7,326,15,6.70452216925573
41.90935026734845,-73.0389249843255,251,4,116,-9,7.261413878822431
41.8344078981504,-72.73263072218928,43,1,0,10,8.607715418818213
41.75876050166128,-72.42750184932306,206,3,250,0,7.545104852168523
41.68241684235296,-72.12354399758368,93,3,250,5,7.545104852168523
41.60538570167083,-71.82076255393149,129,3,290,1,7.545104852168523
41.52767587573732,-71.51916266289483,48,1,90,-4,8.607715418818213
42.32440152490936,-124.2875993850357,553,15,156,-4,5.928550143214419
42.39739001237114,-123.9763852915971,1025,24,104,-10,5.422256431435354
42.46962959217629,-123.66401948163929,841,17,267,-5,5.7971052477000855
42.54111153095081,-123.35050897596416,710,29,260,-15,5.203575778621866
42.61182712766943,-123.03586105928083,549,14,175,15,6.000299329861114
42.68176771620861,-122.72008328207964,648,16,314,12,5.860997933550507
42.75092466792543,-122.40318346239616,1098,3,290,-3,7.545104852168523
42.81928939426129,-122.08516968746063,1687,8,131,2,6.570477324756705
42.88685334936915,-121.76605031522864,1376,2,234,9,7.941743691836643
42.95360803276297,-121.44583397578944,1507,4,222,-4,7.261413878822431
43.0195449919885,-121.12452957264756,1487,3,25,-3,7.545104852168523
43.08465582531351,-120.80214628387355,1475,5,280,2,7.040188830991998
43.14893218443656,-120.47869356312076,1371,12,141,0,6.159167458950843
43.21236577721275,-120.15418114050289,1392,2,146,5,7.941743691836643
43.27494837039468,-119.82861902333008,1431,1,180,-6,8.607715418818213
43.33667179238776,-119.50201749669876,1318,3,110,-2,7.545104852168523
43.3975279360175,-119.17438712393162,1334,2,306,0,7.941743691836643
43.45750876130781,-118.84573874686492,1250,2,234,-1,7.941743691836643
43.51660629826839,-118.51608348597912,1686,5,270,5,7.040188830991998
43.57481264968926,-118.18543274036932,1186,16,121,12,5.860997933550507
43.632119993941295,-117.8537981875528,1259,30,283,-39,5.162923839635655
43.68852058778041,-117.52119178311044,1413,2,180,-6,7.941743691836643
43.7440067691537,-117.18762576015858,822,17,47,-25,5.7971052477000855
43.79857096000586,-116.8531126286493,760,8,76,12,6.570477324756705
43.85220566908389,-116.51766517449576,718,2,234,-5,7.941743691836643
43.9049034947378,-116.18129645852038,986,18,287,-20,5.73642582948546
43.95665712771594,-115.84401981522376,1372,2,306,21,7.941743691836643
44.007459353952456,-115.5058488513717,1812,12,103,2,6.159167458950843
44.057303057345,-115.1667974443986,2310,13,35,2,6.076901183003046
44.106181222520725,-114.82687974062564,2338,15,270,-5,5.928550143214419
44.15408693758815,-114.48611015329168,2306,24,294,-3,5.422256431435354
44.20101339687324,-114.1445033603961,2206,14,297,-5,6.000299329861114
44.24695390363709,-113.8020743023518,2439,29,12,18,5.203575778621866
44.29190187277344,-113.458838179448,2028,4,90,7,7.261413878822431
44.33585083348351,-113.11481044912152,2084,3,335,-5,7.545104852168523
44.37879443192618,-112.77000682303672,2730,36,294,9,4.933452268831491
44.42072643384143,-112.42444326397336,2190,19,283,-2,5.67858487499791
44.46164072714436,-112.07813598252253,2145,13,231,13,6.076901183003046
44.50153132448818,-111.73110143359084,2182,25,51,8,5.376102417024408
44.54039236579346,-111.38335631271374,2093,17,176,15,5.7971052477000855
44.57821812074181,-111.03491755217809,2312,12,68,-1,6.159167458950843
44.61500299123142,-110.68580231695542,2306,7,190,2,6.70452216925573
44.6507415137927,-110.33602800044736,2568,17,222,12,5.7971052477000855
44.68542836196135,-109.98561222004412,2740,35,144,11,4.970316820703456
44.71905834860715,-109.63457281249843,2301,17,133,1,5.7971052477000855
44.75162642821595,-109.2829278291169,1628,3,25,1,7.545104852168523
44.78312769912303,-108.93069553077088,1470,2,215,0,7.941743691836643
44.81355740569548,-108.57789438272984,1251,3,55,0,7.545104852168523
44.842910940461714,-108.22454304931983,1186,2,215,-8,7.941743691836643
44.87118384618594,-107.87066038841034,2832,15,288,-12,5.928550143214419
44.89837181788571,-107.51626544573313,2296,37,91,-6,4.897002021379538
44.924470704790416,-107.1613774490363,1164,4,19,2,7.261413878822431
44.94947651223908,-106.80601580207806,1089,3,25,4,7.545104852168523
44.97338540351516,-106.45020007846404,1186,3,251,-4,7.545104852168523
44.99619370161695,-106.09395001533272,1219,15,180,-7,5.928550143214419
45.01789789096155,-105.73728550689373,1146,9,65,-3,6.451747248958747
45.03849461902069,-105.380226597824,1022,5,55,9,7.040188830991998
45.05798069788701,-105.02279347652689,1239,6,40,-5,6.858642093395692
45.07635310576863,-104.66500646825952,1090,2,305,-8,7.941743691836643
45.09360898841119,-104.30688602813451,1054,3,25,-3,7.545104852168523
45.109745660445405,-103.94845273400132,987,3,55,-1,7.545104852168523
45.12476060665868,-103.58972727921356,908,3,55,5,7.545104852168523
45.1386514831899,-103.23073046528889,889,1,0,-2,8.607715418818213
45.15141611864579,-102.87148319446696,783,1,270,1,8.607715418818213
45.16305251513759,-102.51200646217328,748,6,347,1,6.858642093395692
45.17355884923738,-102.15232134939464,720,3,71,-4,7.545104852168523
45.18293347285259,-101.7924490149739,672,2,35,5,7.941743691836643
45.19117491401797,-101.4324106878305,590,2,125,-4,7.941743691836643
45.198281877604245,-101.07222765911467,596,6,167,-4,6.858642093395692
45.20425324594254,-100.71192127430204,625,9,45,10,6.451747248958747
45.2090880793639,-100.35151292523628,505,7,10,8,6.70452216925573
45.212785616653534,-99.9910240421274,616,2,125,1,7.941743691836643
45.215345275419054,-99.63047608551337,583,5,47,-8,7.040188830991998
45.216766652372456,-99.26989053819236,519,4,180,-10,7.261413878822431
45.21704952352543,-98.90928889713388,435,2,235,3,7.941743691836643
45.21619384429798,-98.54869266537608,390,2,125,4,7.941743691836643
45.21419974953999,-98.18812334391716,392,5,180,17,7.040188830991998
45.21106755346587,-97.8276024236091,542,2,55,5,7.941743691836643
45.20679774950226,-97.46715137706066,552,4,43,-2,7.261413878822431
45.20139101004924,-97.1067916505584,560,2,235,-4,7.941743691836643
45.19484818615468,-96.74654465601256,375,2,0,-6,7.941743691836643
45.187170307102825,-96.38643176293624,323,2,180,1,7.941743691836643
45.1783585799171,-96.02647429046507,297,3,305,16,7.545104852168523
45.16841438877768,-95.66669349942508,313,2,235,-5,7.941743691836643
45.15733929435464,-95.30711058445632,333,2,235,4,7.941743691836643
45.145135033057386,-94.94774666619958,375,4,223,4,7.261413878822431
45.13180351620087,-94.58862278355328,345,1,0,-2,8.607715418818213
45.11734682908993,-94.22975988600808,314,2,215,0,7.941743691836643
45.101767230022446,-93.87117882606584,282,4,270,-6,7.261413878822431
45.08506714921223,-93.51290035175,296,1,0,1,8.607715418818213
45.06724918763327,-93.15494509921405,295,2,125,10,7.941743691836643
45.048316115786,-92.79733358545462,203,0,0,0,11.522875795823396
45.02827087238733,-92.4400862011354,334,2,180,-5,7.941743691836643
45.007116562985495,-92.08322320352832,352,4,0,1,7.261413878822431
44.984856458501305,-91.72676470957772,314,5,313,-18,7.040188830991998
44.961493993697246,-91.37073068909343,279,2,305,6,7.941743691836643
44.937032765576085,-91.01514095807798,325,5,260,-1,7.040188830991998
44.9114765317105,-90.66001517219377,376,2,0,0,7.941743691836643
44.8848292085055,-90.30537282037471,394,0,0,0,11.522875795823397
44.85709486939538,-89.95123321858759,393,4,245,-2,7.261413878822431
44.82827774297702,-89.59761550374739,381,6,298,1,6.858642093395692
44.79838221108127,-89.24453862779141,365,3,235,1,7.545104852168523
44.7674128067845,-88.8920213519156,317,2,125,-5,7.941743691836643
44.73537421236225,-88.54008224097747,251,0,0,-24,11.522875795823397
44.70227125718674,-88.188739658069,235,3,250,9,7.545104852168523
44.63289230455805,-87.48791648853347,197,3,90,0,7.545104852168523
44.48159037528753,-86.09421287326953,273,3,270,2,7.545104852168523
44.4411840079064,-85.74754214647437,309,0,0,0,11.522875795823397
44.399756941097415,-85.40160699606645,363,9,96,-14,6.451747248958747
44.357315225282406,-85.05642375448413,372,3,335,-4,7.545104852168523
44.313865034335926,-84.71200850806765,343,0,0,0,11.522875795823397
44.26941266300629,-84.3683770936596,388,2,54,-4,7.941743691836643
44.2239645243066,-84.02554509539745,260,7,278,7,6.70452216925573
44.17752714687747,-83.683527841698,193,6,0,-6,6.858642093395692
43.30572615045507,-78.3335374255221,119,0,0,0,11.522875795823397
43.24356945519048,-78.00745753107165,140,1,0,-3,8.607715418818213
43.18055769205224,-77.68242225534597,169,4,34,6,7.261413878822431
43.11669906399813,-77.35844174362045,155,11,81,6,6.248120224858334
43.05200183425085,-77.03552586366261,188,6,299,8,6.858642093395692
42.98647432354986,-76.71368420639581,134,3,290,2,7.545104852168523
42.92012490741765,-76.39292608670698,290,1,270,-3,8.607715418818213
42.85296201344264,-76.07326054439481,308,5,134,9,7.040188830991998
42.78499411857926,-75.75469634525427,465,9,24,18,6.451747248958747
42.7162297464676,-75.43724198229384,505,4,214,1,7.261413878822431
42.64667746477303,-75.12090567708121,533,5,80,12,7.040188830991998
42.57634588254779,-74.80569538121378,625,12,163,3,6.159167458950843
42.505243647615565,-74.49161877790961,596,4,214,-4,7.261413878822431
42.43337944397997,-74.17868328371492,401,3,290,8,7.545104852168523
42.36076198925861,-73.86689605032399,119,3,126,10,7.545104852168523
42.28740003214351,-73.55626396650726,299,4,199,-2,7.261413878822431
42.21330234988873,-73.24679366014378,595,2,307,2,7.941743691836643
42.13847774582688,-72.93849150035342,375,10,74,2,6.345071884011764
42.0629350469146,-72.63136359972513,42,1,270,2,8.607715418818213
41.98668310130866,-72.32541581663685,189,6,107,-6,6.858642093395692
41.90973077597295,-72.02065375766311,219,4,222,0,7.261413878822431
41.83208695431763,-71.71708278006614,128,6,0,-1,6.858642093395692
41.7537605338708,-71.41470799436642,30,2,34,-29,7.941743691836643
41.67476042398364,-71.11353426698876,33,0,0,0,11.522875795823397
42.6283926921642,-124.0749337836392,491,16,103,3,5.860997933550507
42.70121609794087,-123.76166080233742,641,12,133,11,6.159167458950843
42.773277072329954,-123.44722807766104,563,20,238,-8,5.623264340182601
42.84456680781533,-123.13164289839226,1137,31,291,-86,5.123080734108857
42.91507653150504,-122.81491282437804,683,19,74,14,5.67858487499791
42.98479750775175,-122.49704568839174,1204,22,234,35,5.519132026132706
43.0537210407989,-122.17804959787782,1743,4,296,9,7.261413878822431
43.12183847745151,-121.85793293657574,1416,0,0,-4,11.522875795823397
43.189141209770334,-121.5367043660184,1559,3,270,1,7.545104852168523
43.255620677788094,-121.21437282690124,1508,2,54,0,7.941743691836643
43.32126837224647,-120.89094754031778,1314,2,54,4,7.941743691836643
43.3860758373524,-120.56643800885738,1342,6,0,-4,6.858642093395692
43.450034673552416,-120.24085401756112,1464,1,0,2,8.607715418818213
43.51313654032297,-119.91420563473228,1479,4,104,16,7.261413878822431
43.57537315897616,-119.58650321259675,1301,1,180,-6,8.607715418818213
43.63673631547813,-119.25775738781024,1458,6,40,6,6.858642093395692
43.69721786327953,-118.92797908180822,1475,3,250,2,7.545104852168523
43.75680972615549,-118.59717950099508,1407,5,110,-9,7.040188830991998
43.815503901054,-118.26537013676877,1213,8,83,-6,6.570477324756705
43.87329246095042,-117.93256276537804,1724,3,90,-17,7.545104852168523
43.93016755770683,-117.59876944760842,1028,2,180,0,7.941743691836643
43.98612142493352,-117.26400252829418,705,7,170,2,6.70452216925573
44.0411463808518,-116.9282746356532,655,0,0,3,11.522875795823397
44.09523483115504,-116.59159868044208,871,9,225,-6,6.451747248958747
44.14837927186691,-116.25398785492828,1163,20,187,2,5.623264340182601
44.20057229219399,-115.91545563167776,1136,3,290,15,7.545104852168523
44.25180657737127,-115.5760157621549,2011,21,83,-22,5.5701918233974546
44.30207491149821,-115.23568227513296,2183,16,332,13,5.860997933550507
44.35137018036316,-114.89446947491356,2285,22,309,7,5.519132026132706
44.39968537425406,-114.55239193935246,2670,31,117,12,5.123080734108857
44.447013590753365,-114.20946451769149,1571,7,278,0,6.70452216925573
44.493348037514735,-113.86570232819405,1713,3,335,-2,7.545104852168523
44.53868203501952,-113.5211207555842,2882,6,180,9,6.858642093395692
44.5830090193105,-113.17573544828772,2079,3,235,2,7.545104852168523
44.62632254470114,-112.82956231547529,2205,18,29,-8,5.73642582948546
44.66861628645734,-112.48261752390675,1998,20,180,-12,5.623264340182601
44.70988404345022,-112.1349174945772,2158,11,209,3,6.248120224858334
44.75011974077697,-111.78647889916424,2195,5,0,3,7.040188830991998
44.789317432348085,-111.43731865627764,2154,38,270,12,4.860913441019714
44.82747130343812,-111.0874539275117,2195,21,173,-1,5.5701918233974546
44.8645756731981,-110.73690211330128,2241,16,280,-5,5.860997933550507
44.90062499712729,-110.38568084858304,2021,4,223,-13,7.261413878822431
44.93561386950189,-110.0338079982635,2715,22,313,-16,5.519132026132706
44.96953702575846,-109.68130165249512,2679,8,152,-12,6.570477324756705
45.00238934483001,-109.3281801217634,2681,29,331,-56,5.203575778621866
45.03416585143237,-108.97446193178683,1364,17,93,1,5.7971052477000855
45.06486171829876,-108.62016581823242,1426,5,325,4,7.040188830991998
45.094472268360526,-108.26531072125007,1375,6,125,-4,6.858642093395692
45.12299297687154,-107.90991577982872,1837,24,28,2,5.422256431435354
45.15041947347466,-107.5540003259778,1333,12,242,11,6.159167458950843
45.17674754420806,-107.19758387873836,1235,2,125,-4,7.941743691836643
45.20197313344924,-106.8406861380267,1188,3,125,-1,7.545104852168523
45.22609234579491,-106.48332697831654,1022,5,260,10,7.040188830991998
45.24910144787506,-106.1255264421627,1081,16,319,0,5.860997933550507
45.270996870099005,-105.76730473357236,1110,2,0,6,7.941743691836643
45.29177520833184,-105.40868221122838,1036,4,223,6,7.261413878822431
45.311433225499655,-105.0496793815702,1068,8,0,2,6.570477324756705
45.32996785312152,-104.690316891738,1084,2,0,-4,7.941743691836643
45.34737619276705,-104.33061552238613,1129,7,325,-6,6.70452216925573
45.3636555174378,-103.97059618037132,1011,4,200,-4,7.261413878822431
45.37880327287101,-103.61027989132266,992,3,90,4,7.545104852168523
45.39281707876447,-103.24968779209934,934,2,325,0,7.941743691836643
45.40569472992107,-102.88884112314292,917,10,309,-4,6.345071884011764
45.41743419731191,-102.52776122073138,816,2,125,1,7.941743691836643
45.428033629056806,-102.16646950914142,792,1,270,-3,8.607715418818213
45.43749135132103,-101.80498749272668,736,2,325,7,7.941743691836643
45.4458058691276,-101.44333674791888,703,0,0,-2,11.522875795823397
45.4529758670839,-101.08153891515992,669,3,270,-7,7.545104852168523
45.45900021002206,-100.7196156907718,657,2,305,-3,7.941743691836643
45.4638779435524,-100.35758881877273,494,0,0,14,11.522875795823397
45.46760829452919,-99.99548008264708,615,4,270,4,7.261413878822431
45.47019067142835,-99.63331129707692,623,2,215,1,7.941743691836643
45.47162466463669,-99.27110429964333,550,2,55,-6,7.941743691836643
45.47191004665231,-98.90888094250523,449,1,180,0,8.607715418818213
45.47104677219578,-98.54666308406462,404,1,0,-6,8.607715418818213
45.46903497823248,-98.18447258062488,393,1,0,7,8.607715418818213
45.465874983905415,-97.82233127805192,459,4,224,2,7.261413878822431
45.46156729037925,-97.460261003445,553,0,0,-1,11.522875795823397
45.45611258059498,-97.098283556826,627,4,20,-6,7.261413878822431
45.44951171893639,-96.73642070285476,335,4,316,-14,7.261413878822431
45.44176575080778,-96.3746941625793,344,4,0,1,7.261413878822431
45.4328759021242,-96.01312560522756,338,2,180,0,7.941743691836643
45.422843578714,-95.65173664004992,320,2,235,3,7.941743691836643
45.41167036563513,-95.29054880821944,338,4,103,6,7.261413878822431
45.39935802640524,-94.92958357479752,378,2,325,1,7.941743691836643
45.385908502146776,-94.56886232077306,361,1,0,2,8.607715418818213
45.37132391064803,-94.20840633518212,334,4,160,0,7.261413878822431
45.35560654534088,-93.84823680731542,285,3,251,4,7.545104852168523
45.33875887419659,-93.4883748190208,283,2,145,-4,7.941743691836643
45.32078353854065,-93.12884133710794,275,1,180,0,8.607715418818213
45.301683351788185,-92.76965720586162,297,2,35,-1,7.941743691836643
45.28146129810078,-92.4108431396704,316,1,270,1,8.607715418818213
45.2601205309667,-92.05241971577703,369,8,31,-2,6.570477324756705
45.237664371705726,-91.69440736715704,364,18,256,-6,5.73642582948546
45.21409630789999,-91.33682637553068,349,6,0,8,6.858642093395692
45.18941999175281,-90.97969686451516,349,2,35,-1,7.941743691836643
45.16363923837696,-90.62303879292146,442,5,215,-8,7.040188830991998
45.13675802401416,-90.26687194820182,435,2,305,4,7.941743691836643
45.10878048418781,-89.91121594005246,441,2,125,-6,7.941743691836643
45.07971091179032,-89.5560901941764,405,3,71,-2,7.545104852168523
45.04955375510773,-89.20151394621101,436,2,180,1,7.941743691836643
45.01831361578285,-88.84750623582416,367,3,270,-2,7.545104852168523
44.98599524671933,-88.49408590098315,279,4,283,-4,7.261413878822431
44.95260354992862,-88.14127157240016,224,1,0,5,8.607715418818213
44.88262051344967,-87.43753438851456,175,0,0,0,11.522875795823397
44.73000621987206,-86.03812762231142,216,5,0,8,7.040188830991998
44.68925053381187,-85.6900585059612,277,3,205,-5,7.545104852168523
44.64746582847736,-85.34273637445199,299,2,0,-4,7.941743691836643
44.60465824260216,-84.99617777379741,336,1,180,-1,8.607715418818213
44.560834039831605,-84.65039899751648,364,2,0,1,7.941743691836643
44.51599960608537,-84.30541608318065,371,3,110,1,7.545104852168523
44.47016144688985,-83.9612448091598,353,11,223,5,6.248120224858334
44.423326184682416,-83.61790069156645,259,2,35,-3,7.941743691836643
43.22227776808535,-76.62332233142683,136,2,34,-6,7.941743691836643
43.15538304243584,-76.30154456950368,135,3,205,-5,7.545104852168523
43.08766935290593,-75.98087430924907,129,3,180,-12,7.545104852168523
43.01914528393885,-75.66132035074669,317,13,231,9,6.076901183003046
42.94981946658051,-75.34289121559002,448,5,226,1,7.040188830991998
42.87970057577429,-75.02559514831705,448,4,138,3,7.261413878822431
42.80879732767844,-74.70944011797242,532,2,234,-8,7.941743691836643
42.73711847700751,-74.39443381979257,322,9,59,7,6.451747248958747
42.66467281439907,-74.08058367700978,442,2,326,-2,7.941743691836643
42.5914691638066,-73.7678968427709,16,6,82,-3,6.858642093395692
42.5175163799203,-73.45638020216613,332,4,256,7,7.261413878822431
42.44282334561595,-73.14604037436406,533,7,121,2,6.70452216925573
42.36739896943365,-72.83688371484833,367,4,296,6,7.261413878822431
42.29125218308701,-72.5289163177514,139,12,216,24,6.159167458950843
42.21439193900374,-72.22214401828184,176,5,290,25,7.040188830991998
42.13682720789842,-71.91657239524007,176,2,53,1,7.941743691836643
42.0585669763785,-71.61220677361892,67,3,307,9,7.545104852168523
41.97962024458396,-71.3090522272844,74,10,15,4,6.345071884011764
41.89999602386161,-71.00711358173261,18,3,233,-2,7.545104852168523
41.81970333447455,-70.70639541691874,30,5,307,-5,7.040188830991998
42.85919947817797,-124.17464908325152,295,9,276,-4,6.451747248958747
42.932610538236005,-123.8604619112616,938,12,354,24,6.159167458950843
43.00525437803577,-123.54509967913091,477,30,325,-62,5.162923839635655
43.07712208212946,-123.22856967774013,475,24,276,-15,5.422256431435354
43.1482047693927,-122.91087947443042,992,21,10,12,5.5701918233974546
43.21849359568717,-122.59203691496752,1490,37,190,54,4.897002021379538
43.287979756549866,-122.27205012538568,1583,21,193,-25,5.5701918233974546
43.35665448990829,-121.95092751370892,1628,26,333,3,5.331277149398757
43.424509078819945,-121.62867777154396,1346,0,0,0,11.522875795823397
43.49153485423511,-121.30530987554113,1493,2,215,3,7.941743691836643
43.55772319778117,-120.98083308871831,1444,4,244,-1,7.261413878822431
43.62306554456759,-120.65525696164434,1487,2,306,-4,7.941743691836643
43.68755338600948,-120.32859133347672,1350,2,0,-1,7.941743691836643
43.75117827266868,-120.00084633285051,1269,4,284,4,7.261413878822431
43.81393181711052,-119.6720323786135,1508,14,126,4,6.000299329861114
43.87580569677478,-119.34216018040377,1568,8,351,2,6.570477324756705
43.93679165685902,-119.01124073906628,1648,7,120,0,6.70452216925573
43.996881513212735,-118.679285346904,1380,5,325,-13,7.040188830991998
44.05606715524027,-118.34630558776026,1531,19,106,-6,5.67858487499791
44.11434054881103,-118.01231333692854,1476,7,67,-5,6.70452216925573
44.17169373917475,-117.67732076088664,1780,27,81,11,5.287654659051184
44.22811885388014,-117.34134031685132,839,5,54,-3,7.040188830991998
44.28360810569494,-117.00438475215095,665,3,290,-5,7.545104852168523
44.338153795525095,-116.66646710341266,1151,5,0,-1,7.040188830991998
44.39174831533142,-116.32760069556122,1494,6,234,-8,6.858642093395692
44.44438415104137,-115.98779914062764,1456,4,295,4,7.261413878822431
44.49605388545386,-115.64707633636384,2411,6,110,-8,6.858642093395692
44.54675020113506,-115.30544646466268,1728,2,305,-5,7.941743691836643
44.59646588330285,-114.96292398977955,2224,14,83,3,6.000299329861114
44.64519382269787,-114.61952365635555,1748,20,209,-4,5.623264340182601
44.69292701843878,-114.27526048723888,2025,17,26,0,5.7971052477000855
44.739658580859626,-113.93014978110448,1985,16,227,-1,5.860997933550507
44.78538173432669,-113.58420710986996,1750,2,35,5,7.941743691836643
44.83008982003311,-113.23744831590696,2160,3,110,5,7.545104852168523
44.873776298768185,-112.88988950904796,2345,28,85,-16,5.2451216767435955
44.91643475365979,-112.54154706338714,2309,31,299,21,5.123080734108857
44.95805889288697,-112.19243761387614,2196,17,90,8,5.7971052477000855
44.99864255236074,-111.84257805271412,2497,40,93,-56,4.789622455256336
45.03817969837048,-111.49198552553312,2956,50,235,51,4.43918998060335
45.07666443019376,-111.14067742737883,2267,9,8,4,6.451747248958747
45.11409098266721,-110.78867139848848,1581,12,242,-4,6.159167458950843
45.15045372871596,-110.43598531986632,2395,8,200,12,6.570477324756705
45.18574718183954,-110.0826373086591,2985,31,338,8,5.123080734108857
45.219965998551714,-109.7286457133324,3124,8,208,-8,6.570477324756705
45.25310498077212,-109.37402910865129,1644,4,43,2,7.261413878822431
45.28515907816738,-109.01880629046605,1202,1,180,-4,8.607715418818213
45.31612339043936,-108.66299627030762,1902,17,328,1,5.7971052477000855
45.34599316955856,-108.3066182697942,1631,16,346,-41,5.860997933550507
45.37476382194022,-107.94969171485312,1139,1,0,-6,8.607715418818213
45.40243091056103,-107.59223622976154,1076,11,133,7,6.248120224858334
45.42899015701469,-107.23427163100982,1083,1,0,-3,8.607715418818213
45.45443744350369,-106.87581792099164,1346,9,65,-3,6.451747248958747
45.478768814765736,-106.51689528152548,1199,25,163,2,5.376102417024408
45.50198047993266,-106.1575240672124,962,3,205,6,7.545104852168523
45.52406881432001,-105.7977247986346,1070,2,305,2,7.941743691836643
45.545030361145386,-105.43751815540077,1003,3,205,4,7.545104852168523
45.564861833173765,-105.07692496904328,950,7,262,-7,6.70452216925573
45.58356011428806,-104.71596621577318,1075,1,270,5,8.607715418818213
45.60112226098356,-104.35466300909914,1001,1,180,-10,8.607715418818213
45.61754550378405,-103.99303659231644,954,5,55,-5,7.040188830991998
45.63282724857862,-103.63110833087296,903,1,180,6,8.607715418818213
45.64696507787787,-103.26889970461812,846,4,44,-3,7.261413878822431
45.659956751987394,-102.9064322999428,780,2,305,3,7.941743691836643
45.67180021009807,-102.5437278018162,781,3,251,-1,7.545104852168523
45.682493571291694,-102.18080798572797,758,3,180,-2,7.545104852168523
45.69203513546071,-101.81769470954254,641,6,221,9,6.858642093395692
45.70042338414126,-101.45440990527332,602,7,106,7,6.70452216925573
45.70765698125855,-101.090975570785,534,1,180,-3,8.607715418818213
45.71373477378368,-100.72741376143118,594,6,221,6,6.858642093395692
45.71865579230137,-100.36374658163618,543,3,251,-4,7.545104852168523
45.72241925148761,-99.9999961764284,522,1,0,-2,8.607715418818213
45.7250245504974,-99.63618472293406,549,3,71,3,7.545104852168523
45.726471273261104,-99.27233442183936,608,6,109,-20,6.858642093395692
45.726759188690224,-98.9084674888294,469,0,0,-1,11.522875795823397
45.72588825079146,-98.54460614601236,423,3,90,1,7.545104852168523
45.72385859868958,-98.18077261333754,393,0,0,-5,11.522875795823397
45.72067055655853,-97.8169891000151,396,1,180,3,8.607715418818213
45.71632463346128,-97.4532777959469,555,2,180,-10,7.941743691836643
45.71082152309849,-97.08966086317592,373,3,334,0,7.545104852168523
45.70416210346603,-96.7261604273632,295,0,0,0,11.522875795823397
45.696347436422,-96.36279856930074,318,0,0,-1,11.522875795823397
45.68737876716367,-95.99959731646788,340,2,235,5,7.941743691836643
45.67725752361494,-95.6365786346404,381,3,109,3,7.545104852168523
45.66598531572467,-95.27376441955968,414,1,270,7,8.607715418818213
45.65356393467728,-94.91117648867004,398,2,305,-1,7.941743691836643
45.639995352015895,-94.54883657293244,376,3,125,1,7.545104852168523
45.62528171867923,-94.186766308722,324,3,0,2,7.545104852168523
45.60942536395331,-93.82498722981684,330,3,90,0,7.545104852168523
45.59242879433911,-93.4635207594858,293,5,0,3,7.040188830991998
45.57429469233727,-93.10238820268252,283,1,180,5,8.607715418818213
45.555025915151234,-92.74161073835234,230,1,0,-3,8.607715418818213
45.53462549331035,-92.3812094118592,360,5,313,2,7.040188830991998
45.51309662921404,-92.0212051275394,385,5,216,1,7.040188830991998
45.49044269559897,-91.6616186413881,365,3,305,0,7.545104852168523
45.466667233930735,-91.30247055388524,342,3,155,-3,7.545104852168523
45.44177395272136,-90.9437813029664,371,1,270,1,8.607715418818213
45.41576672577512,-90.58557115714466,405,1,180,-2,8.607715418818213
45.388649590363606,-90.22786020878856,488,0,0,12,11.522875795823397
45.36042674533291,-89.87066836756166,458,3,289,-3,7.545104852168523
45.33110254914375,-89.51401535402834,445,3,125,0,7.545104852168523
45.30068151784753,-89.15792069343043,491,2,180,4,7.941743691836643
45.2691683229998,-88.80240370963934,430,1,0,-2,8.607715418818213
45.23656778951321,-88.4474835192874,341,7,22,-4,6.70452216925573
45.202884893452456,-88.09317902608237,226,3,270,-11,7.545104852168523
45.16812475977301,-87.73950891530852,194,2,180,-6,7.941743691836643
44.93724713145112,-85.63182783912757,203,2,305,4,7.941743691836643
44.89510184129657,-85.28310217989494,176,0,0,0,11.522875795823397
44.85192538514367,-84.93515192607367,384,4,270,6,7.261413878822431
44.80772411806475,-84.58799358181435,371,3,235,0,7.545104852168523
44.76250451882242,-84.24164338867165,371,1,270,1,8.607715418818213
44.71627318714163,-83.89611732230338,308,5,164,-1,7.040188830991998
44.66903684095363,-83.55143108937492,261,6,180,0,6.858642093395692
43.39047395486255,-76.20905550399581,156,4,43,-6,7.261413878822431
43.32220565814506,-75.88737172593243,183,8,199,14,6.570477324756705
43.25312159673065,-75.56681948671394,144,3,234,-3,7.545104852168523
43.183230510610976,-75.24740733508348,299,5,270,-5,7.040188830991998
43.11254118352646,-74.92914353698654,335,3,54,-1,7.545104852168523
43.04106244023885,-74.61203607722908,357,1,270,-5,8.607715418818213
42.968803143829,-74.29609266126113,183,7,201,-6,6.70452216925573
42.89577219302068,-73.98132071708172,207,4,146,-15,7.261413878822431
42.82197851953224,-73.66772739726058,14,1,0,1,8.607715418818213
42.74743108545672,-73.35531958107202,304,3,234,-23,7.545104852168523
42.67213888067153,-73.04410387673697,582,2,180,-3,7.941743691836643
42.59611092027919,-72.73408662376796,137,13,57,-14,6.076901183003046
42.51935624207924,-72.4252738954133,286,6,119,27,6.858642093395692
42.44188390407332,-72.11767150119552,344,4,90,3,7.261413878822431
42.36370298200308,-71.81128498953981,248,17,267,6,5.7971052477000855
42.28482256692276,-71.50611965048812,119,2,34,-10,7.941743691836643
42.20525176280656,-71.20218051849425,56,2,127,5,7.941743691836643
42.1249996841917,-70.89947237529606,32,3,70,-3,7.545104852168523
41.88024705669983,-69.99877796742366,9,3,70,-7,7.545104852168523
43.08980746924434,-124.27554650487114,17,6,241,12,6.858642093395692
43.16381006173097,-123.96043812606004,100,18,160,19,5.73642582948546
43.23704064709602,-123.64413909594096,714,6,180,0,6.858642093395692
43.30949020049533,-123.32665670541412,241,16,0,28,5.860997933550507
43.381149731083454,-123.00799852735096,697,15,215,1,5.928550143214419
43.45201028471876,-122.68817241866408,1195,18,304,-13,5.73642582948546
43.522062946696856,-122.36718652225592,1048,13,143,8,6.076901183003046
43.59129884451068,-122.04504926884128,1476,23,144,49,5.469880104866039
43.65970915063629,-121.72176937863928,1321,0,0,0,11.522875795823397
43.72728508534284,-121.39735586293016,1371,10,345,0,6.345071884011764
43.794017919525366,-121.0718180254724,1531,0,0,2,11.522875795823396
43.85989897755902,-120.74516546377544,1342,2,145,8,7.941743691836643
43.92491964017327,-120.41740807022404,1429,2,145,2,7.941743691836643
43.98907134734425,-120.08855603304914,1378,4,43,-5,7.261413878822431
44.0523456012041,-119.75861983714196,1377,7,240,-3,6.70452216925573
44.114733968965126,-119.42761026470605,1487,23,316,1,5.469880104866039
44.17622808585752,-119.09553839574394,1450,1,0,6,8.607715418818213
44.23681965807854,-118.76241560837435,1559,25,230,22,5.376102417024408
44.29650046575145,-118.4282535789754,1825,24,49,-9,5.422256431435354
44.35526236589241,-118.09306428215086,1408,8,208,14,6.570477324756705
44.41309729538328,-117.75685999051534,1184,5,100,-11,7.040188830991998
44.46999727394838,-117.4196532742952,1311,11,193,-23,6.248120224858334
44.52595440713348,-117.08145700074158,1276,21,112,8,5.5701918233974546
44.58096088928423,-116.7422843333527,948,11,27,7,6.248120224858334
44.63500900652297,-116.40214873090198,1037,4,270,-1,7.261413878822431
44.688091139720825,-116.06106394626993,1469,2,305,4,7.941743691836643
44.74019976746352,-115.71904402507629,1941,24,135,-33,5.422256431435354
44.79132746900836,-115.3761033041108,2544,38,329,1,4.860913441019714
44.84146692723032,-115.03225640956,1776,29,0,3,5.203575778621866
44.890610931554974,-114.68751825502808,1472,33,170,-32,5.045514080099346
44.93875238087572,-114.34190403935013,1912,29,231,12,5.203575778621866
44.9858842864533,-113.9954292441965,2082,20,72,14,5.623264340182601
45.03199977479493,-113.64810963146664,1457,3,251,-2,7.545104852168523
45.07709209051104,-113.29996124047156,2086,2,125,1,7.941743691836643
45.12115459914679,-112.95100038490436,1852,2,0,-9,7.941743691836643
45.16418078998638,-112.601243649598,1662,1,270,-2,8.607715418818213
45.20616427882742,-112.25070788707056,2124,6,220,17,6.858642093395692
45.2470988107231,-111.89941021385764,2208,16,319,-2,5.860997933550507
45.28697826268988,-111.54736800663272,2454,37,177,1,4.897002021379538
45.32579664637763,-111.1945988981155,2173,19,42,-16,5.67858487499791
45.36354811070083,-110.84112077277004,2038,4,103,-21,7.261413878822431
45.40022694442743,-110.48695176229336,2736,17,207,22,5.7971052477000855
45.435827578723554,-110.13211024089604,2969,11,44,6,6.248120224858334
45.47034458965146,-109.7766148203771,1596,20,111,-24,5.623264340182601
45.503772700618384,-109.42048434499516,1323,11,109,-7,6.248120224858334
45.536106784774006,-109.06373788613809,1260,3,270,6,7.545104852168523
45.56734186735404,-108.7063947367944,1270,5,324,-4,7.040188830991998
45.59747312796793,-108.3484744058292,1168,4,20,7,7.261413878822431
45.6264959028281,-107.98999661206834,1022,2,324,-8,7.941743691836643
45.65440568691866,-107.630981278194,892,0,0,0,11.522875795823397
45.68119813610159,-107.27144852445647,992,5,324,-1,7.040188830991998
45.706869069157854,-106.91141866220602,1171,7,67,16,6.70452216925573
45.73141446976167,-106.5509121872492,1067,18,96,-9,5.73642582948546
45.7548304883859,-106.18994977303532,960,5,16,0,7.040188830991998
45.77711344413638,-105.82855226367738,990,8,251,12,6.570477324756705
45.798259826513465,-105.46674066681368,945,3,125,0,7.545104852168523
45.81826629709888,-105.10453614631552,887,3,235,5,7.545104852168523
45.83712969116608,-104.74196001484688,1092,2,305,10,7.941743691836643
45.854847019212414,-104.37903372628276,1034,6,180,-7,6.858642093395692
45.87141546841156,-104.0157788679924,937,4,44,-2,7.261413878822431
45.88683240398426,-103.65221715299428,1026,10,147,-4,6.345071884011764
45.90109537048667,-103.28837041198982,910,10,42,22,6.345071884011764
45.914202093014026,-102.92426058528312,827,3,251,9,7.545104852168523
45.92615047831896,-102.55990971459396,821,2,180,-6,7.941743691836643
45.93693861584292,-102.19533993477192,799,6,167,0,6.858642093395692
45.94656477865968,-101.83057346541914,743,3,289,-4,7.545104852168523
45.95502742433001,-101.46563260242996,686,7,202,1,6.70452216925573
45.96232519566613,-101.1005397094553,674,3,154,2,7.545104852168523
45.96845692140574,-100.73531720930023,609,2,144,0,7.941743691836643
45.97342161679441,-100.36998757526294,617,1,270,-5,8.607715418818213
45.97721848407565,-100.00457332242355,561,4,316,2,7.261413878822431
45.97984691288861,-99.6390969988918,639,4,115,-3,7.261413878822431
45.98130648057234,-99.27358117702136,599,2,36,3,7.941743691836643
45.981596952376734,-98.90804844460068,652,1,180,-1,8.607715418818213
45.98071828157975,-98.54252139602784,438,3,0,-2,7.545104852168523
45.97867060951059,-98.17702262347916,395,1,270,5,8.607715418818213
45.975454265479335,-97.81157470808014,395,2,235,7,7.941743691836643
45.97106976661247,-97.44620021108692,376,5,16,1,7.040188830991998
45.96551781759491,-97.08092166508808,361,2,55,3,7.941743691836643
45.95879931031884,-96.71576156523456,316,2,55,1,7.941743691836643
45.95091532343934,-96.35074236050694,302,3,90,-1,7.545104852168523
45.9418671218378,-95.98588644502848,354,2,235,4,7.941743691836643
45.93165615599341,-95.62121614943251,417,3,0,3,7.545104852168523
45.92028406126352,-95.2567537322926,417,2,216,-8,7.941743691836643
45.90775265707361,-94.89252137162364,409,2,180,0,7.941743691836643
45.89406394601789,-94.52854115646244,357,2,36,-8,7.941743691836643
45.879220112871394,-94.16483507853548,337,1,0,0,8.607715418818213
45.86322352351472,-93.8014250240217,373,0,0,1,11.522875795823397
45.8460767237725,-93.43833276541832,318,2,235,-4,7.941743691836643
45.82778243816715,-93.07557995351698,285,2,216,-2,7.941743691836643
45.80834356858872,-92.71318810949768,279,3,270,2,7.545104852168523
45.78776319288299,-92.3511786171473,304,4,0,-9,7.261413878822431
45.766044563358605,-91.98957271521,360,4,65,7,7.261413878822431
45.74319110521545,-91.62839148987584,401,0,0,-1,11.522875795823397
45.7192064148956,-91.26765586741436,369,4,200,6,7.261413878822431
45.694094258358575,-90.90738660695868,416,6,193,-7,6.858642093395692
45.66785856928299,-90.54760429344672,449,1,90,0,8.607715418818213
45.64050344719629,-90.18832933072476,510,3,109,2,7.545104852168523
45.61203315553431,-89.82958193481873,466,0,0,-10,11.522875795823397
45.58245211963329,-89.47138212737816,491,7,82,-4,6.70452216925573
45.55176492465559,-89.1137497292981,512,4,316,-4,7.261413878822431
45.51997631345192,-88.75670435452275,522,3,125,8,7.545104852168523
45.48709118436187,-88.40026540403555,413,2,0,0,7.941743691836643
45.45311458895488,-88.04445206003929,289,3,125,3,7.545104852168523
45.41805172971428,-87.68928328033003,218,3,90,2,7.545104852168523
45.18517277971552,-85.57283848755382,181,0,0,0,11.522875795823397
45.142663909262495,-85.22269253673923,235,13,65,10,6.076901183003046
45.09911553276822,-84.87333412501631,307,4,0,6,7.261413878822431
45.05453409842981,-84.52477997067376,322,3,125,6,7.545104852168523
45.00892617956587,-84.17704652255046,270,2,0,8,7.941743691836643
44.96229847182673,-83.83014995668765,248,11,27,-6,6.248120224858334
44.91465779037621,-83.48410617319375,223,2,305,7,7.941743691836643
43.625395128737246,-76.11544368508783,108,4,317,3,7.261413878822431
43.55656836042612,-75.7927375563795,347,6,82,-12,6.858642093395692
43.486920435826455,-75.47117848795666,511,5,134,-13,7.040188830991998
43.41646020544332,-75.15077505418334,373,3,180,7,7.545104852168523
43.34519656336019,-74.83153554075386,545,4,341,0,7.261413878822431
43.27313844446601,-74.51346794645112,764,16,180,-12,5.860997933550507
43.200294821708326,-74.19657998503313,261,2,34,3,7.941743691836643
43.12667470337395,-73.88087908724319,197,5,226,-3,7.040188830991998
43.05228713039822,-73.56637240293918,86,6,219,-2,6.858642093395692
42.977141173704254,-73.25306680333698,347,3,290,3,7.545104852168523
42.90124593157271,-72.94096888336382,695,26,297,2,5.331277149398757
42.8246105270438,-72.63008496411645,209,4,34,4,7.261413878822431
42.747244105352,-72.32042109541972,292,4,42,-2,7.261413878822431
42.66915583139454,-72.01198305848096,301,1,270,17,8.607715418818213
42.59035488723455,-71.70477636863541,131,0,0,-9,11.522875795823397
42.51085046963959,-71.3988062781781,83,2,54,0,7.941743691836643
42.43065178765647,-71.09407777927798,52,2,326,-2,7.941743691836643
43.394811765103725,-124.06160503880032,124,32,356,6,5.083968235816121
43.46863302719293,-123.74436192015727,331,13,35,-1,6.076901183003046
43.54166836211821,-123.4259195679681,551,26,104,-6,5.331277149398757
43.61390866779906,-123.1062855585636,508,15,325,5,5.928550143214419
43.68534487855237,-122.78546775805424,708,31,292,4,5.123080734108857
43.755967967870376,-122.46347432438716,542,17,31,-12,5.7971052477000855
43.82576895122668,-122.14031370927508,1532,17,93,1,5.7971052477000855
43.89473888890883,-121.81599465999206,1606,2,234,4,7.941743691836643
43.96286888887664,-121.49052622103044,1520,13,143,-17,6.076901183003046
44.030150109644055,-121.1639177356157,1094,2,0,0,7.941743691836643
44.09657376318391,-120.83617884707311,1114,2,0,0,7.941743691836643
44.16213111785336,-120.50731950004266,1108,19,87,-22,5.67858487499791
44.22681350133891,-120.17734994153676,1497,6,180,8,6.858642093395692
44.29061230361901,-119.84628072183706,1474,3,180,-6,7.545104852168523
44.35351897994294,-119.51412269522528,1410,23,183,-25,5.469880104866039
44.415525053823686,-119.18088702054396,847,3,25,-5,7.545104852168523
44.476622120043686,-118.8465851615834,1252,18,205,1,5.73642582948546
44.53680184767072,-118.51122888728978,1577,7,158,7,6.70452216925573
44.59605598308306,-118.17483027179128,1379,6,193,0,6.858642093395692
44.65437635300089,-117.83740169423808,1244,7,98,6,6.70452216925573
44.71175486752278,-117.49895583845242,1205,4,103,-11,7.261413878822431
44.76818352316457,-117.15950569238552,665,0,0,8,11.522875795823397
44.823654405899134,-116.8190645473779,1393,27,310,-11,5.287654659051184
44.87815969419419,-116.47764599721955,1243,7,254,-11,6.70452216925573
44.931691662046674,-116.13526393700776,1611,1,90,-7,8.607715418818213
44.98424268201071,-115.79193256179902,1652,22,357,-32,5.519132026132706
45.03580522821768,-115.44766636505295,2454,22,237,-3,5.519132026132706
45.08637187938534,-115.1024801368659,1858,37,344,-54,4.897002021379538
45.13593532181425,-114.75638896199165,1875,23,122,2,5.469880104866039
45.18448835236865,-114.40940821764774,1999,24,289,-5,5.422256431435354
45.23202388143985,-114.0615535711059,2414,18,352,-6,5.73642582948546
45.278534935889205,-113.7128409770648,2347,18,159,-5,5.73642582948546
45.3240146619688,-113.36328667480424,2034,5,305,-4,7.040188830991998
45.3684563282168,-113.01290718512,2591,5,80,-5,7.040188830991998
45.41185332832536,-112.66171930703877,1568,3,180,-7,7.545104852168523
45.45419918397865,-112.30974011431258,1494,6,55,-4,6.858642093395692
45.495487547658186,-111.95698695169344,2956,41,88,-16,4.754325386578697
45.53571220541309,-111.6034774309878,1820,35,144,47,4.970316820703456
45.574867079593005,-111.2492294268916,1603,18,314,-11,5.73642582948546
45.61294623154084,-110.89426107260752,2124,20,267,5,5.623264340182601
45.649943864243006,-110.53859075524478,1437,3,25,5,7.545104852168523
45.6858543249347,-110.18223711100342,1565,8,251,2,6.570477324756705
45.72067210765762,-109.8252190201452,1394,6,167,0,6.858642093395692
45.75439185576777,-109.46755560175306,1224,4,200,0,7.261413878822431
45.78700836439107,-109.10926620828153,1308,0,0,3,11.522875795823397
45.81851658282383,-108.75037041990132,1132,20,329,19,5.623264340182601
45.84891161687642,-108.39088803864114,927,0,0,1,11.522875795823397
45.87818873115747,-108.03083908233005,1033,7,12,-2,6.70452216925573
45.90634335129599,-107.6702437783444,947,6,180,8,6.858642093395692
45.933371066099866,-107.30912255716356,904,2,125,6,7.941743691836643
45.95926762964777,-106.94749604573845,1035,8,152,7,6.570477324756705
45.98402896331292,-106.58538506067842,961,9,295,-3,6.451747248958747
46.00765115771621,-106.2228106012608,966,5,80,-1,7.040188830991998
46.030130474606885,-105.85979384226884,849,7,247,9,6.70452216925573
46.051463348668634,-105.49635612666384,899,5,260,8,7.040188830991998
46.07164638924923,-105.13251895809718,815,1,90,0,8.607715418818213
46.09067638201197,-104.76830399326866,891,3,305,11,7.545104852168523
46.10855029050697,-104.40373303413752,1017,6,139,-4,6.858642093395692
46.1252652576607,-104.03882801999308,907,3,90,0,7.545104852168523
46.14081860718223,-103.673611019392,964,3,55,-4,7.545104852168523
46.15520784488441,-103.30810422196912,919,3,26,-5,7.545104852168523
46.16843065991885,-102.94232993013009,895,2,125,2,7.941743691836643
46.1804849259231,-102.5763105506324,774,3,0,5,7.545104852168523
46.19136870207882,-102.21006858606404,773,1,0,-3,8.607715418818213
46.201080234079846,-101.84362662622677,747,3,55,6,7.545104852168523
46.20961795500893,-101.47700733943267,615,5,0,1,7.040188830991998
46.21698048612234,-101.11023346372292,545,3,0,-5,7.545104852168523
46.22316663754133,-100.7433277980164,564,1,270,7,8.607715418818213
46.228175408849744,-100.3763131931976,510,0,0,0,11.522875795823397
46.23200598959703,-100.00921254315249,582,2,125,2,7.941743691836643
46.23465775970616,-99.642048775761,668,5,133,-4,7.040188830991998
46.236130289786,-99.27484484385543,629,1,270,1,8.607715418818213
46.23642334134777,-98.9076237161538,602,2,125,4,7.941743691836643
46.23553686692519,-98.54040836817695,447,3,305,0,7.545104852168523
46.23347101009853,-98.17322177315911,397,2,180,1,7.941743691836643
46.23022610542208,-97.80608689296062,414,2,235,4,7.941743691836643
46.22580267825562,-97.43902666899196,343,1,90,2,8.607715418818213
46.22020144449965,-97.07206401315862,317,0,0,-1,11.522875795823397
46.21342331023487,-96.70522179883564,291,3,0,-2,7.545104852168523
46.2054693712664,-96.33852285188058,305,3,26,-5,7.545104852168523
46.19634091257302,-95.97198994169466,379,3,154,2,7.545104852168523
46.18603940766231,-95.60564577233998,435,1,90,1,8.607715418818213
46.17456651783225,-95.23951297372244,432,1,90,7,8.607715418818213
46.16192409134007,-94.8736140928484,402,2,324,4,7.941743691836643
46.14811416247953,-94.50797158516414,394,9,352,-7,6.451747248958747
46.13313895056728,-94.14260780598582,388,6,55,-9,6.858642093395692
46.117000858839766,-93.77754500202866,416,4,20,-1,7.261413878822431
46.09970247326181,-93.41280530304334,387,4,257,-8,7.261413878822431
46.081246561248,-93.0484107135669,337,3,71,3,7.545104852168523
46.061636070298526,-92.68438310479648,307,2,125,5,7.941743691836643
46.04087412655095,-92.32074420659262,299,2,235,3,7.941743691836643
46.01896403324911,-91.95751559961975,299,0,0,0,11.522875795823397
45.99590926913148,-91.59471870763052,348,0,0,5,11.522875795823397
45.97171348674011,-91.23237478990062,412,3,305,1,7.545104852168523
45.94638051065225,-90.87050493382058,440,2,235,-2,7.941743691836643
45.91991433563649,-90.50913004765056,459,1,180,-2,8.607715418818213
45.89231912473543,-90.14827085344412,472,2,125,5,7.941743691836643
45.86359920727673,-89.78794788014615,491,3,206,3,7.545104852168523
45.83375907681477,-89.42818145687052,496,1,180,-1,8.607715418818213
45.80280338900502,-89.06899170636231,507,5,16,-3,7.040188830991998
45.77073695941323,-88.7103985386492,477,0,0,1,11.522875795823397
45.73756476126167,-88.35242164488614,453,10,55,-11,6.345071884011764
45.70329192311503,-87.99508049139767,309,4,283,-2,7.261413878822431
45.66792372650759,-87.63839431392134,275,3,71,-2,7.545104852168523
45.63146560351478,-87.28238211205534,213,1,270,-2,8.607715418818213
45.34622754219718,-84.81071202166433,284,21,231,-5,5.5701918233974546
45.30126278618352,-84.46074560784173,243,3,90,7,7.545104852168523
45.25526334152519,-84.11161272817411,250,4,90,3,7.261413878822431
45.20823600156736,-83.76332976222122,238,0,0,0,11.522875795823397
45.16018768048796,-83.41591280645717,193,0,0,0,11.522875795823397
43.86014400067556,-76.02069362191902,175,3,180,-1,7.545104852168523
43.790754842832754,-75.6969562781548,502,2,126,-7,7.941743691836643
43.72053913117656,-75.37438180643457,230,2,325,-12,7.941743691836643
43.64950582832138,-75.05297880511722,507,10,221,-8,6.345071884011764
43.57766394026717,-74.73275557788689,767,14,309,8,6.000299329861114
43.50502251358018,-74.41372013561602,554,9,197,-11,6.451747248958747
43.43159063260072,-74.09588019835964,472,10,255,-15,6.345071884011764
43.357377416679896,-73.77924319747538,325,9,59,12,6.451747248958747
43.28239201744605,-73.46381627786492,147,0,0,-13,11.522875795823396
43.20664361610218,-73.14960630033171,604,16,180,-2,5.860997933550507
43.13014142075558,-72.83661984405028,495,8,306,-2,6.570477324756705
43.05289466378056,-72.52486320914217,254,10,139,3,6.345071884011764
42.97491259921514,-72.21434241935376,351,11,206,-10,6.248120224858334
42.896204500193,-71.90506322483094,293,1,90,5,8.607715418818213
42.81677965641103,-71.59703110498623,73,2,0,2,7.941743691836643
42.73664737163385,-71.29025127145309,77,7,222,-1,6.70452216925573
42.65581696123545,-70.98472867112335,32,4,138,4,7.261413878822431
43.62561269183487,-124.16397852137209,121,15,215,13,5.928550143214419
43.7000286134638,-123.84578402585608,480,25,197,-6,5.376102417024408
43.77365371433274,-123.52637413603732,265,19,176,5,5.67858487499791
43.84647877958697,-123.20575642952424,272,8,234,-18,6.570477324756705
43.918494630437216,-122.88393877956682,330,10,41,0,6.345071884011764
43.9896921269831,-122.56092935722732,570,21,32,-48,5.5701918233974546
44.06006217106562,-122.23673663342028,715,7,60,4,6.70452216925573
44.12959570914768,-121.91136938081635,1727,10,275,11,6.345071884011764
44.198283735221246,-121.58483667560478,1220,4,64,0,7.261413878822431
44.26611729373955,-121.2571478991103,891,8,43,2,6.570477324756705
44.333087482572914,-120.9283127392586,858,2,126,1,7.941743691836643
44.39918545598687,-120.59834119188612,1621,8,180,-31,6.570477324756705
44.464402427640415,-120.26724356188956,1841,8,277,-21,6.570477324756705
44.52872967360351,-119.93503046420928,1234,11,187,2,6.248120224858334
44.59215853539127,-119.60171282464356,906,2,325,-3,7.941743691836643
44.65468042301366,-119.26730188048764,1372,5,35,-1,7.040188830991998
44.71628681803861,-118.93180918099434,1441,9,0,2,6.451747248958747
44.77696927666656,-118.59524658765127,1925,19,278,-6,5.67858487499791
44.83671943281472,-118.25762627427048,1915,9,45,4,6.451747248958747
44.89552900120886,-117.91896072688688,1012,3,90,0,7.545104852168523
44.95338978048053,-117.57926274346124,1249,5,196,3,7.040188830991998
45.0102936562678,-117.23854543338416,2180,22,123,10,5.519132026132706
45.066232604317086,-116.89682221677744,1298,18,209,-5,5.73642582948546
45.12119869358427,-116.55410682358963,1816,15,246,19,5.928550143214419
45.17518408933212,-116.21041329248231,2287,17,81,-2,5.7971052477000855
45.22818105622274,-115.86575596950436,1905,15,284,12,5.928550143214419
45.2801819614017,-115.52014950655162,1941,29,116,11,5.203575778621866
45.33117927757227,-115.17360885960905,1875,9,180,3,6.451747248958747
45.381165586056674,-114.82614928677326,1798,40,354,8,4.789622455256336
45.43013357984267,-114.47778634605386,2317,12,283,-1,6.159167458950843
45.478076066612175,-114.1285358929509,1693,29,170,6,5.203575778621866
45.52498597175008,-113.77841407780788,2333,18,324,5,5.73642582948546
45.570856341330455,-113.42743734293848,1873,3,251,4,7.545104852168523
45.6156803450776,-113.07562241952635,2152,19,251,-22,5.67858487499791
45.659451279299454,-112.72298632429715,1903,16,139,-3,5.860997933550507
45.70216256979086,-112.3695463559627,2096,8,224,-3,6.570477324756705
45.743807774703775,-112.01532009143683,1968,26,63,20,5.331277149398757
45.784380587382415,-111.66032538182388,1381,19,164,18,5.67858487499791
45.823874839160176,-111.30458034817931,1307,1,90,0,8.607715418818213
45.86228450211611,-110.9481033770448,2434,15,50,-12,5.928550143214419
45.89960369178824,-110.59091311575764,1519,4,283,1,7.261413878822431
45.93582666984114,-110.23302846753695,2026,23,154,-10,5.469880104866039
45.97094784668536,-109.87446858634826,1374,17,102,2,5.7971052477000855
46.00496178404585,-109.51525287154873,1474,13,354,5,6.076901183003046
46.03786319747743,-109.15540096231548,1230,5,36,3,7.040188830991998
46.06964695882413,-108.79493273186036,1143,3,109,-11,7.545104852168523
46.10030809862045,-108.43386828143385,1042,3,0,-1,7.545104852168523
46.12984180843198,-108.07222793412195,1002,8,241,-5,6.570477324756705
46.158243443132974,-107.7100322284404,907,3,235,-1,7.545104852168523
46.18550852311846,-107.3473019117295,1003,16,283,-20,5.860997933550507
46.21163273644884,-106.9840579333552,951,4,20,5,7.261413878822431
46.23661194092448,-106.62032143772086,881,7,190,6,6.70452216925573
46.260442166088254,-106.25611375709472,747,2,305,-6,7.941743691836643
46.28311961515401,-105.89145640425927,821,1,90,-4,8.607715418818213
46.30464066685845,-105.5263710649878,884,9,180,-4,6.451747248958747
46.325001877235295,-105.16087959035453,914,3,289,3,7.545104852168523
46.34419998130884,-104.79500398888511,836,1,90,1,8.607715418818213
46.362231894705744,-104.42876641855362,916,4,270,8,7.261413878822431
46.37909471518301,-104.06218917863347,928,2,216,1,7.941743691836643
46.39478572407052,-103.69529470140968,917,2,305,4,7.941743691836643
46.40930238762663,-103.32810554375952,961,3,289,-4,7.545104852168523
46.42264235830514,-102.96064437861,841,3,251,-7,7.545104852168523
46.434803475932384,-102.5929339862795,746,3,125,2,7.545104852168523
46.445783768793056,-102.2249972457124,743,3,235,-4,7.545104852168523
46.45558145462355,-101.8568571256146,705,3,90,1,7.545104852168523
46.46419494151171,-101.48853667549906,692,1,90,-7,8.607715418818213
46.47162282870205,-101.12005901664976,633,10,55,3,6.345071884011764
46.477863907305306,-100.7514473330129,544,1,270,5,8.607715418818213
46.48291716091183,-100.3827248620252,600,1,180,14,8.607715418818213
46.48678176610774,-100.0139148853872,575,2,235,5,7.941743691836643
46.48945709289382,-99.6450407197923,637,3,289,2,7.545104852168523
46.49094270500591,-99.2761257076196,605,5,133,5,7.040188830991998
46.49123836013705,-98.90719320760093,526,4,65,7,7.261413878822431
46.49034401006107,-98.53826658547106,446,3,305,0,7.545104852168523
46.48825980065698,-98.1693692046109,431,6,14,3,6.858642093395692
46.4849860718347,-97.80052441669297,394,3,251,-7,7.545104852168523
46.48052335736199,-97.4317555523388,323,1,90,-2,8.607715418818213
46.47487238459277,-97.06308591179794,317,1,270,2,8.607715418818213
46.46803407409701,-96.69453875565776,286,2,55,-3,7.941743691836643
46.46000953919306,-96.32613729559348,339,4,257,0,7.261413878822431
46.450800085382255,-95.95790468516816,423,6,319,-4,6.858642093395692
46.44040720968727,-95.58986401069144,412,2,0,-11,7.941743691836643
46.42883259989412,-95.22203828214616,412,2,125,3,7.941743691836643
46.41607813369944,-94.85445042419232,384,2,180,6,7.941743691836643
46.40214587776338,-94.4871232672568,412,5,55,-5,7.040188830991998
46.38703808666971,-94.12007953871762,373,5,313,-13,7.040188830991998
46.37075720179381,-93.75334185419148,393,2,305,3,7.941743691836643
46.35330585008028,-93.38693270893252,390,2,55,4,7.941743691836643
46.33468684273105,-93.02087446935091,378,3,71,-4,7.545104852168523
46.31490317380608,-92.65518936465868,345,6,289,-7,6.858642093395692
46.293958018737456,-92.28989947865078,386,0,0,0,11.522875795823397
46.27185473275912,-91.92502674162871,309,0,0,6,11.522875795823397
46.24859684925366,-91.56059292247384,346,3,90,-7,7.545104852168523
46.22418807801789,-91.19661962087729,436,4,160,0,7.261413878822431
46.19863230344962,-90.83312825973314,447,2,305,0,7.941743691836643
46.171933582656685,-90.47014007770107,500,2,324,3,7.941743691836643
46.14409614349111,-90.10767612194476,484,2,180,-8,7.941743691836643
46.11512438251004,-89.74575724105115,509,3,125,-1,7.545104852168523
46.08502286286558,-89.38440407813711,566,2,235,4,7.941743691836643
46.05379631212602,-89.02363706414717,530,2,216,-5,7.941743691836643
46.02144962003047,-88.66347641134826,495,5,80,2,7.040188830991998
45.98798783617924,-88.30394210702525,368,2,180,0,7.941743691836643
45.95341616766257,-87.94505390738166,336,3,125,-3,7.545104852168523
45.91773997662957,-87.58683133164912,313,5,196,-4,7.040188830991998
45.88096477780057,-87.22929365640924,262,4,0,4,7.261413878822431
45.8430962359246,-86.87245991013067,203,2,324,8,7.941743691836643
45.804140163185,-86.51634886792448,195,3,251,-3,7.545104852168523
45.593260246358895,-84.74727299753604,217,2,305,5,7.941743691836643
45.54790896176739,-84.39587766419673,201,5,80,-2,7.040188830991998
45.50151473206903,-84.045328972896,175,0,0,0,11.522875795823397
44.16383249119491,-76.25073704206788,87,3,180,2,7.545104852168523
44.09471795871913,-75.92478953179841,97,2,234,-2,7.941743691836643
44.0247624391055,-75.6000120784818,253,8,290,3,6.570477324756705
43.95397496263923,-75.27641360539337,373,10,270,3,6.345071884011764
43.88236460566878,-74.95400273315856,672,11,35,6,6.248120224858334
43.809940487711934,-74.6327877815873,537,0,0,0,11.522875795823397
43.736711768589096,-74.31277677164682,760,8,333,1,6.570477324756705
43.66268764558541,-73.99397742756814,346,14,247,1,6.000299329861114
43.58787735064248,-73.676397179081,399,18,135,-2,5.73642582948546
43.51229014758148,-73.3600431637723,57,5,314,7,7.040188830991998
43.43593532935832,-73.04492222956299,337,2,54,11,7.941743691836643
43.35882221535225,-72.73104093729813,540,6,82,-7,6.858642093395692
43.28096014868899,-72.41840556344557,233,19,15,-8,5.67858487499791
43.202358493598965,-72.10702210289753,561,2,214,-1,7.941743691836643
43.123026632812135,-71.79689627187072,260,5,260,11,7.040188830991998
43.04297396498975,-71.48803351089965,95,3,250,-3,7.545104852168523
42.96220990219423,-71.18043898791825,72,5,290,-4,7.040188830991998
42.88074386739762,-70.87411760142513,13,3,270,6,7.545104852168523
43.931224447270296,-123.94842157475176,88,14,334,28,6.000299329861114
44.00544335137983,-123.62803657007792,211,33,244,-24,5.045514080099346
44.07885721410515,-123.30642729356828,119,21,62,-11,5.5701918233974546
44.15145674195946,-122.9836016234406,698,11,333,2,6.248120224858334
44.22323268003269,-122.6595677418316,541,19,230,15,5.67858487499791
44.294175814891375,-122.33433413695292,1069,3,90,3,7.545104852168523
44.36427697750784,-122.00790960510834,1046,6,0,-1,6.858642093395692
44.43352704621709,-121.68030325256656,946,3,126,-14,7.545104852168523
44.5019169497002,-121.3515244972851,828,1,180,2,8.607715418818213
44.56943766999242,-121.02158307047934,1010,2,305,-2,7.941743691836643
44.636080245514606,-120.69048901803248,997,13,37,-8,6.076901183003046
44.70183577412634,-120.35825270174054,1109,7,170,-17,6.70452216925573
44.76669541619871,-120.02488480038818,992,10,0,11,6.345071884011764
44.8306503977056,-119.69039631065004,996,5,215,6,7.040188830991998
44.89369201333108,-119.35479854781296,1008,10,0,20,6.345071884011764
44.95581162959128,-119.01810314631446,1289,5,16,-5,7.040188830991998
45.017000687968746,-118.68032206009303,1651,11,43,19,6.248120224858334
45.07725070805735,-118.34146756274566,1330,4,270,17,7.261413878822431
45.136553290715646,-118.00155224748836,1340,17,115,4,5.7971052477000855
45.19490012122646,-117.6605890269158,1785,22,180,19,5.519132026132706
45.25228297246067,-117.31859113255598,1868,18,273,2,5.73642582948546
45.30869370804305,-116.97557211421612,1611,20,316,0,5.623264340182601
45.36412428551763,-116.63154583911644,749,32,239,20,5.083968235816121
45.41856675951048,-116.28652649080796,665,22,318,33,5.519132026132706
45.4720132848876,-115.94052856787212,1153,28,172,-55,5.2451216767435955
45.52445611990528,-115.59356688239828,1908,23,314,-12,5.469880104866039
45.57588762935063,-115.245656558237,1411,27,207,6,5.287654659051184
45.62630028767001,-114.89681302902652,2340,16,332,-26,5.860997933550507
45.67568668208239,-114.54705203599036,1686,21,109,-10,5.5701918233974546
45.72403951567549,-114.19638962550393,2521,33,304,-7,5.045514080099346
45.77135161048193,-113.84484214642865,2206,10,138,-2,6.345071884011764
45.81761591053293,-113.49242624721214,2020,5,150,3,7.040188830991998
45.86282548488686,-113.13915887275378,2206,20,108,-4,5.623264340182601
45.90697353062991,-112.7850572610342,2005,7,144,6,6.70452216925573
45.9500533758464,-112.43013893950888,2201,11,75,-2,6.248120224858334
45.99205848255615,-112.07442172126554,1794,24,249,-9,5.422256431435354
46.0329824496158,-111.71792370094543,1438,4,136,3,7.261413878822431
46.072819015582034,-111.36066325042914,1324,3,235,2,7.545104852168523
46.11156206153348,-111.00265901428786,1639,8,316,-2,6.570477324756705
46.149205613849006,-110.6439299050012,1743,6,41,0,6.858642093395692
46.18574384693953,-110.28449509794312,2300,23,164,6,5.469880104866039
46.22117108593088,-109.92437402613812,1463,5,180,-4,7.040188830991998
46.255481809294864,-109.56358637478964,1250,2,0,-1,7.941743691836643
46.28867065142634,-109.20215207558348,1172,1,0,-8,8.607715418818213
46.32073240516308,-108.84009130076907,1070,2,324,7,7.941743691836643
46.35166202424666,-108.47742445702234,1076,11,194,14,6.248120224858334
46.38145462572118,-108.11417217909312,1099,10,222,12,6.345071884011764
46.41010549226792,-107.75035532324198,961,3,289,4,7.545104852168523
46.43761007447295,-107.38599496047014,907,2,125,-11,7.941743691836643
46.46396399302586,-107.02111236954782,912,2,235,0,7.941743691836643
46.48916304084696,-106.65572902984556,797,4,270,-2,7.261413878822431
46.51320318514082,-106.28986661397438,869,3,334,-6,7.545104852168523
46.53608056937392,-105.92354698024036,816,2,0,-4,7.941743691836643
46.55779151517408,-105.55679216491964,744,4,270,8,7.261413878822431
46.57833252415027,-105.18962437436014,853,5,235,-7,7.040188830991998
46.59770027962981,-104.82206597691744,812,2,216,0,7.941743691836643
46.61589164831199,-104.45413949473064,846,1,270,-2,8.607715418818213
46.632903681835714,-104.08586759534634,949,2,216,5,7.941743691836643
46.64873361825963,-103.71727308319848,812,0,0,13,11.522875795823397
46.66337888345303,-103.34837889095084,812,8,241,-13,6.570477324756705
46.676837092396106,-102.9792080707113,858,2,56,6,7.941743691836643
46.68910605038789,-102.60978378512604,816,7,337,13,6.70452216925573
46.70018375416049,-102.24012929836152,688,10,180,-5,6.345071884011764
46.71006839289885,-101.870267966984,687,1,0,-2,8.607715418818213
46.71875834916403,-101.50022323074477,582,2,56,11,7.941743691836643
46.72625219971978,-101.13001860328062,630,6,243,3,6.858642093395692
46.73254871626083,-100.75967766273888,496,2,324,6,7.941743691836643
46.7376468660426,-100.38922404233612,529,1,90,2,8.607715418818213
46.74154581241104,-100.01868142086056,519,0,0,0,11.522875795823397
46.74424491523252,-99.64807351312736,607,2,0,-3,7.941743691836643
46.745743731222845,-99.27742406039712,583,4,283,-3,7.261413878822431
46.7460420141753,-98.90675682076686,501,3,180,3,7.545104852168523
46.74513971508752,-98.53609555954374,447,2,56,-3,7.941743691836643
46.74303698218641,-98.16546403961138,440,3,90,0,7.545104852168523
46.73973416085206,-97.79488601179868,396,1,180,-3,8.607715418818213
46.73523179344008,-97.42438520526083,315,2,180,5,7.941743691836643
46.72953061900248,-97.05398531788325,277,2,236,-4,7.941743691836643
46.72263157290804,-96.68371000671694,276,2,56,3,7.941743691836643
46.71453578636194,-96.31358287845654,350,2,36,2,7.941743691836643
46.7052445858257,-95.94362747996983,401,1,0,-3,8.607715418818213
46.69475949233766,-95.57386728888858,424,1,0,3,8.607715418818213
46.68308222073526,-95.20432570427027,440,3,26,3,7.545104852168523
46.6702146787795,-94.83502603734026,415,1,180,1,8.607715418818213
46.65615896618321,-94.46599150232308,424,1,90,-2,8.607715418818213
46.64091737354346,-94.09724520737268,362,1,180,2,8.607715418818213
46.62449238118002,-93.72881014560951,368,1,0,-6,8.607715418818213
46.60688665788089,-93.36070918627426,374,3,124,5,7.545104852168523
46.5881030595561,-92.99296506600543,393,3,0,-3,7.545104852168523
46.56814462780188,-92.62560038025016,355,4,257,-4,7.261413878822431
46.54701458837621,-92.25863757481542,249,3,26,5,7.545104852168523
46.524716349587706,-91.8920989375676,363,1,90,-10,8.607715418818213
46.50125350059964,-91.52600659028792,361,4,160,1,7.261413878822431
46.47662980965109,-91.16038248069096,322,7,144,4,6.70452216925573
46.45084922219674,-90.79524837461256,246,3,90,-1,7.545104852168523
46.423915858967774,-90.43062584837465,433,2,180,0,7.941743691836643
46.39583401395588,-90.0665362813322,464,2,235,-4,7.941743691836643
46.36660815232229,-89.70300084860912,480,3,71,-2,7.545104852168523
46.33624290823436,-89.34004051402778,503,6,41,-1,6.858642093395692
46.30474308263193,-88.97767602323832,500,9,115,6,6.451747248958747
46.272113640925554,-88.61592789705205,469,4,295,-6,7.261413878822431
46.23835971062937,-88.25481642498374,465,2,0,1,7.941743691836643
46.20348657893089,-87.89436165900692,428,3,289,-6,7.545104852168523
46.167499690199975,-87.53458340752606,356,5,55,-3,7.040188830991998
46.13040464343998,-87.17550122956942,299,1,90,3,8.607715418818213
46.092207189683066,-86.81713442920521,234,2,125,9,7.941743691836643
46.05291322933291,-86.4595020501843,218,2,144,7,7.941743691836643
46.01252880945676,-86.10262287081166,203,3,109,0,7.545104852168523
44.3291143411544,-75.82771533399738,107,5,110,9,7.040188830991998
44.25858843244962,-75.501888848135,161,4,317,-1,7.261413878822431
44.18722515877859,-75.17725775335873,349,1,270,5,8.607715418818213
44.11503371187779,-74.85383069072552,562,1,0,10,8.607715418818213
44.042023326412256,-74.53161599419732,664,22,170,16,5.519132026132706
43.96820327706087,-74.21062169272886,521,3,54,14,7.545104852168523
43.89358287563175,-73.89085551249134,785,17,283,-16,5.7971052477000855
43.81817146820859,-73.57232487922732,511,12,284,-4,6.159167458950843
43.74197843232946,-73.25503692073133,148,14,297,-12,6.000299329861114
43.66501317419936,-72.93899846945068,311,3,90,6,7.545104852168523
43.5872851259372,-72.62421606520174,251,0,0,-4,11.522875795823397
43.50880374285859,-72.31069595799593,377,15,295,-1,5.928550143214419
43.42957850079546,-71.99844411097058,410,5,54,4,7.040188830991998
43.34961889345309,-71.68746620341902,199,8,218,-10,6.570477324756705
43.26893442980583,-71.3777676339153,162,5,260,-5,7.040188830991998
43.187534631532,-71.06935352352782,89,2,326,-3,7.941743691836643
43.105429030488814,-70.76222871911739,28,4,284,-5,7.261413878822431
44.16221751493629,-124.0522910219435,185,54,31,10,4.2953095772776395
44.23703431315128,-123.7309233262294,319,11,134,47,6.248120224858334
44.31104106537458,-123.40831460188724,132,6,13,1,6.858642093395692
44.38422836180344,-123.08447272981208,88,1,90,-7,8.607715418818213
44.456586830872816,-122.7594059010582,294,7,98,5,6.70452216925573
44.52810714220372,-122.43312261911646,712,14,355,-7,6.000299329861114
44.59878000958165,-122.1056317020499,935,31,95,23,5.123080734108857
44.66859619396443,-121.77694228448216,2203,28,120,7,5.2451216767435955
44.73754650651738,-121.44706381943332,954,2,0,-4,7.941743691836643
44.80562181167484,-121.1160060799981,407,10,346,-8,6.345071884011764
44.872813030226034,-120.78377916086016,763,6,167,-3,6.858642093395692
44.93911114242375,-120.45039347963858,526,5,215,-2,7.040188830991998
45.00450719111417,-120.11585977806,1270,16,60,-15,5.860997933550507
45.06899228488592,-119.78018912295252,1301,2,0,-6,7.941743691836643
45.13255760123655,-119.4433929070552,1302,17,193,3,5.7971052477000855
45.195194389754434,-119.10548284963936,1484,3,335,2,7.545104852168523
45.25689397531442,-118.76647099693622,1514,2,35,2,7.941743691836643
45.31764776128455,-118.42636972236625,1334,14,311,8,6.000299329861114
45.37744723274247,-118.0851917265664,1035,5,55,-9,7.040188830991998
45.43628395969887,-117.74295003721,1642,8,0,-12,6.570477324756705
45.49414960032591,-117.39965800861594,1055,5,270,18,7.040188830991998
45.55103590418839,-117.05532932114262,1443,6,118,1,6.858642093395692
45.60693471547528,-116.7099779803632,954,5,80,24,7.040188830991998
45.661837976229165,-116.3636183160185,1242,23,19,-8,5.469880104866039
45.71573772957146,-116.01626498074438,1611,28,172,13,5.2451216767435955
45.768626122920566,-115.66793294857004,1375,24,80,4,5.422256431435354
45.82049541120069,-115.31863751318475,1594,5,30,-8,7.040188830991998
45.87133796003876,-114.96839428597056,1603,18,267,-1,5.73642582948546
45.92114624894686,-114.61721919379798,2129,30,156,25,5.162923839635655
45.96991287448742,-114.2651284765834,2371,41,332,13,4.754325386578697
46.0176305534186,-113.91213868460572,2102,12,107,-4,6.159167458950843
46.064292125817445,-113.55826667558112,1912,10,147,-3,6.345071884011764
46.10989055817765,-113.20352961149484,2209,19,262,8,5.67858487499791
46.1544189464795,-112.84794495518892,1511,4,77,1,7.261413878822431
46.19787051922939,-112.49153046670524,2152,25,171,4,5.376102417024408
46.24023864046564,-112.1343041993841,1522,5,133,7,7.040188830991998
46.28151681272872,-111.77628449571807,1912,9,226,1,6.451747248958747
46.32169867999207,-111.4174899829618,1328,9,130,-7,6.451747248958747
46.360778030551735,-111.05793956849844,1828,8,200,1,6.570477324756705
46.39874879987146,-110.6976524349642,1884,9,8,-4,6.451747248958747
46.43560507338067,-110.33664803513226,1657,17,50,-12,5.7971052477000855
46.47134108922271,-109.97494608655802,1358,0,0,-4,11.522875795823397
46.505951240950495,-109.61256656598836,1273,2,216,-3,7.941743691836643
46.53943008016691,-109.24952970353672,1320,1,270,-6,8.607715418818213
46.57177231910742,-108.88585597662832,1151,4,160,5,7.261413878822431
46.60297283316204,-108.52156610371748,1060,3,334,4,7.545104852168523
46.63302666333433,-108.15668103778194,947,4,103,4,7.261413878822431
46.66192901863464,-107.79122195959783,862,3,270,0,7.545104852168523
46.6896752784052,-107.42521027080002,912,3,56,9,7.545104852168523
46.71626099457468,-107.0586675867323,882,3,56,-1,7.545104852168523
46.74168189383956,-106.69161572909331,866,3,124,-1,7.545104852168523
46.7659338797704,-106.32407671838338,876,3,90,5,7.545104852168523
46.78901303484024,-105.9560727661582,930,7,229,-10,6.70452216925573
46.8109156223732,-105.58762626709586,837,5,324,-8,7.040188830991998
46.831638088411225,-105.2187597908838,680,6,139,-4,6.858642093395692
46.85117706349666,-104.84949607393251,718,7,216,0,6.70452216925573
46.86952936436885,-104.47985801092337,824,7,270,0,6.70452216925573
46.88669199557283,-104.10986864619804,860,2,36,1,7.941743691836643
46.90266215097824,-103.73955116499783,822,3,26,-5,7.545104852168523
46.91743721520687,-103.3689288845601,755,2,236,4,7.941743691836643
46.931014764967045,-102.99802524508128,794,2,180,-4,7.941743691836643
46.94339257029366,-102.62686380055436,742,1,270,-1,8.607715418818213
46.954568595691846,-102.25546820949016,641,3,251,-2,7.545104852168523
46.96454100118364,-101.88386222553147,676,6,139,-4,6.858642093395692
46.973308143256055,-101.51206968796892,641,3,71,1,7.545104852168523
46.98086857570944,-101.14011451216888,658,2,180,-7,7.941743691836643
46.98722105040529,-100.76802067992244,589,2,180,1,7.941743691836643
46.99236451791267,-100.39581222972542,601,2,304,-5,7.941743691836643
46.996298128052295,-100.0235132469998,596,1,0,-5,8.607715418818213
46.999021230337824,-99.651147854266,536,2,216,-2,7.941743691836643
47.00053337431379,-99.27874020127656,546,2,124,2,7.941743691836643
47.00083430978967,-98.90631445512165,462,1,90,-1,8.607715418818213
46.999923986970046,-98.53389479031615,456,2,304,-4,7.941743691836643
46.99780255648047,-98.16150537887935,434,1,0,-3,8.607715418818213
46.9944703692891,-97.78917038041688,382,1,180,-1,8.607715418818213
46.98992797652432,-97.4169139322158,334,1,180,-1,8.607715418818213
46.98417612918824,-97.04476013936306,275,2,56,-5,7.941743691836643
46.97721577776689,-96.67273306489732,274,1,270,-2,8.607715418818213
46.969048071736935,-96.30085672000465,366,1,90,0,8.607715418818213
46.9596743589702,-95.92915505426816,401,1,0,3,8.607715418818213
46.94909618503602,-95.5576519459816,477,2,324,-1,7.941743691836643
46.93731529240279,-95.1863711925366,449,5,196,10,7.040188830991998
46.92433361953928,-94.81533650089388,440,4,160,-6,7.261413878822431
46.91015329991676,-94.4445714781472,418,4,103,5,7.261413878822431
46.89477666091357,-94.07409962219036,412,4,160,-3,7.261413878822431
46.87820622262248,-93.70394431249572,389,1,270,8,8.607715418818213
46.86044469656333,-93.33412880101376,405,5,324,-6,7.040188830991998
46.84149498430136,-92.9646762032022,389,2,56,0,7.941743691836643
46.821360175973616,-92.59560948919336,414,5,196,-13,7.040188830991998
46.80004354872455,-92.22695147510775,414,3,206,3,7.545104852168523
46.72903829468282,-91.12365530539527,373,3,154,-4,7.545104852168523
46.647532236290246,-90.02484227117792,300,10,344,-2,6.345071884011764
46.618049976601725,-89.65966932165763,412,6,26,0,6.858642093395692
46.5874186312793,-89.2950810686476,352,4,180,0,7.261413878822431
46.55564307613312,-88.9310985791709,358,1,90,2,8.607715418818213
46.52272835378443,-88.56774268904167,485,1,180,-6,8.607715418818213
46.48867967123893,-88.20503399624984,525,2,235,-4,7.941743691836643
46.45350239739575,-87.84299285456726,478,2,125,0,7.941743691836643
46.4172020604947,-87.48163936737915,375,3,0,-2,7.545104852168523
46.3797843455042,-87.12099338174458,314,2,125,6,7.941743691836643
46.3412550914528,-86.76107448268907,294,3,90,-1,7.545104852168523
46.30162028870668,-86.40190198773213,233,2,180,0,7.941743691836643
46.26088607619608,-86.04349494165244,210,1,180,2,8.607715418818213
46.21905873859326,-85.68587211149259,218,3,26,-8,7.545104852168523
46.176144703444685,-85.32905198180514,247,3,55,4,7.545104852168523
46.13215053826026,-84.97305275014133,250,3,206,0,7.545104852168523
46.0870829475624,-84.61789232278366,198,2,36,-5,7.941743691836643
46.04094876989758,-84.26358831072275,215,2,305,5,7.941743691836643
45.99375497481307,-83.91015802587896,188,1,0,3,8.607715418818213
44.49223005431113,-75.40257017519119,109,6,298,0,6.858642093395692
44.42028689563071,-75.07689781799468,252,7,145,-4,6.70452216925573
44.34751026806615,-74.75244623134911,467,5,344,-1,7.040188830991998
44.2739095230878,-74.4292237612801,482,3,90,1,7.545104852168523
44.199494051865,-74.10723844250504,837,13,270,-5,6.076901183003046
44.12427328233363,-73.78649800077966,910,26,205,-4,5.331277149398757
44.048256676296496,-73.46700985537795,133,10,80,-16,6.345071884011764
43.97145372655742,-73.14878112170015,112,1,180,-4,8.607715418818213
43.89387395409006,-72.83181861400297,506,24,20,-9,5.422256431435354
43.81552690524296,-72.51612884824705,152,3,70,3,7.545104852168523
43.73642214898175,-72.20171804505591,324,5,35,-2,7.040188830991998
43.65656927416912,-71.88859213278079,575,13,106,-17,6.076901183003046
43.57597788688423,-71.57675675066625,286,5,134,5,7.040188830991998
43.49465760778153,-71.26621725211122,193,5,0,10,7.040188830991998
43.41261806949058,-70.95697870801985,262,3,155,-3,7.545104852168523
43.32986891405714,-70.64904591023729,55,3,126,8,7.545104852168523
44.4684235839016,-123.83505116230351,713,17,102,5,5.7971052477000855
44.54302737249904,-123.5114351096362,338,16,0,7,5.860997933550507
44.61680658447998,-123.18656884493896,62,2,145,-1,7.941743691836643
44.68975172995081,-122.86046056590544,111,9,310,0,6.451747248958747
44.76185335988615,-122.5331187891692,224,2,125,4,7.941743691836643
44.83310206915794,-122.20455235256316,959,20,132,-18,5.623264340182601
44.90348849959463,-121.87477041722904,980,11,70,7,6.248120224858334
44.973003343069486,-121.5437824695709,880,2,215,-4,7.941743691836643
45.04163734461637,-121.2115983230469,949,10,253,-16,6.345071884011764
45.10938130557098,-120.87822811979444,761,5,35,-1,7.040188830991998
45.176226086736456,-120.54368233208218,682,11,59,-45,6.248120224858334
45.242162611571125,-120.20797176358452,907,2,125,-6,7.941743691836643
45.30718186939667,-119.8711075504722,643,4,20,-1,7.261413878822431
45.37127491862498,-119.53310116231474,740,11,13,-13,6.248120224858334
45.43443289000144,-119.19396440278884,892,10,95,-9,6.345071884011764
45.496646989862896,-118.853709410188,534,3,71,-2,7.545104852168523
45.557908503408015,-118.51234865772868,1083,2,55,-4,7.941743691836643
45.618208797978006,-118.16989495364788,1511,8,277,15,6.570477324756705
45.67753932634545,-117.82636144108793,987,9,230,15,6.451747248958747
45.73589163000887,-117.48176159776386,1244,26,31,17,5.331277149398757
45.79325734249085,-117.13610923540944,1244,20,214,4,5.623264340182601
45.84962819263738,-116.78941849899736,276,9,276,27,6.451747248958747
45.90499600791571,-116.4417038657305,781,40,354,-23,4.789622455256336
45.95935271770845,-116.09298014380012,941,3,251,4,7.545104852168523
46.01269035660134,-115.74326247090806,1071,18,273,25,5.73642582948546
46.065001067662266,-115.39256631254952,983,30,313,-5,5.162923839635655
46.11627710570837,-115.04090746005392,1008,43,128,-3,4.684202218998131
46.16651084055937,-114.68830202838144,2084,9,216,1,6.451747248958747
46.21569476027374,-114.33476645367234,1882,35,17,-21,4.970316820703456
46.26382147436536,-113.980317490548,1719,21,335,-20,5.5701918233974546
46.31088371699778,-113.62497220916131,1892,6,289,3,6.858642093395692
46.35687435015339,-113.26874799199568,1796,8,29,0,6.570477324756705
46.40178636677459,-112.91166253041123,2147,13,90,-11,6.076901183003046
46.4456128938742,-112.55373382093786,1889,20,257,-2,5.623264340182601
46.48834719561231,-112.19498016131465,1895,17,84,-7,5.7971052477000855
46.52998267633669,-111.83542014627584,1439,6,26,-8,6.858642093395692
46.57051288358386,-111.47507266308374,1626,15,86,-18,5.928550143214419
46.60993151103803,-111.11395688680936,1515,1,270,-7,8.607715418818213
46.64823240144518,-110.7520922753619,1697,2,144,2,7.941743691836643
46.68540954947929,-110.3894985642687,2057,4,115,-1,7.261413878822431
46.721457104557786,-110.0261957612076,2026,13,174,-26,6.076901183003046
46.75636937360378,-109.66220414029384,1470,6,251,0,6.858642093395692
46.79014082375201,-109.29754423612452,1861,22,113,21,5.519132026132706
46.82276608499571,-108.93223683758336,1342,5,324,5,7.040188830991998
46.85423995277207,-108.56630298140968,1047,7,236,-3,6.70452216925573
46.88455739048291,-108.19976394553488,938,1,270,1,8.607715418818213
46.913713531948815,-107.83264124219131,929,2,216,-11,7.941743691836643
46.9417036837933,-107.4649566107978,961,2,324,-1,7.941743691836643
46.9685233277549,-107.09673201062698,1018,2,236,2,7.941743691836643
46.99416812292485,-106.72798961325977,865,0,0,1,11.522875795823397
47.018633907907336,-106.35875179483304,825,3,90,-1,7.545104852168523
47.04191670290066,-105.98904112808616,850,7,236,-6,6.70452216925573
47.064012711696336,-105.6188803742136,980,5,210,-12,7.040188830991998
47.08491832359454,-105.2482924745296,882,3,270,0,7.545104852168523
47.104630115233455,-104.87730054195303,744,8,90,-15,6.570477324756705
47.12314485233024,-104.50592785231942,767,6,289,-6,6.858642093395692
47.14045949133213,-104.13419783552776,808,1,90,-5,8.607715418818213
47.1565711809756,-103.76213406653136,772,6,41,18,6.858642093395692
47.17147726375149,-103.38976025617984,792,7,36,-10,6.70452216925573
47.18517527727508,-103.01710024192197,772,3,251,6,7.545104852168523
47.197662955558734,-102.64417797837793,645,3,154,5,7.545104852168523
47.20893823018648,-102.27101752779046,674,3,270,-7,7.545104852168523
47.21899923138837,-101.89764305036428,552,2,124,2,7.941743691836643
47.227844289014,-101.52407879450328,641,0,0,1,11.522875795823397
47.23547193340352,-101.15034908695604,580,4,0,2,7.261413878822431
47.24188089615575,-100.77647832287887,584,2,144,-1,7.941743691836643
47.2470701107917,-100.40249095582747,602,2,56,5,7.941743691836643
47.251038713313456,-100.0284114876868,603,4,270,7,7.261413878822431
47.25378604265726,-99.65426445855036,555,1,270,7,8.607715418818213
47.25531164104064,-99.28007443655918,554,0,0,0,11.522875795823397
47.2556152542027,-98.90586600771096,470,1,180,-3,8.607715418818213
47.2546968315378,-98.53166376565062,457,1,270,-3,8.607715418818213
47.25255652612218,-98.15749230145263,427,2,124,3,7.941743691836643
47.24919469463345,-97.78337619340606,388,2,304,7,7.941743691836643
47.244611897163246,-97.40933999681316,331,4,77,-2,7.261413878822431
47.23880889692312,-97.0354082338123,273,3,26,-2,7.545104852168523
47.2317866598441,-96.66160538323572,268,2,56,4,7.941743691836643
47.22354635407024,-96.28795587051292,320,5,0,4,7.040188830991998
47.2140893493471,-95.91448405763056,375,1,180,4,8.607715418818213
47.20341721630532,-95.54121423315856,527,6,0,3,6.858642093395692
47.19153172564082,-95.16817060235336,471,3,90,-6,7.545104852168523
47.17843484719201,-94.79537727734834,394,2,180,3,7.941743691836643
47.16412874891525,-94.42285826744124,392,0,0,0,11.522875795823397
47.14861579576013,-94.05063746948856,414,6,280,-8,6.858642093395692
47.13189854844522,-93.67873865841656,471,5,164,-9,7.040188830991998
47.11397976213629,-93.30718547785784,393,1,270,0,8.607715418818213
47.09486238502815,-92.93600143092338,384,2,324,6,7.941743691836643
47.07454955683208,-92.5652098711182,398,3,270,0,7.545104852168523
47.05304460717006,-92.19483399340956,423,2,324,5,7.941743691836643
47.030351053878384,-91.82489682545597,363,4,160,-7,7.261413878822431
46.838549437893526,-89.24951582119323,245,2,56,3,7.941743691836643
46.80649565483736,-88.88389449611248,360,5,236,3,7.040188830991998
46.77329307593207,-88.5189102429846,246,1,90,-6,8.607715418818213
46.73894698929586,-88.15458397466921,502,3,270,-1,7.545104852168523
46.70346284719793,-87.79093635290563,507,9,264,-5,6.451747248958747
46.55026036666069,-86.34353643010662,217,3,180,5,7.545104852168523
46.50917329011244,-85.98358274948494,271,3,90,2,7.545104852168523
46.46698416828886,-85.6244260756236,278,3,0,3,7.545104852168523
46.42369952606539,-85.26608514918591,222,2,55,-2,7.941743691836643
46.37932603000147,-84.90857841602799,286,4,65,3,7.261413878822431
46.33387048531927,-84.55192402285905,192,1,180,3,8.607715418818213
44.72568448311949,-75.30203933863716,99,2,0,-1,7.941743691836643
44.65315729543656,-74.97531705982303,126,2,145,2,7.941743691836643
44.57979134080095,-74.64983260350759,426,8,250,7,6.570477324756705
44.50559608917579,-74.32559432557157,516,2,35,-3,7.941743691836643
44.43058104988065,-74.00261026414766,528,3,270,0,7.545104852168523
44.35475576861111,-73.68088814209524,431,4,257,5,7.261413878822431
44.27812982449207,-73.36043536961091,55,3,180,6,7.545104852168523
44.20071282716646,-73.04125904696924,338,13,266,-6,6.076901183003046
44.12251441392006,-72.72336596738812,408,5,126,-5,7.040188830991998
44.04354424684384,-72.40676262001277,505,7,215,-4,6.70452216925573
43.96381201003484,-72.09145519301282,137,8,329,-11,6.570477324756705
43.88332740683664,-71.77744957678695,379,7,300,1,6.70452216925573
43.80210015711992,-71.46475136726916,256,7,10,6,6.70452216925573
43.720139994604736,-71.15336586933142,261,6,335,5,6.858642093395692
43.63745666422461,-70.84329810027707,144,8,207,7,6.570477324756705
43.55405991953338,-70.53455279341946,24,3,180,1,7.545104852168523
44.69960809092613,-123.94043714390136,114,8,219,-11,6.570477324756705
44.77481311835063,-123.6158058821749,293,23,115,7,5.469880104866039
44.84918844902074,-123.28990702756276,115,15,325,-2,5.928550143214419
44.92272447301138,-122.96274878199284,69,1,0,-12,8.607715418818213
44.99541162092009,-122.63433967298086,418,5,209,6,7.040188830991998
45.06724036694708,-122.30468855601931,791,15,229,-8,5.928550143214419
45.13820123200716,-121.9738046168137,1356,29,125,31,5.203575778621866
45.2082847868719,-121.64169737335888,1241,7,98,8,6.70452216925573
45.277481655340566,-121.30837667785104,619,2,0,6,7.941743691836643
45.34578251743814,-120.9738527184278,747,25,220,-24,5.376102417024408
45.41317811263868,-120.63813602073256,697,4,270,10,7.261413878822431
45.47965924311227,-120.30123744929548,424,2,35,-3,7.941743691836643
45.545216776993634,-119.96316820872708,343,2,180,-1,7.941743691836643
45.60984165167044,-119.62393984471792,315,2,235,3,7.941743691836643
45.67352487708937,-119.28356424483948,265,4,245,-10,7.261413878822431
45.73625753907802,-118.94205363914094,386,3,235,-1,7.545104852168523
45.79803080268002,-118.59942060053616,510,3,154,7,7.545104852168523
45.85883591550177,-118.25567804497676,890,13,36,2,6.076901183003046
45.918664211068055,-117.91083923140594,1399,32,39,-6,5.083968235816121
45.97750711218445,-117.56491776148836,754,34,116,3,5.007651158298087
46.03535613430408,-117.21792757911209,365,24,158,15,5.422256431435354
46.09220288889628,-116.86988296965758,1470,29,296,-14,5.203575778621866
46.14803908681467,-116.52079855903104,1276,1,180,1,8.607715418818213
46.202856541662,-116.17068931245652,935,13,162,-7,6.076901183003046
46.25664717314929,-115.81957053302509,1019,2,180,-4,7.941743691836643
46.30940301044669,-115.46745785999656,1366,24,328,10,5.422256431435354
46.361116195522925,-115.11436726685116,2013,15,334,-4,5.928550143214419
46.41177898647132,-114.76031505908864,1832,24,242,-2,5.422256431435354
46.4613837608189,-114.40531787177214,2353,35,20,7,4.970316820703456
46.50992301881618,-114.04939266681473,1069,2,305,3,7.941743691836643
46.557389386704784,-113.69255673000694,1558,29,30,4,5.203575778621866
46.60377561995981,-113.33482766778398,1459,11,132,9,6.248120224858334
46.64907460650431,-112.97622340373104,1376,20,280,-2,5.623264340182601
46.69327936989274,-112.61676217482656,1639,1,270,-3,8.607715418818213
46.73638307246077,-112.25646252742249,1670,17,273,3,5.7971052477000855
46.77837901843807,-111.89534331296194,1309,22,247,1,5.519132026132706
46.81926065702155,-111.53342368343456,2001,16,244,-5,5.860997933550507
46.85902158540599,-111.17072308656992,1462,3,154,0,7.545104852168523
46.897655551768906,-110.80726126077052,2181,3,236,1,7.545104852168523
46.93515645820709,-110.44305822978608,2241,21,38,-4,5.5701918233974546
46.97151836362158,-110.07813429713012,1350,1,90,-7,8.607715418818213
47.00673548654839,-109.7125100402426,1225,3,270,3,7.545104852168523
47.0408022079319,-109.3462063043998,1283,9,188,4,6.451747248958747
47.07371307383833,-108.97924419637596,1190,3,0,-7,7.545104852168523
47.10546279810631,-108.61164507785936,994,4,77,-3,7.261413878822431
47.13604626493161,-108.24343055862708,920,4,200,0,7.261413878822431
47.16545853138368,-107.87462248948292,806,12,200,-3,6.159167458950843
47.19369482985106,-107.5052429549634,937,2,304,-7,7.941743691836643
47.22075057041298,-107.13531426581626,845,5,324,-1,7.040188830991998
47.24662134313469,-106.76485895125828,798,6,0,-2,6.858642093395692
47.27130292028393,-106.39389975101716,776,2,180,1,7.941743691836643
47.294791258466354,-106.02245960716486,841,4,180,-6,7.261413878822431
47.31708250067694,-105.6505616557483,780,2,56,-3,7.941743691836643
47.338172978265625,-105.27822921822526,907,10,232,1,6.345071884011764
47.35805921281491,-104.90548579271233,846,5,164,-3,7.040188830991998
47.37673791792687,-104.53235504505324,729,2,0,0,7.941743691836643
47.39420600091809,-104.15886079971548,717,3,270,7,7.545104852168523
47.41046056442014,-103.7850270305235,783,8,189,3,6.570477324756705
47.425498907883934,-103.41087785123788,724,13,94,7,6.076901183003046
47.43931852898624,-103.036437505989,731,16,211,4,5.860997933550507
47.45191712493669,-102.66173035957476,666,6,334,2,6.858642093395692
47.46329259368356,-102.28678088763196,616,5,216,-8,7.040188830991998
47.47344303501736,-101.91161366669157,590,9,309,-28,6.451747248958747
47.482366751570325,-101.53625336412718,618,1,180,5,8.607715418818213
47.49006224971118,-101.160724728008,615,3,236,-2,7.545104852168523
47.49652824033381,-100.78505257686594,568,8,45,10,6.570477324756705
47.5017636395388,-100.40926178938804,595,1,180,-4,8.607715418818213
47.50576756920756,-100.03337729404493,598,2,124,-4,7.941743691836643
47.50853935746764,-99.65742405866612,530,1,0,-5,8.607715418818213
47.5100785390491,-99.28142707997355,486,1,0,-3,8.607715418818213
47.51038485553163,-98.90541137308392,483,4,225,-2,7.261413878822431
47.50945825548168,-98.52940196099146,450,1,0,4,8.607715418818213
47.507298894479774,-98.15342386404268,437,2,304,-6,7.941743691836643
47.50390713503792,-97.77750208941325,409,1,0,2,8.607715418818213
47.49928354640716,-97.40166162059955,301,1,0,4,8.607715418818213
47.49342890427543,-97.0259274069353,270,1,180,7,8.607715418818213
47.48634419035619,-96.65032435314455,266,1,0,3,8.607715418818213
47.47803059186855,-96.27487730894254,350,3,90,-5,7.545104852168523
47.46848950090871,-95.89961105869466,374,1,0,1,8.607715418818213
47.45772251371466,-95.52455031114552,460,2,144,0,7.941743691836643
47.44573142982388,-95.14971968922772,431,2,236,2,7.941743691836643
47.432518251125735,-94.77514371996142,419,3,154,0,7.545104852168523
47.41808518080952,-94.40084682445558,404,1,0,9,8.607715418818213
47.4024346222093,-94.02685330802014,391,2,180,0,7.941743691836643
47.38556917754688,-93.6531873503998,405,1,0,2,8.607715418818213
47.36749164657472,-93.27987299613908,419,2,56,-1,7.941743691836643
47.34820502511985,-92.90693414508787,404,1,0,0,8.607715418818213
47.32771250353102,-92.53439454305708,411,1,180,4,8.607715418818213
47.30601746503039,-92.16227777263286,439,0,0,0,11.522875795823397
47.28312348397201,-91.79060724415876,485,4,257,4,7.261413878822431
47.25903432400909,-91.4194061868932,358,3,56,7,7.545104852168523
47.05730016713661,-88.83605330033261,264,2,36,3,7.941743691836643
47.0238071098928,-88.46941977025513,199,2,56,0,7.941743691836643
46.67117680647002,-85.20228407342202,220,3,270,-1,7.545104852168523
44.88583342534064,-74.87249842580178,80,2,0,0,7.941743691836643
44.81187394078851,-74.54597274432471,140,2,180,-1,7.941743691836643
44.737079979512615,-74.22071062080157,416,28,44,10,5.2451216767435955
44.66146117067121,-73.89672009430474,655,15,180,-6,5.928550143214419
44.585027179378585,-73.57400888218565,151,7,82,-5,6.70452216925573
44.50778770371101,-73.25258438282175,49,1,90,2,8.607715418818213
44.42975247174909,-72.93245367849582,336,24,165,-7,5.422256431435354
44.35093123865804,-72.61362353840192,418,8,126,-15,6.570477324756705
44.27133378380681,-72.29610042177173,558,18,66,-3,5.73642582948546
44.19096990792725,-71.97989048111555,274,5,70,6,7.040188830991998
44.10984943031417,-71.66499956557219,663,12,238,8,6.159167458950843
44.02798218606727,-71.35143322436153,447,4,199,-2,7.261413878822431
43.94537802337604,-71.03919671033432,180,12,252,-5,6.159167458950843
43.86204680084786,-70.72829498361357,210,8,256,-1,6.570477324756705
43.77799838488073,-70.41873271532135,83,2,35,11,7.941743691836643
45.006395228220825,-123.72144430144506,602,28,305,8,5.2451216767435955
45.08137093763739,-123.39450465541296,80,0,0,2,11.522875795823397
45.15550209976532,-123.06628791618944,48,3,289,3,7.545104852168523
45.22877902306359,-122.73680261978195,49,1,90,-1,8.607715418818213
45.301192059271074,-122.40605763710582,169,9,225,-10,6.451747248958747
45.37273160657179,-122.0740621763524,549,15,329,18,5.928550143214419
45.4433881127919,-121.74082578519518,1266,5,325,13,7.040188830991998
45.51315207862712,-121.40635835282647,924,17,282,-16,5.7971052477000855
45.58201406089832,-121.07067011181964,176,13,322,12,6.076901183003046
45.64996467583393,-120.73377163981024,356,11,347,-10,6.248120224858334
45.7169946023772,-120.39567386099004,281,5,180,-6,7.040188830991998
45.78309458551652,-120.05638804740852,77,0,0,0,11.522875795823397
45.84825543963661,-119.7159258200757,77,0,0,0,11.522875795823397
45.91246805188867,-119.37429914986042,97,3,90,1,7.545104852168523
45.97572338557753,-119.0315203581792,164,3,154,-17,7.545104852168523
46.03801248356319,-118.68760211746972,130,2,55,3,7.941743691836643
46.099326471674885,-118.34255745144364,295,2,180,5,7.941743691836643
46.15965656213534,-117.99639973511438,1051,12,206,6,6.159167458950843
46.21899405699238,-117.64914269459364,1592,6,235,-6,6.858642093395692
46.27733035155614,-117.30080040665376,711,23,354,22,5.469880104866039
46.3346569378388,-116.95138729804972,574,3,334,4,7.545104852168523
46.3909654079945,-116.60091814459754,697,26,118,38,5.331277149398757
46.446247457756925,-116.24940807000488,866,17,55,2,5.7971052477000855
46.50049488987154,-115.89687254444968,866,9,8,4,6.451747248958747
46.553699617520245,-115.54332738290414,1424,7,170,14,6.70452216925573
46.605853667735175,-115.18878874319984,1349,6,139,14,6.858642093395692
46.65694918479923,-114.83327312383202,2135,15,116,-11,5.928550143214419
46.70697843363019,-114.47679736149966,1606,10,156,6,6.345071884011764
46.75593380314574,-114.1193786283798,987,3,71,3,7.545104852168523
46.80380780960634,-113.7610344291334,1268,31,223,20,5.123080734108857
46.85059309993301,-113.40178259764176,1719,9,172,-2,6.451747248958747
46.89628245499716,-113.041641293472,1292,1,180,3,8.607715418818213
46.94086879287928,-112.6806289980707,1380,3,206,1,7.545104852168523
46.98434517209367,-112.31876451068509,1857,25,174,1,5.376102417024408
47.02670479477593,-111.95606694401216,1326,4,20,-15,7.261413878822431
47.06794100983052,-111.5925557195754,1356,5,30,19,7.040188830991998
47.10804731603497,-111.22825056283015,1538,37,195,-59,4.897002021379538
47.14701736509808,-110.86317149799868,1536,12,266,-11,6.159167458950843
47.18484496466861,-110.49733884263628,1415,1,180,4,8.607715418818213
47.22152408129213,-110.1307732019306,1215,1,180,1,8.607715418818213
47.25704884331211,-109.76349546273644,1017,2,180,0,7.941743691836643
47.29141354371328,-109.3955267873485,1230,2,0,4,7.941743691836643
47.32461264290337,-109.0268886070161,1113,4,246,-5,7.261413878822431
47.356640771431096,-108.65760261520232,923,1,0,8,8.607715418818213
47.38749273263695,-108.2876907605928,911,2,236,0,7.941743691836643
47.41716350523426,-107.917175239858,678,2,124,9,7.941743691836643
47.44564824581761,-107.54607849017404,860,6,297,13,6.858642093395692
47.47294229129589,-107.1744231815074,902,3,236,9,7.545104852168523
47.49904116124745,-106.80223220866954,841,1,0,1,8.607715418818213
47.52394056019445,-106.4295286831471,745,2,56,1,7.941743691836643
47.54763637979418,-106.0563359247148,797,4,20,-2,7.261413878822431
47.57012470094469,-105.68267745283768,766,5,143,6,7.040188830991998
47.591401795802376,-105.30857697787008,734,7,304,-10,6.70452216925573
47.6114641297093,-104.93405839205955,798,3,0,6,7.545104852168523
47.630308363027794,-104.55914576036297,771,3,0,3,7.545104852168523
47.64793135288074,-104.18386331108412,578,5,124,4,7.040188830991998
47.6643301547948,-103.80823542634133,691,2,37,1,7.941743691836643
47.67950202424522,-103.43228663237396,676,3,270,-1,7.545104852168523
47.69344441810023,-103.05604158969786,615,22,25,-1,5.519132026132706
47.70615499596326,-102.67952508311872,652,3,289,-13,7.545104852168523
47.717631621411385,-102.3027620116142,600,14,23,5,6.000299329861114
47.72787236312877,-101.92577737809442,604,0,0,-6,11.522875795823397
47.7368754959333,-101.54859627905174,600,2,180,-1,7.941743691836643
47.74463950169578,-101.1712438941105,594,4,200,0,7.261413878822431
47.751163070149794,-100.79374547548755,610,6,100,-6,6.858642093395692
47.756445099592256,-100.41612633737478,525,2,56,-2,7.941743691836643
47.76048469747276,-100.0384118452549,488,1,270,-2,8.607715418818213
47.76328118087188,-99.66062740516202,485,1,180,-2,8.607715418818213
47.764834076867245,-99.28279845289823,482,2,323,1,7.941743691836643
47.76514312278732,-98.90495044321824,463,2,0,5,7.941743691836643
47.764208266352334,-98.5271088389932,443,3,71,-2,7.545104852168523
47.76202966570242,-98.1492991003661,450,2,37,-8,7.941743691836643
47.75860768931263,-97.77154667390988,409,1,0,3,8.607715418818213
47.7539429157953,-97.39387698180025,312,5,236,0,7.040188830991998
47.74803613358966,-97.016315411015,260,2,236,-5,7.941743691836643
47.74088834053924,-96.63888730257122,263,0,0,0,11.522875795823397
47.7325007433576,-96.26161794081219,336,2,0,9,7.941743691836643
47.72287475698303,-95.88453254275548,368,2,323,1,7.941743691836643
47.71201200382277,-95.50765624751304,393,2,217,-1,7.941743691836643
47.69991431288807,-95.13101410579551,426,1,90,-5,8.607715418818213
47.686583718820856,-94.75463106951084,421,2,304,3,7.941743691836643
47.67202246081303,-94.37853198146838,411,2,180,4,7.941743691836643
47.656232981420224,-94.0027415651993,405,2,124,-2,7.941743691836643
47.63921792527081,-93.62728441490351,411,6,132,3,6.858642093395692
47.62098013767212,-93.25218498553323,417,3,270,-1,7.545104852168523
47.6015226631153,-92.87746758302325,443,3,270,-1,7.545104852168523
47.5808487436808,-92.50315635467732,480,5,66,3,7.040188830991998
47.55896181734595,-92.12927527972016,470,2,56,-5,7.941743691836643
47.53586551619715,-91.7558481600237,514,0,0,0,11.522875795823397
47.51156366454819,-91.38289861101693,595,7,230,3,6.70452216925573
47.48606027696731,-91.01045005278657,312,13,114,0,6.076901183003046
47.2742697429356,-88.4192602310291,339,1,0,2,8.607715418818213
44.96835809098092,-74.11455526538127,155,3,251,5,7.545104852168523
44.89213125512399,-73.78955055691806,269,4,65,15,7.261413878822431
44.815084300178405,-73.46584285683494,78,1,0,-2,8.607715418818213
44.73722704482735,-73.14343954880981,84,5,209,-3,7.040188830991998
44.65856933721311,-72.82234769412683,156,6,90,-6,6.858642093395692
44.57912105197187,-72.5025740348288,280,8,257,6,6.570477324756705
44.49889208730915,-72.18412499699184,621,2,55,0,7.941743691836643
44.41789236211674,-71.86700669411628,465,11,13,-3,6.248120224858334
44.33613181313196,-71.55122493062737,391,2,234,-5,7.941743691836643
44.25362039214051,-71.23678520548006,928,30,312,-25,5.162923839635655
44.17036806322356,-70.92369271586179,154,5,46,0,7.040188830991998
44.08638480004981,-70.61195236098716,135,4,223,-4,7.261413878822431
44.00168058321337,-70.30156874597897,76,10,337,17,6.345071884011764
43.916265397618176,-69.99254618582947,33,1,0,8,8.607715418818213
45.23777056843531,-123.82836807248658,190,30,318,8,5.162923839635655
45.31335097434496,-123.50037943185592,786,18,184,0,5.73642582948546
45.3880815925219,-123.17109566339224,99,4,115,2,7.261413878822431
45.46195260749423,-122.84052530906897,83,13,305,-11,6.076901183003046
45.53495424671748,-122.50867725285455,75,3,335,-2,7.545104852168523
45.60707678379438,-122.17556072321965,346,3,125,2,7.545104852168523
45.67831054172766,-121.84118529547813,161,12,192,39,6.159167458950843
45.74864589620474,-121.50556089395556,390,29,244,15,5.203575778621866
45.81807327891223,-121.1686977939788,218,16,125,68,5.860997933550507
45.88658318087841,-120.83060662368044,676,10,187,-1,6.345071884011764
45.9541661558422,-120.4912983656116,952,13,262,8,6.076901183003046
46.02081282364628,-120.150784358157,776,2,125,4,7.941743691836643
46.08651387365258,-119.8090762967465,320,1,180,-2,8.607715418818213
46.1512600681779,-119.46618623485688,450,1,180,-1,8.607715418818213
46.21504224594777,-119.12212658479768,105,2,305,3,7.941743691836643
46.2778513255659,-118.77691011827648,224,8,241,6,6.570477324756705
46.33967830899724,-118.43054996673682,393,4,340,-15,7.261413878822431
46.40051428506224,-118.08305962146429,573,6,41,8,6.858642093395692
46.460350432939656,-117.73445293345527,640,23,317,-6,5.469880104866039
46.519178025675785,-117.38474411304335,758,4,316,-3,7.261413878822431
46.5769884336969,-117.03394772927888,801,1,90,1,8.607715418818213
46.63377312832318,-116.68207870905674,547,11,30,7,6.248120224858334
46.689523685280506,-116.32915233598858,1013,14,75,-3,6.000299329861114
46.74423178820803,-115.97518424901514,468,0,0,0,11.522875795823397
46.79788923215844,-115.62019044075508,1116,14,71,6,6.000299329861114
46.850487927088,-115.26418725558683,1353,28,48,30,5.2451216767435955
46.90201990133384,-114.90719138746036,1608,29,162,16,5.203575778621866
46.95247730507503,-114.54921987743624,1574,16,209,1,5.860997933550507
47.00185241377496,-114.19029011094902,1032,9,206,4,6.451747248958747
47.05013763160149,-113.83041981479356,2001,4,224,3,7.261413878822431
47.09732549482256,-113.46962705383176,1559,14,216,-7,6.000299329861114
47.14340867517325,-113.1079302274189,1894,28,314,9,5.2451216767435955
47.18837998319207,-112.74534806554828,2467,22,238,-7,5.519132026132706
47.23223237152276,-112.38189962471364,1578,11,120,-5,6.248120224858334
47.2749589381788,-112.01760428348902,1362,6,228,9,6.858642093395692
47.316552929767326,-111.65248173782666,1020,1,180,4,8.607715418818213
47.35700774466945,-111.28655199607292,1224,11,300,-6,6.248120224858334
47.39631693617361,-110.91983537370383,1114,20,278,-10,5.623264340182601
47.43447421555915,-110.55235248778152,1812,15,284,-2,5.928550143214419
47.471473455126734,-110.18412425113344,1130,4,180,-6,7.261413878822431
47.50730869117248,-109.81517186625678,1083,4,283,-18,7.261413878822431
47.54197412690308,-109.445516818951,1059,5,294,-7,7.040188830991998
47.57546413528837,-109.07518087168154,954,5,31,8,7.040188830991998
47.60777326184861,-108.7041860566785,695,5,31,-1,7.040188830991998
47.638896227373536,-108.33255466877463,814,11,80,-5,6.248120224858334
47.668827930569954,-107.96030925798706,816,1,0,-3,8.607715418818213
47.69756345063537,-107.5874726218477,711,3,109,16,7.545104852168523
47.72509804975447,-107.21406779748835,862,10,232,-10,6.345071884011764
47.75142717551591,-106.8401180534859,679,0,0,0,11.522875795823397
47.77654646324658,-106.46564688147426,763,8,40,0,6.570477324756705
47.800451738260776,-106.09067798752992,801,8,140,-3,6.570477324756705
47.82313901802164,-105.71523528333816,701,3,90,-1,7.545104852168523
47.84460451421256,-105.33934287714776,696,0,0,-2,11.522875795823397
47.86484463471584,-104.9630250645221,729,8,135,0,6.570477324756705
47.88385598549667,-104.58630631889514,713,9,289,-2,6.451747248958747
47.90163537239,-104.2092112819411,659,4,77,-3,7.261413878822431
47.91817980278817,-103.831764753767,657,2,56,1,7.941743691836643
47.933486487227526,-103.45399168293744,684,3,251,-6,7.545104852168523
47.94755284087199,-103.07591715634172,670,3,289,2,7.545104852168523
47.96037648489155,-102.69756638891326,652,2,0,0,7.941743691836643
47.971955247734826,-102.31896471321154,599,0,0,0,11.522875795823397
47.98228716629304,-101.940137568878,617,2,236,-4,7.941743691836643
47.99137048695502,-101.56111049197578,637,1,0,-2,8.607715418818213
47.99920366655131,-101.18190910422577,566,1,180,2,8.607715418818213
48.00578537318656,-100.80255910214905,480,2,180,1,7.941743691836643
48.011114486958974,-100.4230862461284,480,2,236,3,7.941743691836643
48.01519010056608,-100.04351634940016,468,8,103,10,6.570477324756705
48.01801151979614,-99.66387526698814,488,0,0,-2,11.522875795823397
48.01957826390425,-99.28418888459215,469,1,0,1,8.607715418818213
48.01989006587319,-98.9044831074428,439,1,270,-6,8.607715418818213
48.01894687255819,-98.52478384913486,457,1,270,2,8.607715418818213
48.01674884471582,-98.14511702045168,459,2,304,6,7.941743691836643
48.01329635691676,-97.76550851819252,359,1,90,-3,8.607715418818213
48.0085899973426,-97.3859842140151,262,1,90,-2,8.607715418818213
48.00263056746695,-97.0065699433059,246,1,90,-2,8.607715418818213
47.995419081621264,-96.62729149409012,269,3,251,2,7.545104852168523
47.98695676644583,-96.24817459599308,327,1,270,0,8.607715418818213
47.977245060226736,-95.86924490926576,348,1,270,2,8.607715418818213
47.96628561211937,-95.49052801388552,353,1,180,-1,8.607715418818213
47.95408028125976,-95.11204939874418,353,0,0,0,11.522875795823396
47.94063113576459,-94.73383445093486,357,0,0,1,11.522875795823397
47.925940451621024,-94.35590844514878,426,2,124,2,7.941743691836643
47.9100107114681,-93.97829653319316,392,1,270,4,8.607715418818213
47.89284460327063,-93.60102373364111,387,3,56,5,7.545104852168523
47.874445018887485,-93.22411492162396,404,1,0,-3,8.607715418818213
47.85481505253615,-92.8475948187765,392,3,206,-12,7.545104852168523
47.833957999154975,-92.47148798334496,416,0,0,-2,11.522875795823397
47.81187735266527,-92.0958188004675,452,0,0,0,11.522875795823397
47.78857680413547,-91.72061147263643,465,6,0,-2,6.858642093395692
47.76406023984907,-91.34589001035148,489,4,160,-5,7.261413878822431
47.73833173927918,-90.97167822297202,544,3,270,1,7.545104852168523
47.71139557297138,-90.59799970977744,437,5,114,1,7.040188830991998
44.96644451726634,-73.03298320824545,81,5,125,-12,7.040188830991998
44.88716003837041,-72.71092346170855,337,16,300,22,5.860997933550507
44.80708041481412,-72.39019985769554,512,12,288,-7,6.159167458950843
44.72621566522138,-72.0708187857352,667,3,110,-14,7.545104852168523
44.644575828191066,-71.75278631681596,596,4,90,4,7.261413878822431
44.56217095941516,-71.43610820704379,767,27,107,-8,5.287654659051184
44.47901112884189,-71.12078990140505,454,3,180,-9,7.545104852168523
44.39510641788498,-70.80683653762804,196,4,270,6,7.261413878822431
44.31046691667903,-70.49425295013718,221,6,193,-3,6.858642093395692
44.225102721382704,-70.18304367409358,126,13,296,-7,6.076901183003046
44.13902393152955,-69.87321294951632,79,5,90,-11,7.040188830991998
44.0522406474277,-69.56476472547801,37,2,126,-3,7.941743691836643
43.964762967608266,-69.25770266436967,15,6,25,1,6.858642093395692
45.54512542354812,-123.60754939269088,120,12,354,-25,6.159167458950843
45.62045987478447,-123.27719005345826,278,14,355,-4,6.000299329861114
45.6949293574145,-122.9455257576687,412,10,164,-11,6.345071884011764
45.76852397275593,-122.61256539983576,66,3,270,-1,7.545104852168523
45.84123386794568,-122.27831822636712,662,12,160,18,6.159167458950843
45.91304923924989,-121.9427938380475,471,17,279,-4,5.7971052477000855
45.98396033540672,-121.60600219234507,764,4,180,1,7.261413878822431
46.05395746100087,-121.26795360553484,603,4,0,6,7.261413878822431
46.12303097986739,-120.9286587546325,1106,12,67,3,6.159167458950843
46.19117131852354,-120.58812867913224,574,6,0,-2,6.858642093395692
46.258368969626034,-120.24637478254178,235,0,0,1,11.522875795823397
46.32461449545224,-119.90340883370816,299,2,324,-1,7.941743691836643
46.38989853140266,-119.5592429679288,510,8,32,8,6.570477324756705
46.45421178952293,-119.21388968784062,275,2,0,1,7.941743691836643
46.51754506204279,-118.86736186408196,308,7,125,-1,6.70452216925573
46.57988922492978,-118.51967273572134,257,20,221,-15,5.623264340182601
46.64123524145508,-118.17083591044708,429,13,107,-5,6.076901183003046
46.70157416576931,-117.82086536451288,451,13,111,4,6.076901183003046
46.76089714648531,-117.46977544243342,644,7,180,-3,6.70452216925573
46.81919543026563,-117.11758085642572,789,1,180,-10,8.607715418818213
46.87646036541175,-116.76429668559078,960,14,11,5,6.000299329861114
46.9326834054524,-116.40993837483131,897,2,324,14,7.941743691836643
46.98785611272826,-116.05452173350136,1288,17,258,31,5.7971052477000855
47.04197016196991,-115.69806293378372,1005,22,10,9,5.519132026132706
47.0950173438662,-115.34057850879137,1321,24,16,-1,5.422256431435354
47.14698956862029,-114.98208535038977,1048,19,180,12,5.67858487499791
47.19787886948992,-114.62260070673696,1262,19,71,2,5.67858487499791
47.24767740630913,-114.2621421795388,1133,6,180,2,6.858642093395692
47.296377468988254,-113.9007277210168,2580,24,75,-21,5.422256431435354
47.34397148098907,-113.53837563058704,1775,15,218,-20,5.928550143214419
47.39045200277181,-113.17510455124815,1912,24,213,6,5.422256431435354
47.43581173521103,-112.81093346567783,1810,30,100,-13,5.162923839635655
47.4800435229769,-112.44588169203628,1277,2,56,-4,7.941743691836643
47.5231403578789,-112.07996887947712,1139,4,200,9,7.261413878822431
47.56509538216861,-111.71321500336536,1091,7,278,7,6.70452216925573
47.60590189179814,-111.34564036020308,1132,7,0,4,6.70452216925573
47.64555333963128,-110.97726556226408,961,3,56,0,7.545104852168523
47.684043338604106,-110.6081115319384,921,1,270,2,8.607715418818213
47.7213656648312,-110.23819949578932,956,2,124,4,7.941743691836643
47.75751426065529,-109.8675509783246,977,12,297,-1,6.159167458950843
47.792483237636375,-109.4961877954852,928,12,293,36,6.159167458950843
47.82626687947714,-109.12413204785476,895,16,15,6,5.860997933550507
47.8588596448821,-108.7514061135932,1011,24,77,-9,5.422256431435354
47.89025617034689,-108.37803264109954,996,10,79,-4,6.345071884011764
47.92045127287469,-108.00403454140783,817,3,26,-8,7.545104852168523
47.94943995261716,-107.62943498032202,727,4,340,8,7.261413878822431
47.97721739543636,-107.25425737029488,836,8,225,0,6.570477324756705
48.00377897538529,-106.87852536205796,728,5,114,6,7.040188830991998
48.02912025710409,-106.50226283600814,655,4,160,-9,7.261413878822431
48.05323699812892,-106.12549389335868,645,4,270,-13,7.261413878822431
48.07612515111118,-105.7482428470618,612,8,147,-11,6.570477324756705
48.09778086594442,-105.37053421251096,599,2,236,-6,7.941743691836643
48.11820049179624,-104.9923926980309,593,2,180,5,7.941743691836643
48.13738057904311,-104.6138431951645,579,5,114,3,7.040188830991998
48.15531788110565,-104.2349107687655,595,1,90,2,8.607715418818213
48.17200935618205,-103.85562064690636,656,3,0,-2,7.545104852168523
48.18745216887803,-103.47599821061154,629,3,180,-2,7.545104852168523
48.20164369173066,-103.09606898342628,589,1,180,-2,8.607715418818213
48.21458150662495,-102.71585862083118,692,3,333,-3,7.545104852168523
48.2262634061009,-102.33539289951396,693,2,180,3,7.941743691836643
48.23668739454986,-101.95469770650902,636,5,124,8,7.040188830991998
48.24585168929836,-101.57379902821664,594,1,180,3,8.607715418818213
48.25375472157834,-101.19272293931328,489,6,270,-1,6.858642093395692
48.260395137382496,-100.8114955915649,460,3,72,2,7.545104852168523
48.26577179820359,-100.43014320255548,461,5,114,-2,7.040188830991998
48.26988378165722,-100.04869204434276,478,0,0,-8,11.522875795823397
48.27273038198653,-99.66716843205394,489,2,124,-4,7.941743691836643
48.27431111044897,-99.28559871243374,451,2,143,2,7.941743691836643
48.274625695584255,-98.90400925235724,442,2,56,-5,7.941743691836643
48.27367408336324,-98.52242642732064,453,2,304,3,7.941743691836643
48.2714564372176,-98.14087660992232,463,3,0,3,7.545104852168523
48.267973137950094,-97.75938615834714,360,4,77,-6,7.261413878822431
48.26322478352577,-97.37798140486667,248,0,0,0,11.522875795823397
48.25721218874437,-96.99668864436836,243,0,0,-1,11.522875795823397
48.24993638479384,-96.61553412292574,278,1,90,9,8.607715418818213
48.24139861868633,-96.2345440264229,350,3,180,-3,7.545104852168523
48.23160035257672,-95.85374446924534,349,2,143,5,7.941743691836643
48.22054326296469,-95.4731614830496,363,1,270,-3,8.607715418818213
48.20822923978154,-95.09282100562378,369,1,270,-2,8.607715418818213
48.194660385362525,-94.71274886985128,353,0,0,0,11.522875795823397
48.17983901330634,-94.33297079278908,358,2,236,10,7.941743691836643
48.16376764722285,-93.9535123648723,371,0,0,0,11.522875795823397
48.14644901937074,-93.57439903925656,381,1,90,-1,8.607715418818213
48.1278860691867,-93.19565612130882,396,1,180,-3,8.607715418818213
48.10808194170801,-92.81730875825748,412,10,326,-6,6.345071884011764
48.08703998589026,-92.43938192901228,427,6,138,5,6.858642093395692
48.06476375282245,-92.0619004341641,421,8,41,9,6.570477324756705
48.04125699384134,-91.684888886174,394,0,0,0,11.522875795823397
48.016523658547385,-91.3083716997612,461,3,304,-1,7.545104852168523
47.99056789272492,-90.93237308249904,549,2,180,-2,7.941743691836643
47.96339403616839,-90.55691702562672,608,13,321,-1,6.076901183003046
47.93500662041767,-90.18202729508624,512,3,236,6,7.545104852168523
47.905410366404936,-89.80772742279073,330,12,180,-1,6.159167458950843
44.95330096065503,-71.9561639189541,595,6,0,-4,6.858642093395692
44.87101669641455,-71.63721152851252,775,15,76,12,5.928550143214419
44.78796320743002,-71.31963162811455,1013,9,264,-19,6.451747248958747
44.70415068330859,-71.00342960491525,449,15,5,26,5.928550143214419
44.61958932425571,-70.6886105332287,245,5,215,0,7.040188830991998
44.53428933829396,-70.37517917864746,254,8,283,4,6.570477324756705
44.448260938530936,-70.06314000224893,175,10,130,11,6.345071884011764
44.3615143404766,-69.75249716488213,87,2,234,-1,7.941743691836643
44.274059759410925,-69.44325453152908,155,8,83,-6,6.570477324756705
44.18590740780202,-69.13541567573448,72,1,180,-3,8.607715418818213
45.77669108858908,-123.71603291309644,306,8,28,14,6.570477324756705
45.85263380980737,-123.38458945829272,477,18,139,6,5.73642582948546
45.927706196619056,-123.05182232696566,412,2,305,-34,7.941743691836643
46.00189822231626,-122.7177404215204,231,20,7,-3,5.623264340182601
46.07519990565142,-122.38235300381784,777,23,99,9,5.469880104866039
46.147601314205055,-122.04566969780612,671,18,46,-52,5.73642582948546
46.2190925677882,-121.70770049197132,901,18,193,-3,5.73642582948546
46.28966384187784,-121.36845574160162,1105,3,55,11,7.545104852168523
46.35930537108336,-121.02794617085716,1379,3,180,-3,7.545104852168523
46.42800745264251,-120.68618287463909,282,2,0,0,7.941743691836643
46.49576044994407,-120.34317732025087,347,5,144,9,7.040188830991998
46.56255479607621,-119.99894134884516,707,9,36,-15,6.451747248958747
46.62838099739724,-119.65348717664962,141,1,180,1,8.607715418818213
46.69322963712733,-119.30682739596568,281,1,90,-2,8.607715418818213
46.75709137895858,-118.95897497593286,364,3,124,9,7.545104852168523
46.81995697068081,-118.60994326305396,452,2,56,5,7.941743691836643
46.88181724782103,-118.25974598147378,488,2,180,2,7.941743691836643
46.942663137293614,-117.90839723300664,467,4,316,-2,7.261413878822431
47.00248566105879,-117.5559114969064,604,16,180,-5,5.860997933550507
47.0612759397867,-117.20230362937428,786,5,56,0,7.040188830991998
47.11902519652412,-116.84758886279884,849,9,270,0,6.451747248958747
47.175724760361256,-116.4917828047236,794,9,342,15,6.451747248958747
47.23136607009544,-116.13490143653809,959,22,212,-3,5.519132026132706
47.28594067788887,-115.77696111188702,943,26,75,22,5.331277149398757
47.339440252917626,-115.41797855479516,1391,29,294,10,5.203575778621866
47.391856585008384,-115.05797085750294,1613,11,120,-9,6.248120224858334
47.44318158826015,-114.69695547801038,1188,11,0,-11,6.248120224858334
47.49340730464772,-114.33495023732628,792,5,56,-1,7.040188830991998
47.54252590760351,-113.97197331641972,2000,38,321,-5,4.860913441019714
47.59052970557477,-113.60804325287263,2145,23,254,-5,5.469880104866039
47.63741114555272,-113.24317893723077,2081,23,238,-8,5.469880104866039
47.68316281657038,-112.8773996090523,1691,8,140,2,6.570477324756705
47.7277774531658,-112.5107248526532,1391,3,270,5,7.545104852168523
47.771247938807264,-112.14317459254876,1164,5,0,1,7.040188830991998
47.81356730927722,-111.7747690885912,1185,3,71,2,7.545104852168523
47.85472875601148,-111.40552893080404,1063,2,37,3,7.941743691836643
47.89472562939037,-111.03547503391444,898,1,180,3,8.607715418818213
47.933551441978665,-110.66462863158397,870,3,71,-6,7.545104852168523
47.97119987171038,-110.2930112703408,834,3,26,-3,7.545104852168523
48.00766476501593,-109.92064480321518,1051,9,154,1,6.451747248958747
48.04294013988769,-109.5475513830808,1197,5,343,9,7.040188830991998
48.077020188880766,-109.17375345570632,1054,8,283,1,6.570477324756705
48.1098992820462,-108.79927375251977,899,2,323,3,7.941743691836643
48.14157196979274,-108.42413528309122,847,1,0,3,8.607715418818213
48.17203298567453,-108.04836132733789,772,3,90,0,7.545104852168523
48.20127724910119,-107.67197542745744,780,7,37,4,6.70452216925573
48.22929986796789,-107.29500137959532,743,11,209,-4,6.248120224858334
48.25609614120132,-106.917463225252,716,3,108,0,7.545104852168523
48.28166156122007,-106.53938524243765,712,2,304,5,7.941743691836643
48.30599181630522,-106.16079193658096,819,3,207,-3,7.545104852168523
48.3290827928793,-105.78170803120032,823,6,63,-3,6.858642093395692
48.350930577690505,-105.40215845834514,756,3,288,0,7.545104852168523
48.371531459899806,-105.02216834881628,728,1,270,-7,8.607715418818213
48.39088193306826,-104.64176302217447,621,2,56,-3,7.941743691836643
48.408978697042265,-104.2609679765466,659,0,0,-1,11.522875795823397
48.42581865973463,-103.87980887823907,725,1,0,-3,8.607715418818213
48.441398938798976,-103.4983115511693,661,2,180,-4,7.941743691836643
48.45571686319565,-103.11650196612548,718,2,217,2,7.941743691836643
48.46876997464737,-102.73440622986573,711,1,90,-6,8.607715418818213
48.48055602898224,-102.3520505740681,706,1,270,-4,8.607715418818213
48.49107299736338,-101.96946134414289,655,2,323,-4,7.941743691836643
48.50031906740277,-101.58666498791904,543,3,252,-2,7.545104852168523
48.50829264415848,-101.20368804421746,470,1,180,3,8.607715418818213
48.51499235101371,-100.8205571313225,443,0,0,1,11.522875795823397
48.52041703043693,-100.43729893536546,442,4,315,2,7.261413878822431
48.52456574462168,-100.053940198632,470,1,0,0,8.607715418818213
48.52743777600567,-99.67050770780683,481,0,0,0,11.522875795823397
48.529032627668215,-99.28702828216872,454,0,0,0,11.522875795823397
48.52935002360574,-98.90352876174872,461,2,143,1,7.941743691836643
48.52838990888476,-98.52003599546543,474,3,236,-9,7.545104852168523
48.52615244967232,-98.13657682925016,486,3,270,9,7.545104852168523
48.52263803314401,-97.75317809417514,284,2,304,0,7.941743691836643
48.51784726726908,-97.369866594599,249,2,323,5,7.941743691836643
48.51178098047376,-96.9866690963417,243,2,124,-4,7.941743691836643
48.504440221182335,-96.60361231490292,299,0,0,2,11.522875795823396
48.49582625723743,-96.22072290373671,341,0,0,7,11.522875795823397
48.485940575199415,-95.83802744259552,349,0,0,0,11.522875795823397
48.474784879526375,-95.4555524259564,371,0,0,-1,11.522875795823397
48.46236109163546,-95.07332425154216,382,1,180,-3,8.607715418818213
48.448671348846766,-94.69136920895,360,0,0,-4,11.522875795823397
48.433718003211176,-94.30971346839986,359,2,124,4,7.941743691836643
48.41750362022335,-93.92838306961448,351,3,108,-2,7.545104852168523
48.40003097742191,-93.54740391084287,339,5,343,4,7.040188830991998
48.381303062878125,-93.16680173803915,361,3,0,-3,7.545104852168523
48.36132307357501,-92.78660213420714,379,8,84,3,6.570477324756705
48.317620692706896,-92.0275120880399,403,2,37,-9,7.941743691836643
48.242768297362815,-90.89252534408013,434,5,31,19,7.040188830991998
45.01350482809461,-71.20177711984387,547,14,355,11,6.000299329861114
44.92903527482422,-70.88468630545671,536,0,0,0,11.522875795823397
44.84381295090245,-70.56899676096928,659,11,75,-23,6.248120224858334
44.75784818367904,-70.25471317893495,611,12,140,-33,6.159167458950843
44.671151304610966,-69.94183994205946,100,4,317,3,7.261413878822431
44.583732646546224,-69.6303811276596,72,6,110,-5,6.858642093395692
44.49560254105917,-69.32034051219595,166,6,70,11,6.858642093395692
44.4067713158383,-69.01172157587364,52,5,180,-2,7.040188830991998
44.31724929212669,-68.7045275073051,56,0,0,-14,11.522875795823397
46.00804471025655,-123.82584871473009,282,2,55,-5,7.941743691836643
46.08460019911379,-123.49331259909708,342,11,216,12,6.248120224858334
46.16027998802235,-123.15943373029496,0,2,144,-3,7.941743691836643
46.235073920327416,-122.82422101581508,175,5,305,-2,7.040188830991998
46.30897188444309,-122.48768373033936,367,25,21,1,5.376102417024408
46.38196381727917,-122.1498315185269,1333,19,235,1,5.67858487499791
46.454039707704055,-121.81067439761672,854,39,148,-4,4.8251363113757595
46.52518960004237,-121.47022275983907,1708,55,36,5,4.2584271754160925
46.59540359760531,-121.1284873746284,1308,17,258,-2,5.7971052477000855
46.66467186625177,-120.7854793906304,626,5,150,2,7.040188830991998
46.73298463797824,-120.4412103374963,692,7,255,2,6.70452216925573
46.80033221453521,-120.09569212745733,476,11,95,-17,6.248120224858334
46.86670497106804,-119.74893705667196,273,19,200,-1,5.67858487499791
46.93209335977989,-119.40095780634024,384,4,180,-2,7.261413878822431
46.9964879136143,-119.05176744357722,361,4,340,-2,7.261413878822431
47.059879249955074,-118.70137942203992,498,6,14,-5,6.858642093395692
47.12225807434082,-118.34980758230137,572,2,304,4,7.941743691836643
47.18361518419157,-117.99706615196544,557,1,90,2,8.607715418818213
47.24394147254459,-117.64316974551672,615,1,180,2,8.607715418818213
47.30322793179717,-117.28813336389968,772,8,264,-8,6.570477324756705
47.36146565745268,-116.93197239382202,972,13,148,-13,6.076901183003046
47.418645851867886,-116.57470260677673,1027,31,286,1,5.123080734108857
47.47475982799764,-116.21634015777828,860,25,215,13,5.376102417024408
47.52979901313498,-115.8569015838085,1508,26,278,1,5.331277149398757
47.58375495264232,-115.49640380196746,1119,32,282,0,5.083968235816121
47.63661931367154,-115.13486410732617,1552,25,38,20,5.376102417024408
47.688383888869325,-114.77230017047714,1799,14,0,4,6.000299329861114
47.739040600064605,-114.40873003477996,991,2,143,-8,7.941743691836643
47.78858150193459,-114.04417211329888,880,0,0,0,11.522875795823397
47.83699878564651,-113.6786451854302,1788,42,289,-11,4.719199989486241
47.884284782471184,-113.31216839321804,2031,8,29,-4,6.570477324756705
47.93043196736531,-112.94476123735568,2021,19,128,-25,5.67858487499791
47.97543296251894,-112.57644357287346,1381,3,71,2,7.545104852168523
48.01928054086477,-112.20723560451054,1190,3,180,1,7.545104852168523
48.06196762954578,-111.83715788177214,1063,2,180,-5,7.941743691836643
48.10348731333743,-111.46623129367156,1009,2,37,-6,7.941743691836643
48.14383283802152,-111.09447706315837,1020,5,180,-2,7.040188830991998
48.18299761370777,-110.72191674123404,1004,12,333,-21,6.159167458950843
48.22097521809987,-110.3485722007568,869,3,27,-10,7.545104852168523
48.25775939970235,-109.9744656299382,862,3,270,1,7.545104852168523
48.293344080965255,-109.59961952553428,1273,6,288,7,6.858642093395692
48.32772336136272,-109.22405668573464,1011,2,37,6,7.941743691836643
48.36089152040233,-108.8478002027538,854,2,236,5,7.941743691836643
48.39284302056217,-108.47087345512848,743,2,143,-6,7.941743691836643
48.42357251015171,-108.0933000997268,819,1,90,7,8.607715418818213
48.45307482609383,-107.71510406347414,719,3,108,6,7.545104852168523
48.48134499662464,-107.33630953480208,663,2,143,-1,7.941743691836643
48.50837824390783,-106.9569409548268,728,4,270,14,7.261413878822431
48.53416998656073,-106.57702300826408,832,1,90,-3,8.607715418818213
48.55871584208917,-106.19658061408848,891,2,57,1,7.941743691836643
48.58201162922792,-105.81563891594448,870,2,217,1,7.941743691836643
48.60405337018438,-105.43422327231865,709,2,37,-1,7.941743691836643
48.624837292782615,-105.0523592464809,807,3,288,0,7.545104852168523
48.644359832505046,-104.67007259620556,709,3,72,0,7.545104852168523
48.66261763442952,-104.28738926328064,700,2,217,5,7.941743691836643
48.67960755505942,-103.90433536281698,637,3,72,3,7.545104852168523
48.69532666404435,-103.52093717236694,629,5,0,-2,7.040188830991998
48.709772245789416,-103.1372211208644,688,2,123,-6,7.941743691836643
48.72294180095126,-102.753213777397,758,2,217,-3,7.941743691836643
48.7348330478186,-102.36894183982282,625,0,0,-1,11.522875795823397
48.745443923575934,-101.98443212324342,572,0,0,-1,11.522875795823397
48.75477258544873,-101.59971154834568,514,1,270,2,8.607715418818213
48.7628174117284,-101.21480712962492,460,2,57,-3,7.941743691836643
48.76957700267613,-100.82974596350296,446,3,108,2,7.545104852168523
48.77505018130424,-100.44455521635308,464,0,0,9,11.522875795823397
48.779235994033954,-100.05926211244628,500,1,90,0,8.607715418818213
48.78213371122926,-99.6738939218321,550,2,237,-4,7.941743691836643
48.78374282760538,-99.2884779481671,478,0,0,-2,11.522875795823397
48.78406306251205,-98.90304151650548,489,0,0,1,11.522875795823397
48.78309436009084,-98.51761196106536,479,2,303,-5,7.941743691836643
48.78083688930656,-98.13221661298458,480,1,180,-3,8.607715418818213
48.77729104385241,-97.74688278807996,293,3,72,6,7.545104852168523
48.77245744192936,-97.3616377746242,243,2,123,5,7.941743691836643
48.76633692589966,-96.97650882115366,241,1,0,3,8.607715418818213
48.758930561815376,-96.59152312432168,309,6,72,-5,6.858642093395692
48.75023963882207,-96.20670781681036,311,1,270,2,8.607715418818213
48.74026566843863,-95.822089955315,338,2,123,4,7.941743691836643
48.72901038371426,-95.43769650861408,359,2,303,4,7.941743691836643
48.71647573826356,-95.05355434573856,376,1,180,-3,8.607715418818213
48.70266390518078,-94.66969022425316,334,3,0,-2,7.545104852168523
48.68757727583496,-94.2861307786627,335,3,153,4,7.545104852168523
48.634695769442246,-93.13754475688786,338,6,194,-7,6.858642093395692
45.2387920234533,-71.08252629536385,807,16,74,-2,5.860997933550507
45.15366105329494,-70.76454168372508,551,5,270,2,7.040188830991998
45.06777339654143,-70.44797697461327,518,2,0,1,7.941743691836643
44.98113950132612,-70.13283678316333,233,5,145,5,7.040188830991998
44.89376981887189,-69.81912540924976,131,1,90,-2,8.607715418818213
44.80567480074091,-69.50684684212322,135,3,205,-6,7.545104852168523
44.71686489613803,-69.1960047651211,169,5,100,-3,7.040188830991998
44.627350549267895,-68.88660256044533,43,8,208,1,6.570477324756705
44.53714219674647,-68.57864331400124,68,2,305,7,7.941743691836643
46.31635578097278,-123.6033785537798,151,7,170,-19,6.70452216925573
46.39264753214556,-123.26837904050538,531,18,270,12,5.73642582948546
46.46804793021505,-122.9320262427736,118,3,289,-2,7.545104852168523
46.54254673126773,-122.59432944529952,352,8,220,-1,6.570477324756705
46.61613373952067,-122.25529831084948,444,15,50,11,5.928550143214419
46.68879881084585,-121.91494288300264,1218,9,71,-2,6.451747248958747
46.76053185633141,-121.57327358871736,1065,20,116,5,5.623264340182601
46.83132284587685,-121.23030124069405,1509,24,316,-33,5.422256431435354
46.90116181182094,-120.8860370395274,1210,5,90,1,7.040188830991998
46.97003885259983,-120.54049257564108,450,1,270,-1,8.607715418818213
47.03794413643336,-120.19367983099605,1017,8,10,9,6.570477324756705
47.10486790503728,-119.84561118056668,367,0,0,-7,11.522875795823397
47.170800477359,-119.49629939357686,381,2,236,3,7.941743691836643
47.23573225333458,-119.14575763448904,418,0,0,1,11.522875795823397
47.29965371766411,-118.79399946373958,539,2,144,-8,7.941743691836643
47.36255544360328,-118.44103883821396,576,4,20,-7,7.261413878822431
47.4244280967682,-118.08689011145472,658,2,216,1,7.941743691836643
47.48526243895072,-117.73156803359704,713,2,124,-4,7.941743691836643
47.54504933194144,-117.37508775102457,637,7,323,-8,6.70452216925573
47.60377974135754,-117.01746480574118,1388,21,304,-16,5.5701918233974546
47.661444740472525,-116.65871513445232,764,8,225,-11,6.570477324756705
47.718035514044296,-116.29885506735124,1122,25,297,7,5.376102417024408
47.7735433621393,-115.93790132660484,948,23,126,17,5.469880104866039
47.82795970394866,-115.5758710245354,727,4,103,-3,7.261413878822431
47.881276081593725,-115.21278166149348,1415,18,276,-13,5.73642582948546
47.93348416391734,-114.84865112341808,1702,23,149,-2,5.469880104866039
47.98457575025765,-114.48349767908162,1407,9,309,13,6.451747248958747
48.03454277420087,-114.11733997701552,880,0,0,0,11.522875795823397
48.08337730730987,-113.75019704211503,1178,7,124,-3,6.70452216925573
48.131071562824616,-113.38208827192032,2005,30,155,-2,5.162923839635655
48.17761789933167,-113.01303343257256,2383,17,239,-14,5.7971052477000855
48.22300882439825,-112.6430526544441,1339,3,252,-2,7.545104852168523
48.26723699816821,-112.2721664274412,1169,0,0,2,11.522875795823397
48.31029523691584,-111.90039559598004,1108,2,180,0,7.941743691836643
48.35217651655383,-111.5277613536356,934,5,323,-2,7.040188830991998
48.392873976092304,-111.1542852374648,965,0,0,-11,11.522875795823397
48.43238092104468,-110.7799891220044,947,0,0,-5,11.522875795823397
48.47069082677733,-110.40489521294664,906,2,236,4,7.941743691836643
48.50779734179909,-110.02902604049382,865,1,90,-5,8.607715418818213
48.54369429098734,-109.6524044523957,789,0,0,6,11.522875795823397
48.5783756787468,-109.27505360667264,739,0,0,4,11.522875795823397
48.611835692098026,-108.89699696402867,803,2,217,8,7.941743691836643
48.6440687036916,-108.51825827995933,943,4,201,3,7.261413878822431
48.6750692747451,-108.13886159655858,870,5,163,-6,7.040188830991998
48.70483215789929,-107.75883123403167,826,1,270,5,8.607715418818213
48.73335229999002,-107.37819178191911,847,3,288,-2,7.545104852168523
48.7606248447332,-106.99696809003903,724,1,0,-3,8.607715418818213
48.78664513531903,-106.61518525915508,876,2,143,-5,7.941743691836643
48.81140871691294,-106.23286863137774,929,2,180,0,7.941743691836643
48.83491133905997,-105.85004378030727,886,2,57,-1,7.941743691836643
48.85714895798982,-105.46673650092724,718,4,90,2,7.261413878822431
48.8781177388197,-105.08297279925776,730,5,211,14,7.040188830991998
48.8978140576524,-104.6987788817786,728,4,339,-5,7.261413878822431
48.91623450356704,-104.314181144632,727,3,123,2,7.545104852168523
48.93337588049976,-103.92920616261613,646,2,237,2,7.941743691836643
48.94923520901244,-103.5438806779804,634,1,0,3,8.607715418818213
48.963809727946845,-103.15823158903392,584,2,323,-7,7.941743691836643
48.97709689596247,-102.77228593857926,578,2,237,5,7.941743691836643
48.98909439295584,-102.3860709021836,582,2,123,-6,7.941743691836643
48.99980012135981,-101.99961377630004,547,1,0,5,8.607715418818213
48.99457557176112,-95.80592803661229,325,1,270,2,8.607715418818213
48.98321969611271,-95.41958928886515,325,2,123,-2,7.941743691836643
48.97057307928526,-95.03350637803098,320,0,0,0,11.522875795823397
45.378024097688254,-70.64297710616127,770,10,253,6,6.345071884011764
45.291466688480256,-70.32553261804973,536,12,261,-24,6.159167458950843
45.20415926788028,-70.00953151808271,420,10,51,2,6.345071884011764
45.11611240830927,-69.69497801866561,430,8,171,-8,6.570477324756705
45.02733668143452,-69.38187601627146,178,5,133,-1,7.040188830991998
44.937842655440704,-69.07022909633564,107,2,325,7,7.941743691836643
44.84764089235636,-68.76004053821687,26,3,250,7,7.545104852168523
44.75674194543672,-68.45131332021857,127,5,35,4,7.040188830991998
44.665156356602495,-68.14405012466389,67,0,0,0,11.522875795823397
44.57289465393543,-67.83825334301845,0,3,270,8,7.545104852168523
46.54789722883472,-123.7148067645332,435,24,0,-42,5.422256431435354
46.62480556556168,-123.37867769769512,219,7,278,6,6.70452216925573
46.70081705235751,-123.04117553248824,213,7,82,16,6.70452216925573
46.77592131095581,-122.70230956070992,294,6,26,-7,6.858642093395692
46.8501080108212,-122.3620894604709,142,4,224,8,7.261413878822431
46.92336687273683,-122.0205252991232,683,6,14,4,6.858642093395692
46.995687672429824,-121.67762753598888,1629,36,324,-10,4.933452268831491
47.067060244233005,-121.3334070248806,1260,18,73,-9,5.73642582948546
47.137474484780576,-120.98787501640685,1078,16,9,7,5.860997933550507
47.20692035673617,-120.64104316005348,1138,11,210,0,6.248120224858334
47.27538789255029,-120.2929235060342,1495,16,283,10,5.860997933550507
47.34286719824555,-119.943528506902,717,4,246,-8,7.261413878822431
47.40934845722693,-119.5928710189144,689,2,304,-2,7.941743691836643
47.47482193411458,-119.24096430314472,406,7,262,3,6.70452216925573
47.53927797859684,-118.8878220263326,545,3,334,-5,7.545104852168523
47.602707029300426,-118.53345826146658,689,3,270,-1,7.545104852168523
47.6650996176754,-118.17788748809188,714,4,20,-2,7.261413878822431
47.72644637189184,-117.8211245923369,788,4,225,3,7.261413878822431
47.78673802074543,-117.46318486665214,735,7,248,5,6.70452216925573
47.8459653975689,-117.1040840092554,1006,12,86,-9,6.159167458950843
47.904119444146296,-116.74383812327768,726,0,0,3,11.522875795823397
47.9611912146268,-116.38246371560396,1061,34,275,-5,5.007651158298087
48.0171718794352,-116.01997769540418,1147,31,235,10,5.123080734108857
48.072052729175134,-115.65639737234945,1906,43,324,52,4.684202218998131
48.12582517852265,-115.29174045450864,1534,23,253,14,5.469880104866039
48.17848077010565,-114.92602504592226,1074,3,304,8,7.545104852168523
48.230011178366624,-114.55926964384916,1462,23,240,-15,5.469880104866039
48.280408213404606,-114.1914931356831,930,1,180,6,8.607715418818213
48.32966382479312,-113.82271479553668,1494,21,230,8,5.5701918233974546
48.37777010537031,-113.45295428048983,2347,31,310,-37,5.123080734108857
48.4247192949977,-113.08223162650162,1359,18,202,5,5.73642582948546
48.47050378428403,-112.71056724398326,1194,3,108,-3,7.545104852168523
48.51511611827024,-112.33798191303237,1135,6,72,-6,6.858642093395692
48.558549000072205,-111.96449677832716,1032,3,333,1,7.545104852168523
48.60079529447712,-111.59013334368169,1024,3,108,-5,7.545104852168523
48.641848031490255,-111.2149134662622,1060,2,123,4,7.941743691836643
48.681700409827954,-110.838859350466,1018,2,303,4,7.941743691836643
48.72034580035349,-110.4619935414648,899,1,0,-2,8.607715418818213
48.75777774945184,-110.08433891841511,819,1,270,3,8.607715418818213
48.7939899823398,-109.70591868733784,841,3,270,-6,7.545104852168523
48.82897640630783,-109.3267563736717,789,1,180,-1,8.607715418818213
48.86273111388985,-108.94687581450366,1052,4,258,3,7.261413878822431
48.89524838595767,-108.56630115048144,941,3,90,2,7.545104852168523
48.92652269473623,-108.18505681741355,873,2,0,5,7.941743691836643
48.95654870673632,-107.80316753756208,822,3,288,1,7.545104852168523
48.98532128560151,-107.42065831063536,837,4,258,-6,7.261413878822431
49.224653012411736,-95.01317531513168,332,1,180,-1,8.607715418818213
45.60212041443459,-70.51997361936026,415,5,180,11,7.040188830991998
45.51488878102275,-70.20164481988049,458,3,251,2,7.545104852168523
45.42690338654872,-69.88477859979481,283,1,180,4,8.607715418818213
45.33817492607954,-69.56937907921701,359,5,100,-3,7.040188830991998
45.24871409279277,-69.25545005694696,132,2,215,2,7.941743691836643
45.1585315752153,-68.94299501555571,124,5,313,8,7.040188830991998
45.06763805451933,-68.63201712653657,41,4,65,3,7.261413878822431
44.976044201876206,-68.32251925551489,99,3,71,-1,7.545104852168523
44.883760675868224,-68.01450396751058,320,6,235,9,6.858642093395692
44.79079811995867,-67.7079735322467,67,8,263,-2,6.570477324756705
44.69716716002032,-67.40292992949804,46,5,325,1,7.040188830991998
46.77922114972375,-123.8276170455794,237,10,101,12,6.345071884011764
46.856750759297526,-123.49034951712432,251,9,129,5,6.451747248958747
46.93337802249855,-123.15168869316508,288,7,112,-3,6.70452216925573
47.00909242464547,-122.81164386946024,62,2,36,-1,7.941743691836643
47.083883498353096,-122.4702247365351,115,2,0,5,7.941743691836643
47.15774082718349,-122.12744138278488,193,4,77,8,7.261413878822431
47.23065404933742,-121.7833042973732,753,29,71,-2,5.203575778621866
47.30261286138344,-121.43782437291866,1268,22,204,-10,5.519132026132706
47.3736070220232,-121.09101290796046,755,10,264,-4,6.345071884011764
47.44362635589022,-120.74288160919517,1702,29,320,-6,5.203575778621866
47.512660757380544,-120.39344259347638,738,21,184,11,5.5701918233974546
47.5807001945123,-120.04270838956931,756,4,90,-9,7.261413878822431
47.64773471281202,-119.69069193965254,663,4,180,-2,7.261413878822431
47.71375443922536,-119.3374066005586,726,2,0,-3,7.941743691836643
47.77874958604901,-118.98286614474677,790,6,154,-7,6.858642093395692
47.842710454881946,-118.62708476099974,764,5,217,-1,7.040188830991998
47.905627440592085,-118.2700770548378,617,15,267,-11,5.928550143214419
47.96749103529656,-117.91185804864276,770,6,251,-3,6.858642093395692
48.028291832351805,-117.55244318148566,735,14,285,1,6.000299329861114
48.08802053035081,-117.19184830865156,715,4,21,0,7.261413878822431
48.14666793712423,-116.8300897008552,624,0,0,0,11.522875795823397
48.2042249737421,-116.4671840431417,868,10,180,6,6.345071884011764
48.260682678512886,-116.1031484334672,1151,16,312,-16,5.860997933550507
48.31603221097664,-115.73800038095386,1636,8,349,6,6.570477324756705
48.3702648558884,-115.37175780381487,816,21,211,-5,5.5701918233974546
48.42337202718878,-115.0044390269449,1499,9,0,13,6.451747248958747
48.47534527195801,-114.63606277917208,1271,23,81,-18,5.469880104866039
48.52617627434967,-114.26664819016834,1899,14,30,19,6.000299329861114
48.57585685950053,-113.89621478701464,1186,21,305,9,5.5701918233974546
48.62437899741312,-113.52478249041891,1662,49,86,-66,4.474494910101269
48.671734806806576,-113.1523716105846,1481,5,197,5,7.040188830991998
48.71791655893257,-112.77900284272788,1282,6,81,-6,6.858642093395692
48.76291668135247,-112.40469726224316,1185,6,108,8,6.858642093395692
48.80672776167139,-112.0294763195159,1281,2,303,3,7.941743691836643
48.84934255122601,-111.653361834383,1131,3,153,5,7.545104852168523
48.890753968721775,-111.2763759902414,1228,2,57,1,7.941743691836643
48.93095510381569,-110.89854132780584,1010,2,37,-6,7.941743691836643
48.969939220641294,-110.51988073851804,902,3,72,0,7.545104852168523
45.73803555383565,-70.07629438792718,520,8,235,-2,6.570477324756705
45.649367685472654,-69.75855892844469,320,6,109,-6,6.858642093395692
45.559953149877536,-69.44230958875411,503,8,31,-16,6.570477324756705
45.46980276315752,-69.12755006489566,248,4,90,-2,7.261413878822431
45.37892733555699,-68.81428373142424,145,2,55,-4,7.941743691836643
45.28733766872298,-68.5025136467566,139,7,293,-4,6.70452216925573
45.19504455303019,-68.19224255857657,136,6,13,-1,6.858642093395692
45.10205876496585,-67.88347290929116,90,0,0,0,11.522875795823397
45.0083910645744,-67.57620684153129,47,1,180,4,8.607715418818213
44.914052192962416,-67.2704462036905,37,12,90,1,6.159167458950843
47.0103240825857,-123.94182959108862,67,8,170,39,6.570477324756705
47.08847971719096,-123.6034146973076,196,20,64,-4,5.623264340182601
47.165727510114976,-123.26358591938752,151,2,124,0,7.941743691836643
47.24205680816246,-122.92235255374804,17,1,180,7,8.607715418818213
47.317457004962,-122.57972430022504,73,13,121,17,6.076901183003046
47.39191754468237,-122.2357112653566,12,1,270,3,8.607715418818213
47.465427925790834,-121.89032396546015,374,20,4,10,5.623264340182601
47.53797770485113,-121.5435733294932,523,21,331,12,5.5701918233974546
47.6095565003594,-121.19547070168753,1570,39,49,-13,4.8251363113757595
47.68015399661567,-120.84602784394932,1859,34,79,6,5.007651158298087
47.74975994762878,-120.49525693801624,1373,28,71,-21,5.2451216767435955
47.81836418105203,-120.14317058736285,731,20,208,16,5.623264340182601
47.8859566021474,-119.78978181884658,758,7,323,-15,6.70452216925573
47.95252719777567,-119.43510408408548,666,1,270,-1,8.607715418818213
48.0180660404095,-119.07915126056037,746,6,0,-3,6.858642093395692
48.08256329216702,-118.72193765243304,571,12,243,1,6.159167458950843
48.1460092088628,-118.36347799107344,1037,13,46,4,6.076901183003046
48.20839414407337,-118.00378743528822,1151,6,288,0,6.858642093395692
48.269708553214194,-117.64288157124317,859,6,138,2,6.858642093395692
48.32994299762488,-117.28077641207403,622,2,180,-6,7.941743691836643
48.38908814865926,-116.91748839717744,781,10,24,-10,6.345071884011764
48.4471347917775,-116.55303439117736,781,24,46,28,5.422256431435354
48.50407383063621,-116.18743168256016,1379,7,75,8,6.70452216925573
48.5598962911736,-115.8206979819736,1045,11,143,8,6.248120224858334
48.614593325685696,-115.45285142018392,1396,10,180,-3,6.345071884011764
48.66815621689042,-115.08391054568726,1565,23,346,-10,5.469880104866039
48.72057638197554,-114.71389432197044,1796,33,345,3,5.045514080099346
48.77184537662679,-114.34282212441772,1220,2,37,-6,7.941743691836643
48.82195489903275,-113.97071373686022,2021,15,207,3,5.928550143214419
48.8708967938618,-113.5975893477652,2000,31,237,4,5.123080734108857
48.9186630562086,-113.22346954606284,1406,20,12,16,5.623264340182601
48.96524583550461,-112.8483753166088,1303,3,27,6,7.545104852168523
46.04949651815931,-70.26957247104245,563,9,84,3,6.451747248958747
45.96090281027644,-69.94946180365831,461,3,109,-6,7.545104852168523
45.871547916060535,-69.63085308283934,320,2,144,1,7.941743691836643
45.781442780276286,-69.31375022887632,325,5,313,-3,7.040188830991998
45.69059834339395,-68.9981568297661,239,10,231,2,6.345071884011764
45.599025538763335,-68.68407614669874,122,7,82,3,6.70452216925573
45.50673528984873,-68.37151111960834,88,2,235,-9,7.941743691836643
45.41373850752535,-68.06046437277989,255,2,145,-2,7.941743691836643
45.320046087437305,-67.75093822050582,105,1,180,4,8.607715418818213
45.22566890741727,-67.442934672785,61,2,305,-4,7.941743691836643
45.130617824968006,-67.136455441058,0,0,0,0,11.522875795823397
47.241202496590645,-124.0574649832734,101,2,124,3,7.941743691836643
47.31998897420274,-123.71789382829044,350,5,196,-34,7.040188830991998
47.39786211673908,-123.3768878005709,759,34,201,-13,5.007651158298087
47.55082526751339,-122.69060871356314,107,2,124,3,7.941743691836643
47.70000617663979,-121.9987070388366,11,2,124,2,7.941743691836643
47.77315171936495,-121.65067434752564,805,25,304,-26,5.376102417024408
47.84531993492857,-121.30126879532598,558,11,284,9,6.248120224858334
47.91650036494664,-120.9505021971951,1645,33,100,-2,5.045514080099346
47.98668262065952,-120.59838679784764,1080,29,18,-7,5.203575778621866
48.05585638694559,-120.2449352738204,1223,12,262,14,6.159167458950843
48.12401142636472,-119.89016073527044,623,9,153,13,6.451747248958747
48.19113758322983,-119.53407672749798,707,4,135,5,7.261413878822431
48.25722478770279,-119.1766972321858,939,13,186,-11,6.076901183003046
48.322263059912736,-118.81803666834652,1006,18,176,4,5.73642582948546
48.38624251409293,-118.45810989297009,1197,19,172,7,5.67858487499791
48.44915336273404,-118.09693220136391,875,11,323,-12,6.248120224858334
48.51098592074983,-117.73451932717738,750,1,180,-4,8.607715418818213
48.571730609652775,-117.37088744210432,888,10,101,19,6.345071884011764
48.63137796173561,-117.00605315525624,896,3,252,1,7.545104852168523
48.68991862425596,-116.64003351219976,1977,15,153,26,5.928550143214419
48.74734336362021,-116.27284599365191,723,4,258,4,7.261413878822431
48.803643069563,-115.90450851382778,873,2,180,15,7.941743691836643
48.858808759319054,-115.53503941843488,1450,21,237,16,5.5701918233974546
48.91283158178325,-115.16445748230927,781,11,245,-6,6.248120224858334
48.96570282165518,-114.7927819066892,2064,26,45,48,5.331277149398757
46.27276794037919,-70.14213525195063,415,2,125,3,7.941743691836643
46.18348627568139,-69.82112721653701,486,3,206,-11,7.545104852168523
46.09343975128223,-69.50164131499372,334,2,125,-3,7.941743691836643
46.00263943902848,-69.1836813596762,350,4,270,-2,7.261413878822431
45.91109640520036,-68.8672508250494,592,11,109,-5,6.248120224858334
45.81882170765319,-68.55235285338676,115,4,90,-2,7.261413878822431
45.72582639302195,-68.23899026053148,163,1,90,-3,8.607715418818213
45.6321214939891,-67.92716554171224,135,2,305,2,7.941743691836643
45.537718026615984,-67.61688087740664,154,3,25,-2,7.545104852168523
47.471852789388464,-124.1745442006614,129,4,315,13,7.261413878822431
47.551274994680746,-123.83380790011252,552,14,307,3,6.000299329861114
47.62977837423286,-123.49161532961342,1435,59,115,63,4.105567263649353
47.70735199137309,-123.14797577624944,1104,42,124,16,4.719199989486241
47.93438561117518,-122.10847443144176,49,7,98,-7,6.70452216925573
48.008131785204576,-121.75914829769276,393,15,196,10,5.928550143214419
48.08089427756146,-121.40842800652906,820,36,108,1,4.933452268831491
48.15266248477936,-121.05632542363516,1658,24,338,0,5.422256431435354
48.2234258728996,-120.70285285463652,1647,8,103,5,6.570477324756705
48.293173981564266,-120.34802304733242,1918,16,48,-28,5.860997933550507
48.36189642814123,-119.9918491936553,909,20,15,-11,5.623264340182601
48.42958291187851,-119.63434493134687,472,12,293,4,6.159167458950843
48.49622321808542,-119.27552434534314,959,3,333,10,7.545104852168523
48.56180722233697,-118.91540196885867,1191,21,105,-6,5.5701918233974546
48.626324894699344,-118.55399278416245,1275,6,270,5,6.858642093395692
48.68976630397267,-118.19131222303658,983,22,323,-44,5.519132026132706
48.75212162194798,-117.82737616691035,876,12,0,-9,6.159167458950843
48.81338112767538,-117.4622009466616,1291,24,190,14,5.422256431435354
48.87353521173957,-117.0958033420782,1386,7,270,-2,6.70452216925573
48.93257438053939,-116.72820058097304,1498,20,208,1,5.623264340182601
48.99048926056796,-116.35941033794528,1182,10,343,17,6.345071884011764
46.49575590195904,-70.01317999668284,362,1,180,2,8.607715418818213
46.405781595612574,-69.69127043828989,417,3,26,5,7.545104852168523
46.31503878392317,-69.3709035446053,298,2,180,-6,7.941743691836643
46.22353866732836,-69.05208301441841,273,1,90,-1,8.607715418818213
46.131292439378704,-68.73481220296192,250,3,90,1,7.545104852168523
46.03831128384714,-68.41909412783038,196,3,235,1,7.545104852168523
45.94460637190326,-68.10493147495897,142,1,90,-5,8.607715418818213
45.85018885935277,-67.79232660465551,151,2,305,1,7.941743691836643
47.702271285315966,-124.29308862655004,196,24,129,13,5.422256431435354
47.78233417057599,-123.95117831146229,380,31,320,-13,5.123080734108857
47.86147274301406,-123.60778991174618,1229,10,188,12,6.345071884011764
47.93967592091928,-123.26293270409067,1251,15,180,13,5.928550143214419
48.01693266774885,-122.91661639576247,547,19,106,3,5.67858487499791
48.16856297140828,-122.21964748215775,46,4,180,-10,7.261413878822431
48.24291471649635,-121.86901647818893,595,42,12,-2,4.719199989486241
48.31627641509429,-121.51696958279328,167,12,138,0,6.159167458950843
48.388637316205816,-121.16351870988328,1985,33,153,23,5.045514080099346
48.45998673819208,-120.80867622376084,883,18,23,20,5.73642582948546
48.530314072945664,-120.45245494152717,1966,17,9,-9,5.7971052477000855
48.59960879009879,-120.09486813521212,1150,25,171,-10,5.376102417024408
48.6678604412626,-119.7359295336128,1514,19,321,-21,5.67858487499791
48.73505866429512,-119.37565332383244,521,10,137,0,6.345071884011764
48.80119318759441,-119.01405415251052,1286,6,14,2,6.858642093395692
48.86625383441429,-118.65114712673484,831,12,315,4,6.159167458950843
48.93023052719895,-118.28694781462713,1033,21,214,12,5.5701918233974546
48.99311329193372,-117.92147224559388,910,33,277,13,5.045514080099346
46.718456021280126,-69.8826860657036,364,2,36,-1,7.941743691836643
46.6277843340635,-69.55987093709781,364,3,206,0,7.545104852168523
46.53634052479748,-69.23861935345789,344,3,26,-5,7.545104852168523
46.44413592403367,-68.91893489415551,467,10,296,-4,6.345071884011764
46.351181854066375,-68.60082078927151,300,3,180,-3,7.545104852168523
46.25748962600986,-68.28427992574129,306,0,0,1,11.522875795823396
46.16307053694239,-67.96931485355913,243,1,180,3,8.607715418818213
47.9324542335542,-124.4131200576469,71,4,270,18,7.261413878822431
48.01316281960812,-124.07002687852552,760,19,220,-20,5.67858487499791
48.09294161023156,-123.72543337358714,285,24,139,-27,5.422256431435354
48.402534930299126,-122.33224796463954,6,2,304,-4,7.941743691836643
48.47749725945828,-121.98030062473713,1064,20,239,-8,5.623264340182601
48.55146316763158,-121.62691521164416,664,28,315,7,5.2451216767435955
48.62442175379589,-121.27210368481823,1779,25,331,-4,5.376102417024408
48.69636218609949,-120.91587846482584,1130,27,349,-28,5.287654659051184
48.76727370611912,-120.5582524359395,1649,31,323,12,5.123080734108857
48.83714563315289,-120.19923894844618,1849,33,257,14,5.045514080099346
48.90596736854668,-119.83885182065792,1511,7,90,3,6.70452216925573
48.97372840005077,-119.47710534061378,590,7,156,8,6.70452216925573
46.940863833750754,-69.75063246426862,338,2,124,2,7.941743691836643
46.84948997162159,-69.4269078317095,320,7,216,-1,6.70452216925573
46.75734040091902,-69.10476797975589,457,6,319,3,6.858642093395692
46.66442658384614,-68.78421636228174,305,2,236,-6,7.941743691836643
46.570759972927135,-68.46525607806905,229,3,206,-3,7.545104852168523
46.47635200805252,-68.14788987718862,267,2,305,-6,7.941743691836643
46.38121411359304,-67.83212016743735,162,3,289,-1,7.545104852168523
48.16239780623475,-124.53466071289796,58,5,236,1,7.040188830991998
48.24375718337984,-124.190375844032,70,37,53,14,4.897002021379538
48.71187609059268,-122.09302292085567,629,19,308,7,5.67858487499791
48.78645128675716,-121.73828703108732,1139,20,54,10,5.623264340182601
48.86001262482794,-121.38210243021194,1840,34,43,-97,5.007651158298087
48.93254912015534,-121.0244815924622,1464,22,301,-12,5.519132026132706
47.07089390358749,-69.29235988547904,291,18,149,3,5.73642582948546
46.97803375362981,-68.96932831239072,434,4,316,6,7.261413878822431
46.8844059354502,-68.64790643902639,287,1,180,-1,8.607715418818213
46.790022033301234,-68.32809722648732,237,3,56,-6,7.545104852168523
46.694893617295314,-68.00990328154097,151,1,270,-7,8.607715418818213
48.86984897963889,-122.56182055409354,7,6,49,8,6.858642093395692
48.94604781482452,-122.207206008386,243,28,338,22,5.2451216767435955
47.29199143804907,-69.15620550032854,488,7,98,-6,6.70452216925573
47.19841583668433,-68.83227888514017,165,1,180,-2,8.607715418818213
47.10406917960867,-68.50998379588864,289,2,216,-4,7.941743691836643
47.00896318431342,-68.18932304936901,179,1,180,-1,8.607715418818213
46.91310955258874,-67.87029910236555,217,3,109,-10,7.545104852168523
47.323411427214495,-68.37042675001574,213,5,211,2,7.040188830991998
47.227578484937794,-68.04891201388622,252,6,228,-8,6.858642093395692
